

// 'SONIC', 384x32px
const uint16_t SONIC [] PROGMEM = {
  0x067d, 0x067d, 0x067d, 0x067d, 0x067d, 0x067d, 0x067d, 0x067d, 0x52bf, 0x52bf, 0x9cdf, 0x52bf, 0x52bf, 0x52bf, 0x9cdf, 0x067d, 
  0x067d, 0x1093, 0x067d, 0x067d, 0x067d, 0x067d, 0x067d, 0x067d, 0x067d, 0x067d, 0x067d, 0x067d, 0x067d, 0x067d, 0x067d, 0x067d, 
  0x067d, 0x9cdf, 0x52bf, 0x52bf, 0x52bf, 0x52bf, 0x9cdf, 0x067d, 0x067d, 0x067d, 0x1093, 0x067d, 0x067d, 0x067d, 0x067d, 0x067d, 
  0x067d, 0x067d, 0x067d, 0x067d, 0x067d, 0x067d, 0x067d, 0x067d, 0x067d, 0x9cdf, 0x52bf, 0x52bf, 0x52bf, 0x52bf, 0x9cdf, 0x067d, 
  0x067d, 0x067d, 0x1093, 0x067d, 0x067d, 0x067d, 0x067d, 0x067d, 0x067d, 0x067d, 0x067d, 0x067d, 0x067d, 0x067d, 0x067d, 0x067d, 
  0x067d, 0x067d, 0x067d, 0x067d, 0x067d, 0x067d, 0x067d, 0x067d, 0x067d, 0x067d, 0x067d, 0x067d, 0x067d, 0x067d, 0x067d, 0x067d, 
  0x067d, 0x067d, 0x067d, 0x067d, 0x067d, 0x067d, 0x067d, 0x067d, 0x067d, 0x067d, 0x067d, 0x067d, 0x067d, 0x067d, 0x067d, 0x067d, 
  0x067d, 0x067d, 0x067d, 0x067d, 0x067d, 0x067d, 0x067d, 0x067d, 0x067d, 0x067d, 0x067d, 0x067d, 0x067d, 0x067d, 0x067d, 0x067d, 
  0x067d, 0x067d, 0x067d, 0x067d, 0x067d, 0x067d, 0x067d, 0x067d, 0x067d, 0x067d, 0x067d, 0x067d, 0x067d, 0x067d, 0x067d, 0x067d, 
  0x067d, 0x067d, 0x067d, 0x067d, 0x067d, 0x067d, 0x067d, 0x067d, 0x067d, 0x067d, 0x067d, 0x067d, 0x067d, 0x067d, 0x067d, 0x067d, 
  0x067d, 0x067d, 0x067d, 0x067d, 0x067d, 0x067d, 0x067d, 0x067d, 0x067d, 0x067d, 0x067d, 0x067d, 0x067d, 0x067d, 0x067d, 0x067d, 
  0x067d, 0x067d, 0x067d, 0x067d, 0x067d, 0x067d, 0x067d, 0x067d, 0x067d, 0x067d, 0x067d, 0x067d, 0x067d, 0x067d, 0x067d, 0x067d, 
  0x067d, 0x067d, 0x067d, 0x067d, 0x067d, 0x067d, 0x067d, 0x067d, 0x067d, 0x067d, 0x067d, 0x067d, 0x067d, 0x067d, 0x067d, 0x067d, 
  0x067d, 0x067d, 0x067d, 0x067d, 0x067d, 0x067d, 0x067d, 0x067d, 0x067d, 0x067d, 0x067d, 0x067d, 0x067d, 0x067d, 0x067d, 0x52bf, 
  0x52bf, 0x067d, 0x067d, 0x52bf, 0x52bf, 0x52bf, 0x067d, 0x067d, 0x52bf, 0x52bf, 0x067d, 0x067d, 0x067d, 0x067d, 0x067d, 0x067d, 
  0x067d, 0x067d, 0x067d, 0x067d, 0x067d, 0x067d, 0x067d, 0x067d, 0x067d, 0x067d, 0x067d, 0x067d, 0x067d, 0x067d, 0x067d, 0x067d, 
  0x067d, 0x067d, 0x067d, 0x067d, 0x067d, 0x067d, 0x067d, 0x067d, 0x067d, 0x067d, 0x067d, 0x067d, 0x067d, 0x067d, 0x067d, 0x067d, 
  0x067d, 0x067d, 0x067d, 0x067d, 0x067d, 0x067d, 0x067d, 0x067d, 0x067d, 0x067d, 0x067d, 0x067d, 0x067d, 0x067d, 0x067d, 0x067d, 
  0x067d, 0x067d, 0x067d, 0x067d, 0x067d, 0x067d, 0x067d, 0x067d, 0x067d, 0x067d, 0x067d, 0x067d, 0x067d, 0x067d, 0x067d, 0x067d, 
  0x067d, 0x067d, 0x067d, 0x067d, 0x067d, 0x067d, 0x067d, 0x067d, 0x067d, 0x067d, 0x067d, 0x067d, 0x067d, 0x067d, 0x067d, 0x067d, 
  0x067d, 0x067d, 0x067d, 0x067d, 0x067d, 0x067d, 0x067d, 0x067d, 0x067d, 0x067d, 0x067d, 0x067d, 0x067d, 0x067d, 0x067d, 0x067d, 
  0x067d, 0x067d, 0x067d, 0x067d, 0x067d, 0x067d, 0x067d, 0x067d, 0x067d, 0x067d, 0x067d, 0x067d, 0x067d, 0x067d, 0x067d, 0x067d, 
  0x067d, 0x067d, 0x067d, 0x067d, 0x067d, 0x067d, 0x067d, 0x067d, 0x067d, 0x067d, 0x067d, 0x067d, 0x067d, 0x067d, 0x1093, 0x1093, 
  0x1093, 0x1093, 0x1093, 0x067d, 0x067d, 0x067d, 0x067d, 0x067d, 0x067d, 0x067d, 0x067d, 0x067d, 0x067d, 0x067d, 0x067d, 0x067d, 
  0x067d, 0x067d, 0x067d, 0x067d, 0x067d, 0x067d, 0x52bf, 0x52bf, 0x1093, 0x1093, 0xfd4c, 0x9cdf, 0x1093, 0x52bf, 0x52bf, 0x52bf, 
  0x1093, 0x1093, 0x067d, 0x067d, 0x067d, 0x067d, 0x067d, 0x067d, 0x067d, 0x067d, 0x067d, 0x067d, 0x067d, 0x067d, 0x067d, 0x52bf, 
  0x52bf, 0xfd4c, 0x9cdf, 0x52bf, 0x52bf, 0x52bf, 0x52bf, 0x52bf, 0x9cdf, 0x1093, 0x1093, 0x067d, 0x067d, 0x067d, 0x067d, 0x067d, 
  0x067d, 0x067d, 0x067d, 0x067d, 0x067d, 0x067d, 0x067d, 0x52bf, 0x52bf, 0xfd4c, 0x9cdf, 0x52bf, 0x52bf, 0x52bf, 0x52bf, 0x52bf, 
  0x9cdf, 0x1093, 0x1093, 0x067d, 0x067d, 0x067d, 0x067d, 0x067d, 0x067d, 0x067d, 0x067d, 0x067d, 0x067d, 0x067d, 0x067d, 0x067d, 
  0x067d, 0x067d, 0x067d, 0x067d, 0x067d, 0x067d, 0x067d, 0x067d, 0x067d, 0x067d, 0x067d, 0x067d, 0x067d, 0x067d, 0x067d, 0x067d, 
  0x067d, 0x067d, 0x067d, 0x067d, 0x067d, 0x067d, 0x067d, 0x067d, 0x067d, 0x067d, 0x067d, 0x067d, 0x067d, 0x067d, 0x067d, 0x067d, 
  0x067d, 0x067d, 0x067d, 0x067d, 0x067d, 0x067d, 0x067d, 0x067d, 0x067d, 0x067d, 0x067d, 0x067d, 0x067d, 0x067d, 0x067d, 0x067d, 
  0x067d, 0x067d, 0x067d, 0x067d, 0x067d, 0x067d, 0x067d, 0x067d, 0x067d, 0x067d, 0x067d, 0x067d, 0x067d, 0x067d, 0x067d, 0x067d, 
  0x067d, 0x067d, 0x067d, 0x067d, 0x067d, 0x067d, 0x067d, 0x067d, 0x067d, 0x067d, 0x067d, 0x067d, 0x067d, 0x067d, 0x067d, 0x067d, 
  0x067d, 0x067d, 0x067d, 0x067d, 0x067d, 0x067d, 0x067d, 0x067d, 0x067d, 0x067d, 0x067d, 0x067d, 0x067d, 0x067d, 0x067d, 0x067d, 
  0x067d, 0x067d, 0x067d, 0x067d, 0x067d, 0x067d, 0x067d, 0x067d, 0x067d, 0x067d, 0x067d, 0x067d, 0x067d, 0x067d, 0x067d, 0x067d, 
  0x067d, 0x067d, 0x067d, 0x067d, 0x067d, 0x067d, 0x067d, 0x067d, 0x067d, 0x067d, 0x067d, 0x067d, 0x067d, 0x067d, 0x067d, 0x067d, 
  0x067d, 0x067d, 0x067d, 0x067d, 0x067d, 0x067d, 0x067d, 0x067d, 0x067d, 0x067d, 0x067d, 0x067d, 0x067d, 0x067d, 0x067d, 0x1093, 
  0xfd4c, 0x1093, 0x52bf, 0x52bf, 0x9cdf, 0x52bf, 0x52bf, 0x1093, 0xfd4c, 0x1093, 0x067d, 0x067d, 0x067d, 0x067d, 0x067d, 0x067d, 
  0x067d, 0x067d, 0x067d, 0x067d, 0x067d, 0x067d, 0x067d, 0x067d, 0x067d, 0x067d, 0x067d, 0x067d, 0x067d, 0x067d, 0x067d, 0x067d, 
  0x067d, 0x067d, 0x067d, 0x067d, 0x067d, 0x067d, 0x067d, 0x067d, 0x067d, 0x067d, 0x067d, 0x067d, 0x067d, 0x067d, 0x067d, 0x067d, 
  0x067d, 0x067d, 0x067d, 0x067d, 0x067d, 0x067d, 0x067d, 0x067d, 0x067d, 0x067d, 0x067d, 0x067d, 0x067d, 0x067d, 0x067d, 0x067d, 
  0x067d, 0x067d, 0x067d, 0x067d, 0x067d, 0x067d, 0x067d, 0x067d, 0x067d, 0x067d, 0x067d, 0x067d, 0x067d, 0x067d, 0x067d, 0x067d, 
  0x067d, 0x067d, 0x067d, 0x067d, 0x067d, 0x067d, 0x067d, 0x067d, 0x067d, 0x067d, 0x067d, 0x067d, 0x067d, 0x067d, 0x067d, 0x067d, 
  0x067d, 0x067d, 0x067d, 0x067d, 0x067d, 0x067d, 0x067d, 0x067d, 0x067d, 0x067d, 0x067d, 0x067d, 0x067d, 0x067d, 0x067d, 0x067d, 
  0x067d, 0x067d, 0x067d, 0x067d, 0x067d, 0x067d, 0x067d, 0x067d, 0x067d, 0x067d, 0x067d, 0x067d, 0x067d, 0x067d, 0x067d, 0x067d, 
  0x067d, 0x067d, 0x067d, 0x067d, 0x067d, 0x067d, 0x067d, 0x067d, 0x067d, 0x067d, 0x067d, 0x067d, 0x067d, 0x6b7f, 0x6b7f, 0x52bf, 
  0x52bf, 0x52bf, 0x6b7f, 0x1093, 0x1093, 0x1093, 0x1093, 0x6b7f, 0x067d, 0x067d, 0x067d, 0x067d, 0x067d, 0x067d, 0x067d, 0x067d, 
  0x067d, 0x067d, 0x067d, 0x067d, 0x067d, 0x52bf, 0x1093, 0x1093, 0x0000, 0x1093, 0xfd4c, 0xec46, 0x9cdf, 0x52bf, 0x52bf, 0x52bf, 
  0x52bf, 0x9cdf, 0x067d, 0x067d, 0x067d, 0x067d, 0x067d, 0x067d, 0x067d, 0x067d, 0x067d, 0x067d, 0x067d, 0x067d, 0x52bf, 0x1093, 
  0x1093, 0xfd4c, 0xfd4c, 0x9cdf, 0x52bf, 0x52bf, 0x52bf, 0x9cdf, 0x52bf, 0x52bf, 0x1093, 0x067d, 0x067d, 0x067d, 0x067d, 0x067d, 
  0x067d, 0x067d, 0x067d, 0x067d, 0x067d, 0x067d, 0x52bf, 0x1093, 0x1093, 0xfd4c, 0xfd4c, 0x9cdf, 0x52bf, 0x52bf, 0x52bf, 0x9cdf, 
  0x52bf, 0x52bf, 0x1093, 0x067d, 0x067d, 0x067d, 0x067d, 0x067d, 0x067d, 0x067d, 0x067d, 0x067d, 0x067d, 0x067d, 0x067d, 0x067d, 
  0x067d, 0x52bf, 0x52bf, 0x9cdf, 0x52bf, 0x52bf, 0x52bf, 0x9cdf, 0x067d, 0x067d, 0x1093, 0x067d, 0x067d, 0x067d, 0x067d, 0x067d, 
  0x067d, 0x067d, 0x067d, 0x067d, 0x067d, 0x067d, 0x067d, 0x067d, 0x067d, 0x067d, 0x067d, 0x067d, 0x067d, 0x067d, 0x067d, 0x067d, 
  0x067d, 0x067d, 0x067d, 0x067d, 0x067d, 0x067d, 0x067d, 0x067d, 0x067d, 0x067d, 0x067d, 0x067d, 0x067d, 0x067d, 0x067d, 0x067d, 
  0x067d, 0x067d, 0x067d, 0x067d, 0x067d, 0x067d, 0x067d, 0x067d, 0x067d, 0x067d, 0x067d, 0x067d, 0x067d, 0x067d, 0x067d, 0x067d, 
  0x067d, 0x067d, 0x067d, 0x067d, 0x067d, 0x067d, 0x067d, 0x067d, 0x067d, 0x067d, 0x067d, 0x067d, 0x067d, 0x067d, 0x067d, 0x067d, 
  0x067d, 0x067d, 0x067d, 0x067d, 0x067d, 0x067d, 0x067d, 0x067d, 0x067d, 0x067d, 0x067d, 0x067d, 0x067d, 0x067d, 0x067d, 0x067d, 
  0x067d, 0x067d, 0x067d, 0x067d, 0x067d, 0x067d, 0x067d, 0x067d, 0x067d, 0x067d, 0x067d, 0x067d, 0x067d, 0x067d, 0x067d, 0x067d, 
  0x067d, 0x067d, 0x067d, 0x067d, 0x067d, 0x067d, 0x067d, 0x067d, 0x067d, 0x067d, 0x067d, 0x067d, 0x067d, 0x067d, 0x067d, 0x067d, 
  0x067d, 0x067d, 0x067d, 0x067d, 0x067d, 0x067d, 0x067d, 0x067d, 0x067d, 0x067d, 0x067d, 0x067d, 0x067d, 0x067d, 0x067d, 0x9aa2, 
  0xec46, 0x52bf, 0x52bf, 0x9cdf, 0xffff, 0x9cdf, 0x52bf, 0x52bf, 0xec46, 0x9aa2, 0x067d, 0x067d, 0x067d, 0x067d, 0x067d, 0x067d, 
  0x067d, 0x067d, 0x067d, 0x067d, 0x067d, 0x067d, 0x067d, 0x067d, 0x067d, 0x067d, 0x067d, 0x067d, 0x067d, 0x067d, 0x067d, 0x067d, 
  0x067d, 0x067d, 0x067d, 0x067d, 0x067d, 0x067d, 0x067d, 0x067d, 0x067d, 0x067d, 0x067d, 0x067d, 0x067d, 0x067d, 0x067d, 0x067d, 
  0x067d, 0x067d, 0x067d, 0x067d, 0x067d, 0x067d, 0x067d, 0x067d, 0x067d, 0x067d, 0x067d, 0x067d, 0x067d, 0x067d, 0x067d, 0x067d, 
  0x067d, 0x067d, 0x067d, 0x067d, 0x067d, 0x067d, 0x067d, 0x067d, 0x067d, 0x067d, 0x067d, 0x067d, 0x067d, 0x067d, 0x067d, 0x067d, 
  0x067d, 0x067d, 0x067d, 0x067d, 0x067d, 0x067d, 0x067d, 0x067d, 0x067d, 0x067d, 0x067d, 0x067d, 0x067d, 0x067d, 0x067d, 0x067d, 
  0x067d, 0x067d, 0x067d, 0x067d, 0x067d, 0x067d, 0x067d, 0x067d, 0x067d, 0x067d, 0x067d, 0x067d, 0x067d, 0x067d, 0x067d, 0x067d, 
  0x067d, 0x067d, 0x067d, 0x067d, 0x067d, 0x067d, 0x067d, 0x067d, 0x067d, 0x067d, 0x067d, 0x067d, 0x067d, 0x067d, 0x067d, 0x067d, 
  0x067d, 0x067d, 0x067d, 0x067d, 0x067d, 0x067d, 0x067d, 0x067d, 0x067d, 0x067d, 0x067d, 0x067d, 0x067d, 0x067d, 0x1093, 0x1093, 
  0x1093, 0x52bf, 0x52bf, 0x52bf, 0x52bf, 0x52bf, 0x52bf, 0x6b7f, 0x6b7f, 0x6b7f, 0x067d, 0x067d, 0x067d, 0x067d, 0x067d, 0x067d, 
  0x067d, 0x067d, 0x067d, 0x067d, 0x52bf, 0x1093, 0x1093, 0x1093, 0x52bf, 0x1093, 0x9aa2, 0x1093, 0x1093, 0x52bf, 0x52bf, 0x52bf, 
  0x9cdf, 0xffff, 0x9cdf, 0x067d, 0x067d, 0x067d, 0x067d, 0x067d, 0x067d, 0x067d, 0x067d, 0x067d, 0x067d, 0x52bf, 0x1093, 0x1093, 
  0x0000, 0x9aa2, 0x1093, 0x1093, 0x52bf, 0x52bf, 0x9cdf, 0xffff, 0x9cdf, 0x52bf, 0x9cdf, 0x067d, 0x067d, 0x067d, 0x067d, 0x067d, 
  0x067d, 0x067d, 0x067d, 0x067d, 0x067d, 0x52bf, 0x1093, 0x1093, 0x0000, 0x9aa2, 0x1093, 0x1093, 0x52bf, 0x52bf, 0x9cdf, 0xffff, 
  0x9cdf, 0x52bf, 0x9cdf, 0x067d, 0x067d, 0x067d, 0x067d, 0x067d, 0x067d, 0x067d, 0x067d, 0x067d, 0x067d, 0x067d, 0x067d, 0x52bf, 
  0x52bf, 0x1093, 0x1093, 0xfd4c, 0x9cdf, 0x1093, 0x52bf, 0x52bf, 0x52bf, 0x1093, 0x1093, 0x067d, 0x067d, 0x067d, 0x067d, 0x067d, 
  0x067d, 0x067d, 0x067d, 0x067d, 0x067d, 0x067d, 0x067d, 0x067d, 0x067d, 0x067d, 0x067d, 0x067d, 0x067d, 0x067d, 0x067d, 0x067d, 
  0x067d, 0x067d, 0x067d, 0x067d, 0x067d, 0x067d, 0x067d, 0x067d, 0x067d, 0x067d, 0x067d, 0x067d, 0x067d, 0x067d, 0x067d, 0x067d, 
  0x067d, 0x067d, 0x067d, 0x067d, 0x067d, 0x067d, 0x067d, 0x067d, 0x067d, 0x067d, 0x067d, 0x067d, 0x067d, 0x067d, 0x067d, 0x067d, 
  0x067d, 0x067d, 0x067d, 0x067d, 0x067d, 0x067d, 0x067d, 0x067d, 0x067d, 0x067d, 0x067d, 0x067d, 0x067d, 0x067d, 0x067d, 0x067d, 
  0x067d, 0x067d, 0x067d, 0x067d, 0x067d, 0x067d, 0x067d, 0x067d, 0x067d, 0x067d, 0x067d, 0x067d, 0x067d, 0x067d, 0x067d, 0x067d, 
  0x067d, 0x067d, 0x067d, 0x067d, 0x067d, 0x067d, 0x067d, 0x067d, 0x067d, 0x067d, 0x067d, 0x067d, 0x067d, 0x067d, 0x067d, 0x067d, 
  0x067d, 0x067d, 0x067d, 0x067d, 0x067d, 0x067d, 0x067d, 0x067d, 0x067d, 0x067d, 0x067d, 0x067d, 0x067d, 0x067d, 0x067d, 0x067d, 
  0x067d, 0x067d, 0x067d, 0x067d, 0x067d, 0x067d, 0x067d, 0x067d, 0x067d, 0x067d, 0x067d, 0x067d, 0x9cd3, 0x52aa, 0x067d, 0x1093, 
  0x52bf, 0x52bf, 0x52bf, 0x52bf, 0x9cdf, 0x52bf, 0x52bf, 0x52bf, 0x52bf, 0x1093, 0x067d, 0x52aa, 0x9cd3, 0x067d, 0x067d, 0x067d, 
  0x067d, 0x067d, 0x067d, 0x067d, 0x067d, 0x067d, 0x067d, 0x067d, 0x067d, 0x067d, 0x067d, 0x067d, 0x067d, 0x067d, 0x067d, 0x067d, 
  0x067d, 0x067d, 0x067d, 0x067d, 0x067d, 0x067d, 0x067d, 0x067d, 0x067d, 0x067d, 0x067d, 0x067d, 0x067d, 0x067d, 0x067d, 0x067d, 
  0x067d, 0x067d, 0x067d, 0x067d, 0x067d, 0x067d, 0x067d, 0x067d, 0x067d, 0x067d, 0x067d, 0x067d, 0x067d, 0x067d, 0x067d, 0x067d, 
  0x067d, 0x067d, 0x067d, 0x067d, 0x067d, 0x067d, 0x067d, 0x067d, 0x067d, 0x067d, 0x067d, 0x067d, 0x067d, 0x067d, 0x067d, 0x067d, 
  0x067d, 0x067d, 0x067d, 0x067d, 0x067d, 0x067d, 0x067d, 0x067d, 0x067d, 0x067d, 0x067d, 0x067d, 0x067d, 0x067d, 0x067d, 0x067d, 
  0x067d, 0x067d, 0x067d, 0x067d, 0x067d, 0x067d, 0x067d, 0x067d, 0x067d, 0x067d, 0x067d, 0x067d, 0x067d, 0x067d, 0x067d, 0x067d, 
  0x067d, 0x067d, 0x067d, 0x067d, 0x067d, 0x067d, 0x067d, 0x067d, 0x067d, 0x067d, 0x067d, 0x067d, 0x067d, 0x067d, 0x067d, 0x067d, 
  0x067d, 0x067d, 0x067d, 0x067d, 0x067d, 0x067d, 0x067d, 0x067d, 0x067d, 0x067d, 0x067d, 0x067d, 0x067d, 0x067d, 0x067d, 0x1093, 
  0x1093, 0x1093, 0x52bf, 0x52bf, 0x52bf, 0x52bf, 0x1093, 0x1093, 0x1093, 0x6b7f, 0x6b7f, 0x0000, 0x067d, 0x067d, 0x067d, 0x067d, 
  0x067d, 0x067d, 0x067d, 0x067d, 0x067d, 0x067d, 0x52bf, 0x52bf, 0x1093, 0x1093, 0x1093, 0x1093, 0x52bf, 0x52bf, 0x52bf, 0x52bf, 
  0x52bf, 0x9cdf, 0x52bf, 0x9cdf, 0x067d, 0x067d, 0x067d, 0x067d, 0x067d, 0x067d, 0x067d, 0x067d, 0x067d, 0x067d, 0x067d, 0x52bf, 
  0x1093, 0x1093, 0x1093, 0x52bf, 0x52bf, 0x52bf, 0x52bf, 0x9cdf, 0x52bf, 0x52bf, 0x52bf, 0x067d, 0x067d, 0x067d, 0x067d, 0x067d, 
  0x067d, 0x067d, 0x067d, 0x067d, 0x067d, 0x067d, 0x067d, 0x52bf, 0x1093, 0x1093, 0x1093, 0x52bf, 0x1093, 0x1093, 0x52bf, 0x9cdf, 
  0x52bf, 0x52bf, 0x1093, 0x52bf, 0x067d, 0x067d, 0x067d, 0x067d, 0x067d, 0x067d, 0x067d, 0x067d, 0x067d, 0x067d, 0x52bf, 0x1093, 
  0x1093, 0x0000, 0x1093, 0xfd4c, 0xec46, 0x9cdf, 0x52bf, 0x52bf, 0x52bf, 0x52bf, 0x9cdf, 0x067d, 0x067d, 0x067d, 0x067d, 0x067d, 
  0x067d, 0x067d, 0x067d, 0x067d, 0x067d, 0x067d, 0x067d, 0x067d, 0x067d, 0x52bf, 0x52bf, 0x9cdf, 0x52bf, 0x52bf, 0x52bf, 0x9cdf, 
  0x067d, 0x067d, 0x1093, 0x067d, 0x067d, 0x067d, 0x067d, 0x067d, 0x067d, 0x067d, 0x067d, 0x067d, 0x067d, 0x067d, 0x067d, 0x067d, 
  0x067d, 0x067d, 0x067d, 0x067d, 0x52bf, 0x52bf, 0x9cdf, 0x52bf, 0x52bf, 0x52bf, 0x9cdf, 0x067d, 0x067d, 0x1093, 0x067d, 0x067d, 
  0x067d, 0x067d, 0x067d, 0x067d, 0x067d, 0x067d, 0x067d, 0x067d, 0x067d, 0x067d, 0x067d, 0x067d, 0x067d, 0x067d, 0x067d, 0x067d, 
  0x067d, 0x067d, 0x067d, 0x067d, 0x067d, 0x067d, 0x067d, 0x067d, 0x067d, 0x067d, 0x067d, 0x067d, 0x067d, 0x067d, 0x067d, 0x067d, 
  0x067d, 0x067d, 0x067d, 0x067d, 0x52bf, 0x52bf, 0x9cdf, 0x52bf, 0x52bf, 0x52bf, 0x9cdf, 0x067d, 0x067d, 0x1093, 0x067d, 0x067d, 
  0x067d, 0x067d, 0x067d, 0x067d, 0x067d, 0x067d, 0x067d, 0x067d, 0x067d, 0x067d, 0x067d, 0x067d, 0x067d, 0x067d, 0x067d, 0x067d, 
  0x067d, 0x067d, 0x067d, 0x067d, 0x067d, 0x067d, 0x067d, 0x067d, 0x067d, 0x067d, 0x52aa, 0x9cd3, 0xffff, 0x9cd3, 0x067d, 0x1093, 
  0x52bf, 0x1093, 0x1093, 0x52bf, 0x52bf, 0x52bf, 0x1093, 0x1093, 0x52bf, 0x1093, 0x067d, 0x9cd3, 0xffff, 0x9cd3, 0x52aa, 0x067d, 
  0x067d, 0x067d, 0x067d, 0x067d, 0x067d, 0x067d, 0x067d, 0x067d, 0x067d, 0x067d, 0x067d, 0x067d, 0x067d, 0x067d, 0x067d, 0x067d, 
  0x067d, 0x067d, 0x067d, 0x067d, 0x067d, 0x067d, 0x067d, 0x067d, 0x067d, 0x067d, 0x067d, 0x067d, 0x067d, 0x067d, 0x067d, 0x067d, 
  0x067d, 0x067d, 0x067d, 0x067d, 0x067d, 0x067d, 0x067d, 0x067d, 0x067d, 0x067d, 0x067d, 0x067d, 0x067d, 0x067d, 0x067d, 0x067d, 
  0x067d, 0x067d, 0x067d, 0x067d, 0x067d, 0x067d, 0x067d, 0x067d, 0x067d, 0x067d, 0x067d, 0x067d, 0x067d, 0x067d, 0x067d, 0x067d, 
  0x067d, 0x067d, 0x067d, 0x067d, 0x067d, 0x067d, 0x067d, 0x067d, 0x067d, 0x067d, 0x067d, 0x067d, 0x067d, 0x067d, 0x067d, 0x067d, 
  0x067d, 0x067d, 0x067d, 0x067d, 0x067d, 0x067d, 0x067d, 0x067d, 0x067d, 0x067d, 0x067d, 0x067d, 0x067d, 0x067d, 0x067d, 0x067d, 
  0x067d, 0x067d, 0x067d, 0x067d, 0x067d, 0x067d, 0x067d, 0x067d, 0x067d, 0x067d, 0x067d, 0x067d, 0x067d, 0x067d, 0x067d, 0x067d, 
  0x067d, 0x067d, 0x067d, 0x067d, 0x067d, 0x067d, 0x067d, 0x067d, 0x067d, 0x067d, 0x067d, 0x067d, 0x6b7f, 0x1093, 0x1093, 0x1093, 
  0x6b7f, 0x6b7f, 0x52bf, 0x52bf, 0x52bf, 0x1093, 0x1093, 0x1093, 0x1093, 0x1093, 0x1093, 0x6b7f, 0x0000, 0x067d, 0x067d, 0x067d, 
  0x067d, 0x067d, 0x067d, 0x067d, 0x067d, 0x52bf, 0x1093, 0x1093, 0x1093, 0x1093, 0x1093, 0x1093, 0x52bf, 0x52bf, 0x1093, 0x1093, 
  0x52bf, 0x52bf, 0x52bf, 0x52bf, 0x067d, 0x067d, 0x067d, 0x067d, 0x067d, 0x067d, 0x067d, 0x067d, 0x067d, 0x067d, 0x067d, 0x1093, 
  0x1093, 0x1093, 0x52bf, 0x52bf, 0x1093, 0x1093, 0x52bf, 0x52bf, 0x52bf, 0x52bf, 0x1093, 0x52bf, 0x067d, 0x067d, 0x067d, 0x067d, 
  0x067d, 0x067d, 0x067d, 0x067d, 0x067d, 0x067d, 0x067d, 0x1093, 0x1093, 0x1093, 0x52bf, 0x1093, 0x9cd3, 0x9cd3, 0x1093, 0x52bf, 
  0x52bf, 0x52bf, 0xffff, 0x1093, 0x067d, 0x067d, 0x067d, 0x067d, 0x067d, 0x067d, 0x067d, 0x067d, 0x067d, 0x52bf, 0x1093, 0x1093, 
  0x1093, 0x52bf, 0x1093, 0x9aa2, 0x1093, 0x1093, 0x52bf, 0x52bf, 0x52bf, 0x9cdf, 0xffff, 0x9cdf, 0x067d, 0x067d, 0x067d, 0x067d, 
  0x067d, 0x067d, 0x067d, 0x067d, 0x067d, 0x067d, 0x067d, 0x52bf, 0x52bf, 0x1093, 0x1093, 0xfd4c, 0x9cdf, 0x1093, 0x52bf, 0x52bf, 
  0x52bf, 0x1093, 0x1093, 0x067d, 0x067d, 0x067d, 0x067d, 0x067d, 0x067d, 0x067d, 0x067d, 0x067d, 0x067d, 0x067d, 0x067d, 0x067d, 
  0x067d, 0x067d, 0x52bf, 0x52bf, 0x1093, 0x1093, 0xfd4c, 0x9cdf, 0x1093, 0x52bf, 0x52bf, 0x52bf, 0x1093, 0x1093, 0x067d, 0x067d, 
  0x067d, 0x067d, 0x067d, 0x067d, 0x067d, 0x067d, 0x067d, 0x067d, 0x067d, 0x067d, 0x067d, 0x067d, 0x52bf, 0x52bf, 0x52bf, 0x52bf, 
  0x52bf, 0x52bf, 0x9cdf, 0x067d, 0x067d, 0x067d, 0x067d, 0x067d, 0x067d, 0x067d, 0x067d, 0x067d, 0x067d, 0x067d, 0x067d, 0x067d, 
  0x067d, 0x067d, 0x52bf, 0x52bf, 0x1093, 0x1093, 0xfd4c, 0x9cdf, 0x1093, 0x52bf, 0x52bf, 0x52bf, 0x1093, 0x1093, 0x067d, 0x067d, 
  0x067d, 0x067d, 0x067d, 0x067d, 0x067d, 0x067d, 0x067d, 0x067d, 0x067d, 0x067d, 0x067d, 0x067d, 0x52bf, 0x52bf, 0x52bf, 0x52bf, 
  0x52bf, 0x52bf, 0x9cdf, 0x067d, 0x067d, 0x067d, 0x067d, 0x067d, 0x067d, 0x52aa, 0xffff, 0x52aa, 0xffff, 0x9cd3, 0x1093, 0x52bf, 
  0x1093, 0x9cd3, 0x9cd3, 0x1093, 0x52bf, 0x1093, 0x9cd3, 0x9cd3, 0x1093, 0x52bf, 0x1093, 0x9cd3, 0xffff, 0x52aa, 0xffff, 0x52aa, 
  0x067d, 0x067d, 0x067d, 0x067d, 0x067d, 0x067d, 0x067d, 0x067d, 0x067d, 0x067d, 0x067d, 0x067d, 0x067d, 0x067d, 0x067d, 0x067d, 
  0x067d, 0x067d, 0x067d, 0x067d, 0x067d, 0x067d, 0x067d, 0x067d, 0x067d, 0x067d, 0x067d, 0x067d, 0x067d, 0x067d, 0x067d, 0x067d, 
  0x067d, 0x067d, 0x067d, 0x067d, 0x067d, 0x067d, 0x067d, 0x067d, 0x067d, 0x067d, 0x067d, 0x067d, 0x067d, 0x067d, 0x067d, 0x067d, 
  0x067d, 0x067d, 0x067d, 0x067d, 0x067d, 0x067d, 0x067d, 0x067d, 0x067d, 0x067d, 0x067d, 0x067d, 0x067d, 0x067d, 0x067d, 0x067d, 
  0x067d, 0x067d, 0x067d, 0x067d, 0x067d, 0x067d, 0x067d, 0x067d, 0x067d, 0x067d, 0x067d, 0x067d, 0x067d, 0x067d, 0x067d, 0x067d, 
  0x067d, 0x067d, 0x067d, 0x067d, 0x067d, 0x067d, 0x067d, 0x067d, 0x067d, 0x067d, 0x067d, 0x067d, 0x067d, 0x067d, 0x067d, 0x067d, 
  0x067d, 0x067d, 0x067d, 0x067d, 0x067d, 0x067d, 0x067d, 0x067d, 0x067d, 0x067d, 0x067d, 0x067d, 0x067d, 0x067d, 0x067d, 0x067d, 
  0x067d, 0x067d, 0x067d, 0x067d, 0x067d, 0x067d, 0x067d, 0x067d, 0x067d, 0x067d, 0x067d, 0x1093, 0x1093, 0x6b7f, 0xb369, 0xfdb2, 
  0xfdb2, 0xfdb2, 0x52bf, 0x52bf, 0x1093, 0x6b7f, 0xb5b6, 0xb5b6, 0x9492, 0x0000, 0x0000, 0x6b7f, 0x9492, 0xb5b6, 0x0000, 0x067d, 
  0x067d, 0x067d, 0x067d, 0x067d, 0x52bf, 0x1093, 0x1093, 0x1093, 0x1093, 0x1093, 0x1093, 0x52bf, 0x52bf, 0x1093, 0x9cd3, 0x9cd3, 
  0x1093, 0x52bf, 0x52bf, 0x1093, 0x067d, 0x067d, 0x067d, 0x067d, 0x067d, 0x067d, 0x067d, 0x067d, 0x067d, 0x067d, 0x52bf, 0x1093, 
  0x1093, 0x1093, 0x52bf, 0x1093, 0x9cd3, 0x9cd3, 0x1093, 0x52bf, 0x52bf, 0x52bf, 0xffff, 0x1093, 0x067d, 0x067d, 0x067d, 0x067d, 
  0x067d, 0x067d, 0x067d, 0x067d, 0x067d, 0x067d, 0x52bf, 0x1093, 0x1093, 0x1093, 0x52bf, 0x9cd3, 0xffff, 0xffff, 0x9cd3, 0x1093, 
  0x52bf, 0x52bf, 0xffff, 0x1093, 0x067d, 0x067d, 0x067d, 0x067d, 0x067d, 0x067d, 0x067d, 0x067d, 0x067d, 0x067d, 0x067d, 0x52bf, 
  0x52bf, 0x1093, 0x1093, 0x1093, 0x1093, 0x52bf, 0x52bf, 0x52bf, 0x52bf, 0x52bf, 0x9cdf, 0x52bf, 0x9cdf, 0x067d, 0x067d, 0x067d, 
  0x067d, 0x067d, 0x067d, 0x067d, 0x067d, 0x067d, 0x52bf, 0x1093, 0x1093, 0x0000, 0x1093, 0xfd4c, 0xec46, 0x9cdf, 0x52bf, 0x52bf, 
  0x52bf, 0x52bf, 0x9cdf, 0x067d, 0x067d, 0x067d, 0x067d, 0x067d, 0x067d, 0x067d, 0x067d, 0x067d, 0x067d, 0x067d, 0x067d, 0x067d, 
  0x52bf, 0x52bf, 0x1093, 0x1093, 0x0000, 0x1093, 0x9aa2, 0xec46, 0x9cdf, 0x52bf, 0x52bf, 0x52bf, 0x52bf, 0x9cdf, 0x067d, 0x067d, 
  0x067d, 0x067d, 0x067d, 0x067d, 0x067d, 0x067d, 0x067d, 0x067d, 0x067d, 0x067d, 0x52bf, 0x52bf, 0x1093, 0x1093, 0x9cdf, 0x9cdf, 
  0x1093, 0x52bf, 0x52bf, 0x52bf, 0x1093, 0x1093, 0x067d, 0x067d, 0x067d, 0x067d, 0x067d, 0x067d, 0x067d, 0x067d, 0x067d, 0x067d, 
  0x52bf, 0x52bf, 0x1093, 0x1093, 0x0000, 0x1093, 0x9aa2, 0xec46, 0x9cdf, 0x52bf, 0x52bf, 0x52bf, 0x52bf, 0x9cdf, 0x067d, 0x067d, 
  0x067d, 0x067d, 0x067d, 0x067d, 0x067d, 0x067d, 0x067d, 0x067d, 0x067d, 0x067d, 0x52bf, 0x52bf, 0x1093, 0x1093, 0x9cdf, 0x9cdf, 
  0x1093, 0x52bf, 0x52bf, 0x52bf, 0x1093, 0x1093, 0x067d, 0x067d, 0x067d, 0xffff, 0x52aa, 0x52aa, 0xffff, 0x9cd3, 0x1093, 0x52bf, 
  0x9cd3, 0xffff, 0xffff, 0x9cd3, 0x1093, 0x9cd3, 0xffff, 0xffff, 0x9cd3, 0x52bf, 0x1093, 0x9cd3, 0xffff, 0x52aa, 0x52aa, 0xffff, 
  0x067d, 0x067d, 0x067d, 0x067d, 0x067d, 0x067d, 0x067d, 0x067d, 0x067d, 0x067d, 0x067d, 0x067d, 0x067d, 0x067d, 0x067d, 0x067d, 
  0x067d, 0x067d, 0x067d, 0x067d, 0x067d, 0x067d, 0x067d, 0x067d, 0x067d, 0x067d, 0x067d, 0x067d, 0x067d, 0x067d, 0x067d, 0x067d, 
  0x067d, 0x067d, 0x067d, 0x067d, 0x067d, 0x067d, 0x067d, 0x067d, 0x067d, 0x067d, 0x067d, 0x067d, 0x067d, 0x067d, 0x067d, 0x067d, 
  0x067d, 0x067d, 0x067d, 0x067d, 0x067d, 0x067d, 0x067d, 0x067d, 0x067d, 0x067d, 0x067d, 0x067d, 0x067d, 0x067d, 0x067d, 0x067d, 
  0x067d, 0x067d, 0x067d, 0x067d, 0x067d, 0x067d, 0x067d, 0x067d, 0x067d, 0x067d, 0x067d, 0x067d, 0x067d, 0x067d, 0x067d, 0x067d, 
  0x067d, 0x067d, 0x067d, 0x067d, 0x067d, 0x067d, 0x067d, 0x067d, 0x067d, 0x067d, 0x067d, 0x067d, 0x067d, 0x067d, 0x067d, 0x067d, 
  0x067d, 0x067d, 0x067d, 0x067d, 0x067d, 0x067d, 0x067d, 0x067d, 0x067d, 0x067d, 0x067d, 0x067d, 0x067d, 0x067d, 0x067d, 0x067d, 
  0x067d, 0x067d, 0x067d, 0x067d, 0x067d, 0x067d, 0x067d, 0x067d, 0x067d, 0x067d, 0x6b7f, 0x1093, 0x1093, 0x0000, 0x6b7f, 0xb369, 
  0xb369, 0x52bf, 0x52bf, 0x52bf, 0x52bf, 0xb5b6, 0xffff, 0xffff, 0xffff, 0xb5b6, 0x0000, 0x0000, 0xfd4c, 0x0000, 0x9aa2, 0x067d, 
  0x067d, 0x067d, 0x067d, 0x067d, 0x1093, 0x1093, 0x1093, 0x1093, 0x0000, 0x1093, 0x1093, 0x52bf, 0x52bf, 0x9cd3, 0xffff, 0xffff, 
  0x0000, 0x1093, 0x52bf, 0x0000, 0x067d, 0x067d, 0x067d, 0x067d, 0x067d, 0x067d, 0x067d, 0x067d, 0x067d, 0x067d, 0x1093, 0x1093, 
  0x1093, 0x1093, 0x52bf, 0xffff, 0x0000, 0x0000, 0x9cd3, 0x1093, 0x52bf, 0x0000, 0xffff, 0x1093, 0x067d, 0x067d, 0x067d, 0x067d, 
  0x067d, 0x067d, 0x067d, 0x067d, 0x067d, 0x067d, 0x1093, 0x1093, 0x1093, 0x1093, 0x52bf, 0xffff, 0x0000, 0x0000, 0xffff, 0x1093, 
  0x52bf, 0x0000, 0xffff, 0x1093, 0x067d, 0x067d, 0x067d, 0x067d, 0x067d, 0x067d, 0x067d, 0x067d, 0x067d, 0x067d, 0x52bf, 0x1093, 
  0x1093, 0x1093, 0x1093, 0x1093, 0x1093, 0x52bf, 0x52bf, 0x1093, 0x1093, 0x52bf, 0x52bf, 0x52bf, 0x52bf, 0x067d, 0x067d, 0x067d, 
  0x067d, 0x067d, 0x067d, 0x067d, 0x067d, 0x52bf, 0x1093, 0x1093, 0x1093, 0x52bf, 0x1093, 0x9aa2, 0x1093, 0x1093, 0x52bf, 0x52bf, 
  0x52bf, 0x9cdf, 0xffff, 0x9cdf, 0x067d, 0x067d, 0x067d, 0x067d, 0x067d, 0x067d, 0x067d, 0x067d, 0x067d, 0x067d, 0x067d, 0x52bf, 
  0x1093, 0x1093, 0x1093, 0x52bf, 0x52bf, 0x1093, 0x1093, 0x1093, 0x1093, 0x52bf, 0x52bf, 0x52bf, 0x9cdf, 0xffff, 0x9cdf, 0x067d, 
  0x067d, 0x067d, 0x067d, 0x067d, 0x067d, 0x067d, 0x067d, 0x067d, 0x52bf, 0x52bf, 0x1093, 0x1093, 0x1093, 0x1093, 0xfd4c, 0xec46, 
  0x9cdf, 0x52bf, 0x52bf, 0x52bf, 0x52bf, 0x9cdf, 0x067d, 0x067d, 0x067d, 0x067d, 0x067d, 0x067d, 0x067d, 0x067d, 0x067d, 0x52bf, 
  0x1093, 0x1093, 0x1093, 0x52bf, 0x52bf, 0x1093, 0x1093, 0x1093, 0x1093, 0x52bf, 0x52bf, 0x52bf, 0x9cdf, 0xffff, 0x9cdf, 0x067d, 
  0x067d, 0x067d, 0x067d, 0x067d, 0x067d, 0x067d, 0x067d, 0x067d, 0x52bf, 0x52bf, 0x1093, 0x1093, 0x1093, 0x1093, 0xfd4c, 0xec46, 
  0x9cdf, 0x52bf, 0x52bf, 0x52bf, 0x52bf, 0x9cdf, 0x067d, 0x067d, 0x067d, 0x52aa, 0x52aa, 0x9cd3, 0xffff, 0x9cd3, 0x1093, 0x52bf, 
  0xffff, 0xffff, 0xffff, 0xffff, 0x9cd3, 0xffff, 0xffff, 0xffff, 0xffff, 0x52bf, 0x1093, 0x9cd3, 0xffff, 0x9cd3, 0x52aa, 0x52aa, 
  0x067d, 0x067d, 0x067d, 0x067d, 0x067d, 0x067d, 0x067d, 0x067d, 0x067d, 0x067d, 0x067d, 0x067d, 0x067d, 0x067d, 0x067d, 0x067d, 
  0x067d, 0x067d, 0x067d, 0x067d, 0x067d, 0x067d, 0x067d, 0x067d, 0x067d, 0x067d, 0x067d, 0x067d, 0x067d, 0x067d, 0x067d, 0x067d, 
  0x067d, 0x067d, 0x067d, 0x067d, 0x067d, 0x067d, 0x067d, 0x067d, 0x067d, 0x067d, 0x067d, 0x067d, 0x067d, 0x067d, 0x067d, 0x067d, 
  0x067d, 0x067d, 0x067d, 0x067d, 0x067d, 0x067d, 0x067d, 0x067d, 0x067d, 0x067d, 0x067d, 0x067d, 0x067d, 0x067d, 0x067d, 0x067d, 
  0x067d, 0x067d, 0x067d, 0x067d, 0x067d, 0x067d, 0x067d, 0x067d, 0x067d, 0x067d, 0x067d, 0x067d, 0x067d, 0x067d, 0x067d, 0x067d, 
  0x067d, 0x067d, 0x067d, 0x067d, 0x067d, 0x067d, 0x067d, 0x067d, 0x067d, 0x067d, 0x067d, 0x067d, 0x067d, 0x067d, 0x067d, 0x067d, 
  0x067d, 0x067d, 0x067d, 0x067d, 0x067d, 0x067d, 0x067d, 0x067d, 0x067d, 0x067d, 0x067d, 0x067d, 0x067d, 0x067d, 0x067d, 0x067d, 
  0x067d, 0x067d, 0x067d, 0x067d, 0x067d, 0x067d, 0x067d, 0x067d, 0x067d, 0x067d, 0x6b7f, 0x1093, 0x1093, 0x1093, 0x0000, 0x6b7f, 
  0xb369, 0x52bf, 0x6b7f, 0x6b7f, 0x52bf, 0x52bf, 0xb5b6, 0xffff, 0xffff, 0xffff, 0xffff, 0xffff, 0xfd4c, 0xfd4c, 0xb369, 0x067d, 
  0x067d, 0x067d, 0x067d, 0x52bf, 0x1093, 0x1093, 0x1093, 0x1093, 0x52bf, 0x1093, 0x1093, 0x52bf, 0x52bf, 0xffff, 0xffff, 0xffff, 
  0x0000, 0x52aa, 0x52bf, 0x0000, 0x067d, 0x067d, 0x067d, 0x067d, 0x067d, 0x067d, 0x067d, 0x067d, 0x067d, 0x52bf, 0x1093, 0x1093, 
  0x0000, 0x1093, 0x52bf, 0xffff, 0x0000, 0x52aa, 0xffff, 0x9cd3, 0x1093, 0x0000, 0xffff, 0x1093, 0x067d, 0x067d, 0x067d, 0x067d, 
  0x067d, 0x067d, 0x067d, 0x067d, 0x067d, 0x52bf, 0x1093, 0x1093, 0x0000, 0x1093, 0x52bf, 0xffff, 0x0000, 0x52aa, 0xffff, 0xffff, 
  0x1093, 0x0000, 0xffff, 0x1093, 0x067d, 0x067d, 0x067d, 0x067d, 0x067d, 0x067d, 0x067d, 0x067d, 0x067d, 0x52bf, 0x1093, 0x1093, 
  0x1093, 0x1093, 0x1093, 0x1093, 0x52bf, 0x52bf, 0x1093, 0x9cd3, 0x9cd3, 0x1093, 0x52bf, 0x52bf, 0x1093, 0x067d, 0x067d, 0x067d, 
  0x067d, 0x067d, 0x067d, 0x067d, 0x067d, 0x067d, 0x067d, 0x52bf, 0x52bf, 0x1093, 0x1093, 0x1093, 0x1093, 0x52bf, 0x52bf, 0x52bf, 
  0x52bf, 0x52bf, 0x9cdf, 0x52bf, 0x9cdf, 0x067d, 0x067d, 0x067d, 0x067d, 0x067d, 0x067d, 0x067d, 0x067d, 0x067d, 0x067d, 0x067d, 
  0x067d, 0x52bf, 0x52bf, 0x1093, 0x1093, 0x1093, 0x1093, 0x1093, 0x52bf, 0x52bf, 0x52bf, 0x52bf, 0x52bf, 0x9cdf, 0x52bf, 0x9cdf, 
  0x067d, 0x067d, 0x067d, 0x067d, 0x067d, 0x067d, 0x067d, 0x52bf, 0x1093, 0x1093, 0x1093, 0x1093, 0x0000, 0x1093, 0x9aa2, 0x1093, 
  0x1093, 0x52bf, 0x52bf, 0x52bf, 0x9cdf, 0xffff, 0x9cdf, 0x067d, 0x067d, 0x067d, 0x067d, 0x067d, 0x067d, 0x067d, 0x067d, 0x067d, 
  0x067d, 0x52bf, 0x52bf, 0x1093, 0x1093, 0x1093, 0x1093, 0x1093, 0x52bf, 0x52bf, 0x52bf, 0x52bf, 0x52bf, 0x9cdf, 0x52bf, 0x9cdf, 
  0x067d, 0x067d, 0x067d, 0x067d, 0x067d, 0x067d, 0x067d, 0x52bf, 0x1093, 0x1093, 0x1093, 0x1093, 0x0000, 0x1093, 0x9aa2, 0x1093, 
  0x1093, 0x52bf, 0x52bf, 0x52bf, 0x9cdf, 0xffff, 0x9cdf, 0x067d, 0x067d, 0x067d, 0x52aa, 0xffff, 0xffff, 0x9cd3, 0x0000, 0x52bf, 
  0xffff, 0xffff, 0x0000, 0xffff, 0xffff, 0xffff, 0x0000, 0xffff, 0xffff, 0x52bf, 0x0000, 0x9cd3, 0xffff, 0xffff, 0x52aa, 0x067d, 
  0x067d, 0x067d, 0x067d, 0x067d, 0x067d, 0x067d, 0x067d, 0x067d, 0x52bf, 0x52bf, 0x52bf, 0x52bf, 0x9cdf, 0x067d, 0x067d, 0x067d, 
  0x067d, 0x067d, 0x067d, 0x067d, 0x067d, 0x067d, 0x067d, 0x067d, 0x067d, 0x067d, 0x067d, 0x067d, 0x067d, 0x067d, 0x067d, 0x067d, 
  0x067d, 0x067d, 0x067d, 0x067d, 0x067d, 0x067d, 0x067d, 0x067d, 0x067d, 0x067d, 0x067d, 0x067d, 0x067d, 0x067d, 0x067d, 0x067d, 
  0x067d, 0x067d, 0x067d, 0x067d, 0x067d, 0x067d, 0x067d, 0x067d, 0x067d, 0x9aa2, 0x9aa2, 0x9aa2, 0x5000, 0x067d, 0x067d, 0x067d, 
  0x067d, 0x067d, 0x067d, 0x067d, 0x067d, 0x067d, 0x067d, 0x067d, 0x067d, 0x067d, 0x067d, 0x067d, 0x067d, 0x067d, 0x067d, 0x067d, 
  0x067d, 0x067d, 0x067d, 0x067d, 0x067d, 0x067d, 0x067d, 0x067d, 0x067d, 0x067d, 0x067d, 0x067d, 0x067d, 0x067d, 0x067d, 0x067d, 
  0x067d, 0x067d, 0x067d, 0x067d, 0x067d, 0x067d, 0x067d, 0x067d, 0x067d, 0x52bf, 0x52bf, 0x52bf, 0x52bf, 0x52bf, 0x067d, 0x067d, 
  0x067d, 0x067d, 0x067d, 0x067d, 0x067d, 0x067d, 0x067d, 0x067d, 0x067d, 0x6b7f, 0x1093, 0x1093, 0x1093, 0x1093, 0x1093, 0x0000, 
  0x0000, 0x6b7f, 0xffff, 0x6b7f, 0x52bf, 0x52bf, 0x52bf, 0xb5b6, 0xffff, 0xffff, 0xffff, 0xffff, 0xfd4c, 0xfd4c, 0xb369, 0x067d, 
  0x067d, 0x067d, 0x067d, 0x067d, 0x067d, 0x067d, 0x067d, 0x52bf, 0x1093, 0x1093, 0x1093, 0x52bf, 0x52bf, 0xffff, 0xffff, 0xffff, 
  0x0000, 0x0000, 0x52bf, 0x9cd3, 0x067d, 0x067d, 0x067d, 0x067d, 0x067d, 0x067d, 0x067d, 0x067d, 0x067d, 0x067d, 0x067d, 0x067d, 
  0x1093, 0x1093, 0x52bf, 0xffff, 0x0000, 0x0000, 0xffff, 0xffff, 0xffff, 0xffff, 0xffff, 0x1093, 0x067d, 0x067d, 0x067d, 0x067d, 
  0x067d, 0x067d, 0x067d, 0x067d, 0x067d, 0x067d, 0x067d, 0x067d, 0x1093, 0x1093, 0x52bf, 0xffff, 0x0000, 0x0000, 0xffff, 0xffff, 
  0xffff, 0xffff, 0xffff, 0x1093, 0x067d, 0x067d, 0x067d, 0x067d, 0x067d, 0x067d, 0x067d, 0x067d, 0x067d, 0x1093, 0x1093, 0x1093, 
  0x1093, 0x0000, 0x1093, 0x1093, 0x52bf, 0x52bf, 0xffff, 0x0000, 0x0000, 0x9cd3, 0x1093, 0x52bf, 0x0000, 0x067d, 0x067d, 0x067d, 
  0x067d, 0x067d, 0x067d, 0x067d, 0x067d, 0x067d, 0x52bf, 0x1093, 0x1093, 0x1093, 0x1093, 0x1093, 0x1093, 0x52bf, 0x52bf, 0x1093, 
  0x1093, 0x52bf, 0x52bf, 0x52bf, 0x52bf, 0x067d, 0x067d, 0x067d, 0x067d, 0x067d, 0x067d, 0x067d, 0x067d, 0x067d, 0x067d, 0x52bf, 
  0x52bf, 0x1093, 0x1093, 0x1093, 0x1093, 0x1093, 0x1093, 0x1093, 0x52bf, 0x52bf, 0x1093, 0x1093, 0x52bf, 0x52bf, 0x52bf, 0x52bf, 
  0x067d, 0x067d, 0x067d, 0x067d, 0x067d, 0x067d, 0x067d, 0x067d, 0x067d, 0x067d, 0x52bf, 0x52bf, 0x52bf, 0x1093, 0x1093, 0x1093, 
  0x52bf, 0x52bf, 0x52bf, 0x52bf, 0x52bf, 0x9cdf, 0x52bf, 0x9cdf, 0x067d, 0x067d, 0x067d, 0x067d, 0x067d, 0x067d, 0x067d, 0x52bf, 
  0x52bf, 0x1093, 0x1093, 0x1093, 0x1093, 0x1093, 0x1093, 0x1093, 0x52bf, 0x52bf, 0x1093, 0x1093, 0x52bf, 0x52bf, 0x52bf, 0x52bf, 
  0x067d, 0x067d, 0x067d, 0x067d, 0x067d, 0x067d, 0x067d, 0x067d, 0x067d, 0x067d, 0x52bf, 0x52bf, 0x52bf, 0x1093, 0x1093, 0x1093, 
  0x52bf, 0x52bf, 0x52bf, 0x52bf, 0x52bf, 0x9cdf, 0x52bf, 0x9cdf, 0x067d, 0x067d, 0x067d, 0x52aa, 0x9cd3, 0x52aa, 0x067d, 0x1093, 
  0xffff, 0xffff, 0xffff, 0xffff, 0xffff, 0xffff, 0xffff, 0xffff, 0xffff, 0x1093, 0x067d, 0x52aa, 0x9cd3, 0x52aa, 0x067d, 0x067d, 
  0x067d, 0x067d, 0x067d, 0x067d, 0x067d, 0x067d, 0x52bf, 0x52bf, 0x52bf, 0x52bf, 0x52bf, 0x9cdf, 0xfd4c, 0x52bf, 0x9cdf, 0x067d, 
  0x52bf, 0x067d, 0x067d, 0x067d, 0x067d, 0x067d, 0x067d, 0x067d, 0x067d, 0x067d, 0x067d, 0x067d, 0x067d, 0x067d, 0x067d, 0x067d, 
  0x067d, 0x067d, 0x067d, 0x067d, 0x067d, 0x52bf, 0x52bf, 0x067d, 0x067d, 0x067d, 0x067d, 0x067d, 0x067d, 0x067d, 0x067d, 0x067d, 
  0x067d, 0x067d, 0x067d, 0x067d, 0x067d, 0x067d, 0x067d, 0x9aa2, 0x9aa2, 0xffff, 0xfaa2, 0x9aa2, 0x0000, 0x067d, 0x067d, 0x067d, 
  0x067d, 0x067d, 0x067d, 0x067d, 0x067d, 0x067d, 0x067d, 0x067d, 0x067d, 0x067d, 0x067d, 0x067d, 0x067d, 0x067d, 0x067d, 0x067d, 
  0x067d, 0x067d, 0x067d, 0x067d, 0x067d, 0x067d, 0xfaa2, 0xfaa2, 0xfaa2, 0x9aa2, 0x067d, 0x067d, 0x067d, 0x067d, 0x067d, 0x067d, 
  0x067d, 0x067d, 0x067d, 0x067d, 0x067d, 0x067d, 0x067d, 0x52bf, 0x52bf, 0x52bf, 0x52bf, 0x52bf, 0x52bf, 0x52bf, 0x52bf, 0x52bf, 
  0x067d, 0x067d, 0x067d, 0x067d, 0x067d, 0x067d, 0x067d, 0x067d, 0x067d, 0x6b7f, 0x1093, 0x1093, 0x1093, 0x0000, 0x1093, 0x0000, 
  0x1093, 0x52bf, 0x6b7f, 0x52bf, 0x52bf, 0x52bf, 0x52bf, 0x52bf, 0x6b7f, 0xb5b6, 0xfd4c, 0xfd4c, 0xfd4c, 0xfd4c, 0x9aa2, 0x067d, 
  0x067d, 0x067d, 0x067d, 0x067d, 0x067d, 0x067d, 0x52bf, 0x1093, 0x1093, 0x1093, 0x1093, 0x1093, 0x52bf, 0x9cd3, 0xffff, 0xffff, 
  0xffff, 0xffff, 0x52aa, 0xffff, 0x067d, 0x067d, 0x067d, 0x067d, 0x067d, 0x067d, 0x067d, 0x067d, 0x067d, 0x067d, 0x067d, 0x52bf, 
  0x1093, 0x1093, 0x52bf, 0x9cd3, 0xffff, 0xffff, 0xffff, 0xffff, 0xffff, 0x52aa, 0x9cd3, 0x067d, 0x067d, 0x067d, 0x067d, 0x067d, 
  0x067d, 0x067d, 0x067d, 0x067d, 0x067d, 0x067d, 0x067d, 0x52bf, 0x1093, 0x1093, 0x52bf, 0xffff, 0xffff, 0xffff, 0xffff, 0xffff, 
  0xffff, 0x52aa, 0x9cd3, 0x067d, 0x067d, 0x067d, 0x067d, 0x067d, 0x067d, 0x067d, 0x067d, 0x067d, 0x52bf, 0x1093, 0x1093, 0x1093, 
  0x1093, 0x52bf, 0x1093, 0x1093, 0x52bf, 0x52bf, 0xffff, 0x0000, 0x52aa, 0xffff, 0x1093, 0x52bf, 0x0000, 0x067d, 0x067d, 0x067d, 
  0x067d, 0x067d, 0x067d, 0x067d, 0x067d, 0x52bf, 0x1093, 0x1093, 0x1093, 0x1093, 0x1093, 0x1093, 0x52bf, 0x52bf, 0x1093, 0x9cd3, 
  0x9cd3, 0x1093, 0x52bf, 0x52bf, 0x1093, 0x067d, 0x067d, 0x067d, 0x067d, 0x067d, 0x067d, 0x067d, 0x067d, 0x067d, 0x52bf, 0x1093, 
  0x1093, 0x1093, 0x1093, 0x1093, 0x1093, 0x1093, 0x1093, 0x52bf, 0x52bf, 0x1093, 0x9cd3, 0x9cd3, 0x1093, 0x52bf, 0x52bf, 0x1093, 
  0x067d, 0x067d, 0x067d, 0x067d, 0x067d, 0x067d, 0x067d, 0x067d, 0x52bf, 0x52bf, 0x1093, 0x1093, 0x1093, 0x1093, 0x1093, 0x1093, 
  0x52bf, 0x52bf, 0x1093, 0x1093, 0x52bf, 0x52bf, 0x52bf, 0x52bf, 0x067d, 0x067d, 0x067d, 0x067d, 0x067d, 0x067d, 0x52bf, 0x1093, 
  0x1093, 0x1093, 0x1093, 0x1093, 0x1093, 0x1093, 0x1093, 0x52bf, 0x52bf, 0x1093, 0x9cd3, 0x9cd3, 0x1093, 0x52bf, 0x52bf, 0x1093, 
  0x067d, 0x067d, 0x067d, 0x067d, 0x067d, 0x067d, 0x067d, 0x067d, 0x52bf, 0x52bf, 0x1093, 0x1093, 0x1093, 0x1093, 0x1093, 0x1093, 
  0x52bf, 0x52bf, 0x1093, 0x1093, 0x52bf, 0x52bf, 0x52bf, 0x52bf, 0x067d, 0x067d, 0x067d, 0x067d, 0x9aa2, 0xfd4c, 0x067d, 0x1093, 
  0xffff, 0xffff, 0xffff, 0xffff, 0xffff, 0xffff, 0xffff, 0xffff, 0xffff, 0x1093, 0x1093, 0xec46, 0x9aa2, 0x067d, 0x067d, 0x067d, 
  0x067d, 0x067d, 0x067d, 0x067d, 0x067d, 0x52bf, 0x1093, 0x1093, 0x1093, 0x1093, 0x1093, 0x9aa2, 0xfd4c, 0x52bf, 0x52bf, 0x52bf, 
  0x1093, 0x067d, 0x067d, 0x067d, 0x067d, 0x067d, 0x067d, 0x067d, 0x067d, 0x067d, 0x067d, 0x067d, 0x067d, 0x067d, 0x067d, 0x067d, 
  0x067d, 0x52bf, 0x52bf, 0x067d, 0x067d, 0x067d, 0x1093, 0x52bf, 0x52bf, 0x067d, 0x067d, 0x067d, 0x067d, 0x067d, 0x067d, 0x067d, 
  0x067d, 0x067d, 0x067d, 0x067d, 0x067d, 0x067d, 0x9aa2, 0x9aa2, 0xffff, 0x9cd3, 0x9aa2, 0x9aa2, 0x0000, 0x52bf, 0x52bf, 0x067d, 
  0x067d, 0x067d, 0x067d, 0x067d, 0x067d, 0x067d, 0x067d, 0x067d, 0x067d, 0x067d, 0x067d, 0x067d, 0x067d, 0x067d, 0x067d, 0x067d, 
  0x067d, 0xffff, 0x0000, 0x067d, 0x067d, 0x067d, 0x067d, 0x067d, 0xfaa2, 0xfaa2, 0x9aa2, 0x067d, 0x067d, 0x067d, 0x067d, 0x067d, 
  0x067d, 0x067d, 0x067d, 0x067d, 0x067d, 0x52bf, 0x52bf, 0x52bf, 0x52bf, 0x52bf, 0x52bf, 0x52bf, 0x52bf, 0x52bf, 0x52bf, 0x52bf, 
  0x52bf, 0x52bf, 0x067d, 0x067d, 0x067d, 0x067d, 0x067d, 0x067d, 0x067d, 0x6b7f, 0x1093, 0x0000, 0x0000, 0x0000, 0x1093, 0x1093, 
  0x1093, 0x52bf, 0x52bf, 0x52bf, 0x52bf, 0x52bf, 0x52bf, 0x5000, 0xb369, 0xfd4c, 0xfd4c, 0xfd4c, 0xfd4c, 0xb369, 0x9aa2, 0x067d, 
  0x067d, 0x067d, 0x067d, 0x067d, 0x067d, 0x52bf, 0x1093, 0x1093, 0x1093, 0x1093, 0x1093, 0x1093, 0x1093, 0x52bf, 0x9cd3, 0xffff, 
  0xffff, 0xfd4c, 0x0000, 0x0000, 0x067d, 0x067d, 0x067d, 0x067d, 0x067d, 0x067d, 0x067d, 0x067d, 0x067d, 0x067d, 0x067d, 0x1093, 
  0x1093, 0x1093, 0x1093, 0x52bf, 0xffff, 0xffff, 0xffff, 0xffff, 0xfd4c, 0x0000, 0x0000, 0x067d, 0x067d, 0x067d, 0x067d, 0x067d, 
  0x067d, 0x067d, 0x067d, 0x067d, 0x067d, 0x067d, 0x067d, 0x1093, 0x1093, 0x1093, 0x1093, 0x52bf, 0xffff, 0xffff, 0xffff, 0xffff, 
  0xfd4c, 0x0000, 0x0000, 0x067d, 0x067d, 0x067d, 0x067d, 0x067d, 0x067d, 0x067d, 0x067d, 0x067d, 0x067d, 0x067d, 0x067d, 0x067d, 
  0x52bf, 0x1093, 0x1093, 0x1093, 0x52bf, 0x52bf, 0xffff, 0x0000, 0x0000, 0xffff, 0xffff, 0x52bf, 0x9cd3, 0x067d, 0x067d, 0x067d, 
  0x067d, 0x067d, 0x067d, 0x067d, 0x067d, 0x1093, 0x1093, 0x1093, 0x1093, 0x0000, 0x1093, 0x1093, 0x52bf, 0x52bf, 0x9cd3, 0xffff, 
  0xffff, 0x0000, 0x1093, 0x52bf, 0x0000, 0x067d, 0x067d, 0x067d, 0x067d, 0x067d, 0x067d, 0x067d, 0x067d, 0x067d, 0x067d, 0x067d, 
  0x1093, 0x1093, 0x1093, 0x0000, 0x1093, 0x1093, 0x1093, 0x52bf, 0x52bf, 0x9cd3, 0xffff, 0xffff, 0x0000, 0x1093, 0x52bf, 0x1093, 
  0x067d, 0x067d, 0x067d, 0x067d, 0x067d, 0x067d, 0x52bf, 0x52bf, 0x1093, 0x1093, 0x1093, 0x1093, 0x1093, 0x1093, 0x1093, 0x52bf, 
  0x52bf, 0x1093, 0x9cd3, 0x9cd3, 0x1093, 0x52bf, 0x52bf, 0x1093, 0x067d, 0x067d, 0x067d, 0x067d, 0x067d, 0x067d, 0x067d, 0x067d, 
  0x1093, 0x1093, 0x1093, 0x0000, 0x1093, 0x1093, 0x1093, 0x52bf, 0x52bf, 0x9cd3, 0xffff, 0xffff, 0x0000, 0x1093, 0x52bf, 0x1093, 
  0x067d, 0x067d, 0x067d, 0x067d, 0x067d, 0x067d, 0x52bf, 0x52bf, 0x1093, 0x1093, 0x1093, 0x1093, 0x1093, 0x1093, 0x1093, 0x52bf, 
  0x52bf, 0x1093, 0x9cd3, 0x9cd3, 0x1093, 0x52bf, 0x52bf, 0x1093, 0x067d, 0x067d, 0x067d, 0x067d, 0x067d, 0x9aa2, 0xec46, 0x1093, 
  0x52bf, 0xffff, 0xffff, 0xfd4c, 0x0000, 0x9aa2, 0xffff, 0xffff, 0x52bf, 0x1093, 0x9aa2, 0x9aa2, 0x067d, 0x067d, 0x067d, 0x067d, 
  0x067d, 0x067d, 0x067d, 0x067d, 0x52bf, 0x067d, 0x0000, 0x0000, 0x0000, 0x1093, 0x1093, 0x9aa2, 0xec46, 0x52bf, 0x52bf, 0x52bf, 
  0x9cdf, 0x067d, 0x067d, 0x067d, 0x067d, 0x067d, 0x067d, 0x067d, 0x067d, 0x067d, 0x067d, 0x067d, 0x067d, 0x067d, 0x067d, 0x067d, 
  0x067d, 0x067d, 0x1093, 0x52bf, 0x52bf, 0x067d, 0x1093, 0x52bf, 0x52bf, 0x52bf, 0x067d, 0x067d, 0x067d, 0x067d, 0x067d, 0x067d, 
  0x067d, 0x067d, 0x067d, 0x067d, 0x067d, 0x9aa2, 0xfaa2, 0x9aa2, 0x9aa2, 0x52aa, 0x5000, 0x5000, 0x9cd3, 0x52aa, 0x52bf, 0x52bf, 
  0x067d, 0x067d, 0x067d, 0x067d, 0x067d, 0x067d, 0x067d, 0x067d, 0x067d, 0x067d, 0x067d, 0x067d, 0x067d, 0x067d, 0x9cdf, 0x52bf, 
  0x52bf, 0x52bf, 0x0000, 0x9aa2, 0x067d, 0x067d, 0x067d, 0x067d, 0x067d, 0xfaa2, 0xfaa2, 0x9aa2, 0x067d, 0x067d, 0x067d, 0x067d, 
  0x067d, 0x067d, 0x067d, 0x067d, 0x52bf, 0x1093, 0x52bf, 0x52bf, 0x52bf, 0x52bf, 0x52bf, 0x52bf, 0x52bf, 0x52bf, 0x52bf, 0x52bf, 
  0x52bf, 0x52bf, 0x52bf, 0x067d, 0x067d, 0x067d, 0x067d, 0x067d, 0x067d, 0x6b7f, 0x0000, 0x0000, 0x0000, 0x1093, 0x1093, 0x1093, 
  0x0000, 0x1093, 0x52bf, 0x52bf, 0x52bf, 0x52bf, 0x52bf, 0xb369, 0xfdb2, 0xb369, 0x5000, 0xfd4c, 0xb369, 0x9aa2, 0x067d, 0x067d, 
  0x067d, 0x067d, 0x067d, 0x067d, 0x067d, 0x1093, 0x1093, 0x1093, 0x1093, 0x1093, 0x1093, 0x5000, 0xec46, 0xfd4c, 0xfd4c, 0xfd4c, 
  0xfd4c, 0xec46, 0x9aa2, 0x067d, 0x067d, 0x067d, 0x067d, 0x067d, 0x067d, 0x067d, 0x067d, 0x067d, 0x067d, 0x067d, 0x067d, 0x1093, 
  0x1093, 0x1093, 0x1093, 0x9aa2, 0xfd4c, 0xfd4c, 0xfd4c, 0xfd4c, 0xfd4c, 0xec46, 0x9aa2, 0x067d, 0x067d, 0x067d, 0x067d, 0x067d, 
  0x067d, 0x067d, 0x067d, 0x067d, 0x067d, 0x067d, 0x067d, 0x1093, 0x1093, 0x1093, 0x5000, 0xec46, 0xfd4c, 0xfd4c, 0xfd4c, 0xfd4c, 
  0xfd4c, 0xec46, 0x9aa2, 0x067d, 0x067d, 0x067d, 0x067d, 0x067d, 0x067d, 0x067d, 0x067d, 0x067d, 0x067d, 0x067d, 0x067d, 0x52bf, 
  0x1093, 0x1093, 0x1093, 0x1093, 0x1093, 0x52bf, 0x9cd3, 0xffff, 0xffff, 0xffff, 0xffff, 0x52aa, 0xffff, 0x067d, 0x067d, 0x067d, 
  0x067d, 0x067d, 0x067d, 0x067d, 0x52bf, 0x1093, 0x1093, 0x1093, 0x1093, 0x52bf, 0x1093, 0x1093, 0x52bf, 0x52bf, 0xffff, 0xffff, 
  0xffff, 0x0000, 0x52aa, 0x52bf, 0x0000, 0x067d, 0x067d, 0x067d, 0x067d, 0x067d, 0x067d, 0x067d, 0x067d, 0x067d, 0x067d, 0x067d, 
  0x067d, 0x067d, 0x52bf, 0x52bf, 0x1093, 0x1093, 0x1093, 0x52bf, 0x52bf, 0xffff, 0xffff, 0xffff, 0x0000, 0x52aa, 0x52bf, 0x0000, 
  0x067d, 0x067d, 0x067d, 0x067d, 0x067d, 0x067d, 0x067d, 0x1093, 0x1093, 0x1093, 0x1093, 0x0000, 0x1093, 0x1093, 0x1093, 0x52bf, 
  0x52bf, 0x9cd3, 0xffff, 0xffff, 0x0000, 0x1093, 0x52bf, 0x1093, 0x067d, 0x067d, 0x067d, 0x067d, 0x067d, 0x067d, 0x067d, 0x067d, 
  0x067d, 0x067d, 0x52bf, 0x52bf, 0x1093, 0x1093, 0x1093, 0x52bf, 0x52bf, 0xffff, 0xffff, 0xffff, 0x0000, 0x52aa, 0x52bf, 0x0000, 
  0x067d, 0x067d, 0x067d, 0x067d, 0x067d, 0x067d, 0x067d, 0x1093, 0x1093, 0x1093, 0x1093, 0x0000, 0x1093, 0x1093, 0x1093, 0x52bf, 
  0x52bf, 0x9cd3, 0xffff, 0xffff, 0x0000, 0x1093, 0x52bf, 0x1093, 0x067d, 0x067d, 0x067d, 0x067d, 0x067d, 0x067d, 0x9aa2, 0x1093, 
  0x9aa2, 0xfd4c, 0xfd4c, 0xfd4c, 0xfd4c, 0xfd4c, 0xfd4c, 0xfd4c, 0x9aa2, 0x1093, 0x5000, 0x067d, 0x067d, 0x067d, 0x067d, 0x067d, 
  0x067d, 0x067d, 0x067d, 0x067d, 0x067d, 0x067d, 0x52bf, 0x52bf, 0x52bf, 0x1093, 0x1093, 0x1093, 0x52bf, 0x52bf, 0x52bf, 0x52bf, 
  0x9cdf, 0xffff, 0x067d, 0x067d, 0x067d, 0x067d, 0x067d, 0x067d, 0x067d, 0x067d, 0x067d, 0x067d, 0x067d, 0x067d, 0x067d, 0x067d, 
  0x067d, 0x067d, 0x1093, 0x52bf, 0x52bf, 0x52bf, 0x1093, 0x52bf, 0x52bf, 0x52bf, 0x1093, 0x067d, 0x067d, 0x067d, 0x067d, 0x067d, 
  0x067d, 0x067d, 0x067d, 0x067d, 0x9aa2, 0xfaa2, 0xfaa2, 0x5000, 0x5000, 0x5000, 0x5000, 0x9cd3, 0x52aa, 0x1093, 0x1093, 0x1093, 
  0x067d, 0x067d, 0x52bf, 0x067d, 0x067d, 0x067d, 0x067d, 0x067d, 0x067d, 0x067d, 0x067d, 0x067d, 0x067d, 0xffff, 0x9cdf, 0x52bf, 
  0x0000, 0x9cd3, 0xfd4c, 0xec46, 0x5000, 0x067d, 0x52aa, 0x0000, 0x0000, 0x067d, 0xfaa2, 0xfaa2, 0x9aa2, 0x067d, 0x067d, 0x067d, 
  0x067d, 0x067d, 0x067d, 0x52bf, 0x1093, 0x52bf, 0x52bf, 0x52bf, 0x52bf, 0x52bf, 0x52bf, 0x52bf, 0x52bf, 0x52bf, 0x52bf, 0x52bf, 
  0x52bf, 0x52bf, 0x52bf, 0x52bf, 0x067d, 0x067d, 0x067d, 0x067d, 0x067d, 0x067d, 0x0000, 0x067d, 0x6b7f, 0x1093, 0x1093, 0x1093, 
  0x1093, 0x0000, 0x1093, 0x52bf, 0x52bf, 0x52bf, 0x52bf, 0xb369, 0xfdb2, 0x0000, 0xfdb2, 0xb369, 0x9aa2, 0x067d, 0x067d, 0x067d, 
  0x067d, 0x067d, 0x067d, 0x067d, 0x52bf, 0x1093, 0x1093, 0x1093, 0x1093, 0x1093, 0x1093, 0x1093, 0x9aa2, 0xec46, 0x5000, 0xfd4c, 
  0xfd4c, 0xec46, 0x067d, 0x067d, 0x067d, 0x067d, 0x067d, 0x067d, 0x067d, 0x067d, 0x067d, 0x067d, 0x067d, 0x067d, 0x52bf, 0x1093, 
  0x1093, 0x1093, 0x1093, 0x5000, 0xec46, 0xfd4c, 0xfd4c, 0xfd4c, 0xfd4c, 0xec46, 0x067d, 0x067d, 0x067d, 0x067d, 0x067d, 0x067d, 
  0x067d, 0x067d, 0x067d, 0x067d, 0x067d, 0x067d, 0x52bf, 0x1093, 0x1093, 0x1093, 0x5000, 0x9aa2, 0xffff, 0xfd4c, 0xfd4c, 0xfd4c, 
  0xfd4c, 0xec46, 0x067d, 0x067d, 0x067d, 0x067d, 0x067d, 0x067d, 0x067d, 0x067d, 0x067d, 0x067d, 0x067d, 0x067d, 0x52bf, 0x1093, 
  0x1093, 0x1093, 0x1093, 0x1093, 0x1093, 0x1093, 0x52bf, 0x9cd3, 0xffff, 0xffff, 0xfd4c, 0x0000, 0x0000, 0x067d, 0x067d, 0x067d, 
  0x067d, 0x067d, 0x067d, 0x067d, 0x067d, 0x067d, 0x067d, 0x067d, 0x52bf, 0x1093, 0x1093, 0x1093, 0x52bf, 0x52bf, 0xffff, 0xffff, 
  0xffff, 0x0000, 0x0000, 0x52bf, 0x9cd3, 0x067d, 0x067d, 0x067d, 0x067d, 0x067d, 0x067d, 0x067d, 0x067d, 0x067d, 0x067d, 0x067d, 
  0x52bf, 0x52bf, 0x1093, 0x1093, 0x1093, 0x1093, 0x1093, 0x52bf, 0x52bf, 0xffff, 0xffff, 0xffff, 0x0000, 0x0000, 0x52bf, 0x9cd3, 
  0x067d, 0x067d, 0x067d, 0x067d, 0x067d, 0x067d, 0x067d, 0x067d, 0x067d, 0x1093, 0x52bf, 0x52bf, 0x1093, 0x1093, 0x1093, 0x52bf, 
  0x52bf, 0xffff, 0xffff, 0xffff, 0x0000, 0x52aa, 0x52bf, 0x0000, 0x067d, 0x067d, 0x067d, 0x067d, 0x067d, 0x067d, 0x067d, 0x067d, 
  0x52bf, 0x52bf, 0x1093, 0x1093, 0x1093, 0x1093, 0x1093, 0x52bf, 0x52bf, 0xffff, 0xffff, 0xffff, 0x0000, 0x0000, 0x52bf, 0x9cd3, 
  0x067d, 0x067d, 0x067d, 0x067d, 0x067d, 0x067d, 0x067d, 0x067d, 0x067d, 0x1093, 0x52bf, 0x52bf, 0x1093, 0x1093, 0x1093, 0x52bf, 
  0x52bf, 0xffff, 0xffff, 0xffff, 0x0000, 0x52aa, 0x52bf, 0x0000, 0x067d, 0x067d, 0x067d, 0x067d, 0x067d, 0x067d, 0x067d, 0x5000, 
  0x1093, 0xec46, 0xfd4c, 0x9aa2, 0x5000, 0x5000, 0xfd4c, 0xec46, 0x1093, 0x5000, 0x067d, 0x067d, 0x067d, 0x067d, 0x067d, 0x067d, 
  0x067d, 0x067d, 0x067d, 0x067d, 0x52bf, 0x52bf, 0x52bf, 0x1093, 0x1093, 0x1093, 0x1093, 0x52bf, 0x52bf, 0x52bf, 0x52bf, 0x52bf, 
  0x52bf, 0x9cdf, 0x067d, 0x067d, 0x067d, 0x067d, 0x067d, 0x067d, 0x067d, 0x067d, 0x067d, 0x067d, 0x067d, 0x52bf, 0x52bf, 0x067d, 
  0x067d, 0x067d, 0x1093, 0x52bf, 0x52bf, 0x52bf, 0x1093, 0x52bf, 0x52bf, 0x52bf, 0x1093, 0x52bf, 0x067d, 0x067d, 0x067d, 0x067d, 
  0x067d, 0x067d, 0x067d, 0x9aa2, 0xfaa2, 0xfaa2, 0x067d, 0x0000, 0x0000, 0x52aa, 0x52aa, 0x52aa, 0x52bf, 0x1093, 0x1093, 0x52bf, 
  0x52bf, 0x52bf, 0x52bf, 0x067d, 0x067d, 0x067d, 0x067d, 0x067d, 0x067d, 0x067d, 0x52bf, 0x1093, 0x52bf, 0x9cdf, 0x52bf, 0x0000, 
  0x0000, 0xffff, 0xffff, 0xfd4c, 0xec46, 0x9aa2, 0x52aa, 0x52aa, 0x52aa, 0x0000, 0xfaa2, 0x9aa2, 0x9aa2, 0x067d, 0x067d, 0x067d, 
  0x067d, 0x067d, 0x067d, 0x1093, 0x52bf, 0x52bf, 0x52bf, 0x52bf, 0x52bf, 0x52bf, 0x52bf, 0x52bf, 0x52bf, 0x52bf, 0x52bf, 0x52bf, 
  0x52bf, 0x52bf, 0x52bf, 0x52bf, 0x067d, 0x067d, 0x067d, 0x067d, 0x067d, 0x067d, 0x067d, 0x6b7f, 0x1093, 0x1093, 0x1093, 0x0000, 
  0x0000, 0x1093, 0x0000, 0x0000, 0x1093, 0x52bf, 0x52bf, 0x5000, 0xb369, 0xb369, 0x9aa2, 0x9aa2, 0x067d, 0x067d, 0x067d, 0x067d, 
  0x067d, 0x067d, 0x067d, 0x067d, 0x067d, 0x067d, 0x067d, 0x067d, 0x067d, 0x067d, 0x52bf, 0x1093, 0x5000, 0x9aa2, 0x9aa2, 0x9aa2, 
  0xec46, 0x067d, 0x067d, 0x067d, 0x067d, 0x067d, 0x067d, 0x067d, 0x067d, 0x067d, 0x067d, 0x067d, 0x067d, 0x067d, 0x067d, 0x067d, 
  0x067d, 0x067d, 0x52bf, 0x1093, 0x5000, 0x9aa2, 0xec46, 0x5000, 0xec46, 0x067d, 0x067d, 0x067d, 0x067d, 0x067d, 0x067d, 0x067d, 
  0x067d, 0x067d, 0x067d, 0x067d, 0x067d, 0x067d, 0x067d, 0x067d, 0x067d, 0x067d, 0x52bf, 0x5000, 0x9aa2, 0xffff, 0xffff, 0x0000, 
  0xec46, 0x067d, 0x067d, 0x067d, 0x067d, 0x067d, 0x067d, 0x067d, 0x067d, 0x067d, 0x067d, 0x067d, 0x067d, 0x067d, 0x1093, 0x1093, 
  0x1093, 0x1093, 0x1093, 0x1093, 0x5000, 0xec46, 0xfd4c, 0xfd4c, 0xfd4c, 0xfd4c, 0xec46, 0x9aa2, 0x067d, 0x067d, 0x067d, 0x067d, 
  0x067d, 0x067d, 0x067d, 0x067d, 0x067d, 0x067d, 0x067d, 0x52bf, 0x1093, 0x1093, 0x1093, 0x1093, 0x1093, 0x52bf, 0x9cd3, 0xffff, 
  0xffff, 0xffff, 0xffff, 0x52aa, 0xffff, 0x067d, 0x067d, 0x067d, 0x067d, 0x067d, 0x067d, 0x067d, 0x067d, 0x067d, 0x067d, 0x52bf, 
  0x1093, 0x1093, 0x1093, 0x1093, 0x1093, 0x1093, 0x1093, 0x1093, 0x52bf, 0x9cd3, 0xffff, 0xffff, 0xffff, 0xffff, 0x52aa, 0xffff, 
  0x067d, 0x067d, 0x067d, 0x067d, 0x067d, 0x067d, 0x067d, 0x067d, 0x52bf, 0x52bf, 0x1093, 0x1093, 0x1093, 0x1093, 0x1093, 0x1093, 
  0x52bf, 0xffff, 0xffff, 0xffff, 0x0000, 0x0000, 0x52bf, 0x9cd3, 0x067d, 0x067d, 0x067d, 0x067d, 0x067d, 0x067d, 0x067d, 0x52bf, 
  0x1093, 0x1093, 0x1093, 0x1093, 0x1093, 0x1093, 0x1093, 0x1093, 0x52bf, 0x9cd3, 0xffff, 0xffff, 0xffff, 0xffff, 0x52aa, 0xffff, 
  0x067d, 0x067d, 0x067d, 0x067d, 0x067d, 0x067d, 0x067d, 0x067d, 0x52bf, 0x52bf, 0x1093, 0x1093, 0x1093, 0x1093, 0x1093, 0x52bf, 
  0x52bf, 0xffff, 0xffff, 0xffff, 0x0000, 0x0000, 0x52bf, 0x9cd3, 0x067d, 0x067d, 0x067d, 0x067d, 0x067d, 0x067d, 0x067d, 0x067d, 
  0x5000, 0x9aa2, 0xec46, 0x5000, 0x0000, 0x0000, 0xec46, 0x9aa2, 0x5000, 0x067d, 0x067d, 0x067d, 0x067d, 0x067d, 0x067d, 0x067d, 
  0x067d, 0x067d, 0x067d, 0x52bf, 0x52bf, 0x52bf, 0x1093, 0x1093, 0x1093, 0x1093, 0x1093, 0x52bf, 0x52bf, 0x52bf, 0x1093, 0x1093, 
  0x52bf, 0x52bf, 0x9cdf, 0x067d, 0x067d, 0x067d, 0x067d, 0x067d, 0x067d, 0x067d, 0x067d, 0x067d, 0x067d, 0x067d, 0x1093, 0x52bf, 
  0x52bf, 0x067d, 0x1093, 0x52bf, 0x52bf, 0x52bf, 0x1093, 0x52bf, 0x52bf, 0x52bf, 0x1093, 0x52bf, 0x52bf, 0x067d, 0x067d, 0x067d, 
  0x067d, 0x067d, 0x067d, 0x9aa2, 0xfaa2, 0x067d, 0x0000, 0x52aa, 0x52aa, 0x9cd3, 0x9cd3, 0x9aa2, 0x52bf, 0x52bf, 0x1093, 0x52bf, 
  0x1093, 0x1093, 0x1093, 0x067d, 0x067d, 0x067d, 0x067d, 0x067d, 0x067d, 0x067d, 0x067d, 0x52bf, 0x52bf, 0x52bf, 0x1093, 0xffff, 
  0xffff, 0xffff, 0xffff, 0xfd4c, 0xec46, 0x52aa, 0x9cd3, 0xffff, 0x52aa, 0x0000, 0x9aa2, 0x9aa2, 0x9cd3, 0x52aa, 0x067d, 0x067d, 
  0x067d, 0x067d, 0x1093, 0x52bf, 0x1093, 0x52bf, 0x52bf, 0x52bf, 0x52bf, 0x52bf, 0x52bf, 0x52bf, 0x52bf, 0x52bf, 0x52bf, 0x52bf, 
  0x52bf, 0x52bf, 0x52bf, 0x52bf, 0x52bf, 0x067d, 0x067d, 0x067d, 0x067d, 0x067d, 0x067d, 0x6b7f, 0x1093, 0x1093, 0x1093, 0x0000, 
  0x0000, 0x1093, 0x1093, 0x1093, 0x6b7f, 0x6b7f, 0x52bf, 0x5000, 0x5000, 0x067d, 0x067d, 0x067d, 0x067d, 0x067d, 0x067d, 0x067d, 
  0x067d, 0x067d, 0x067d, 0x067d, 0x067d, 0x067d, 0x067d, 0x067d, 0x067d, 0x52bf, 0x1093, 0x1093, 0x1093, 0x0000, 0x5000, 0x5000, 
  0x067d, 0x067d, 0x067d, 0x067d, 0x067d, 0x067d, 0x067d, 0x067d, 0x067d, 0x067d, 0x067d, 0x067d, 0x067d, 0x067d, 0x067d, 0x067d, 
  0x067d, 0xec46, 0x9aa2, 0x1093, 0x1093, 0x0000, 0x5000, 0x5000, 0x067d, 0x067d, 0x067d, 0x067d, 0x067d, 0x067d, 0x067d, 0x067d, 
  0x067d, 0x067d, 0x067d, 0x067d, 0x067d, 0x067d, 0x067d, 0x067d, 0x067d, 0xec46, 0x9aa2, 0x1093, 0x1093, 0x0000, 0x5000, 0x5000, 
  0x067d, 0x067d, 0x067d, 0x067d, 0x067d, 0x067d, 0x067d, 0x067d, 0x067d, 0x067d, 0x067d, 0x9cd3, 0x9cd3, 0x9aa2, 0xec46, 0xfd4c, 
  0xfd4c, 0xec46, 0x1093, 0x1093, 0x1093, 0x9aa2, 0xec46, 0x5000, 0xfd4c, 0xfd4c, 0xec46, 0x067d, 0x067d, 0x067d, 0x067d, 0x067d, 
  0x067d, 0x067d, 0x067d, 0x067d, 0x067d, 0x067d, 0x52bf, 0x1093, 0x1093, 0x1093, 0x1093, 0x1093, 0x1093, 0x1093, 0x52bf, 0x9cd3, 
  0xffff, 0xffff, 0xfd4c, 0x0000, 0x0000, 0x067d, 0x067d, 0x067d, 0x067d, 0x067d, 0x067d, 0x067d, 0x067d, 0x067d, 0x52bf, 0x1093, 
  0x1093, 0x1093, 0x1093, 0x1093, 0x52aa, 0x9cd3, 0x9cd3, 0x1093, 0x1093, 0x52bf, 0x9cd3, 0xffff, 0xffff, 0xfd4c, 0x0000, 0x0000, 
  0x067d, 0x067d, 0x067d, 0x067d, 0x067d, 0x067d, 0x067d, 0x52bf, 0x1093, 0x1093, 0xfaa2, 0xfaa2, 0xfaa2, 0xfaa2, 0xfaa2, 0xfaa2, 
  0x52bf, 0x9cd3, 0xffff, 0xffff, 0xffff, 0xffff, 0x52aa, 0xffff, 0x067d, 0x067d, 0x067d, 0x067d, 0x067d, 0x067d, 0x52bf, 0x1093, 
  0x1093, 0x1093, 0x1093, 0x1093, 0x52aa, 0x9cd3, 0x9cd3, 0x1093, 0x1093, 0x52bf, 0x9cd3, 0xffff, 0xffff, 0xfd4c, 0x0000, 0x0000, 
  0x067d, 0x067d, 0x067d, 0x067d, 0x067d, 0x067d, 0x067d, 0x52bf, 0x1093, 0x1093, 0x1093, 0x1093, 0x1093, 0x1093, 0x1093, 0x1093, 
  0x52bf, 0x9cd3, 0xffff, 0xffff, 0xffff, 0xffff, 0x52aa, 0xffff, 0x067d, 0x067d, 0x067d, 0x067d, 0x067d, 0x067d, 0x067d, 0x067d, 
  0x067d, 0x0000, 0x9aa2, 0xec46, 0xec46, 0xec46, 0x9aa2, 0x0000, 0x067d, 0x067d, 0x067d, 0x067d, 0x067d, 0x067d, 0x067d, 0x067d, 
  0x067d, 0x067d, 0x52bf, 0x52bf, 0x1093, 0x1093, 0x1093, 0x1093, 0x1093, 0x1093, 0x1093, 0x52bf, 0x52bf, 0x1093, 0x9cd3, 0x9cd3, 
  0x0000, 0x52bf, 0x52bf, 0x067d, 0x067d, 0x067d, 0x067d, 0x067d, 0x067d, 0x067d, 0x067d, 0x067d, 0x067d, 0x067d, 0x1093, 0x1093, 
  0x52bf, 0x52bf, 0x1093, 0x52bf, 0x52bf, 0x52bf, 0x1093, 0x1093, 0x52bf, 0x52bf, 0x52bf, 0x1093, 0x52bf, 0x067d, 0x067d, 0x067d, 
  0x067d, 0x067d, 0x067d, 0xfaa2, 0x067d, 0x067d, 0x0000, 0x52aa, 0x9cd3, 0x9cd3, 0x9cd3, 0x5000, 0xfd4c, 0x1093, 0x52bf, 0x1093, 
  0x1093, 0x9cdf, 0x067d, 0x067d, 0x067d, 0x067d, 0x067d, 0x067d, 0x067d, 0x067d, 0x9cdf, 0x52bf, 0x52bf, 0x52bf, 0x1093, 0xffff, 
  0xffff, 0xffff, 0xffff, 0xfd4c, 0xec46, 0x52aa, 0xffff, 0xffff, 0xffff, 0x52aa, 0x9aa2, 0x9cd3, 0x9cd3, 0x52aa, 0x067d, 0x067d, 
  0x067d, 0x067d, 0x1093, 0x1093, 0x52bf, 0x52bf, 0x52bf, 0x52bf, 0x52bf, 0x52bf, 0x52bf, 0x52bf, 0x52bf, 0x52bf, 0x52bf, 0x9cdf, 
  0xffff, 0x9cdf, 0x52bf, 0x52bf, 0x52bf, 0x067d, 0x067d, 0x067d, 0x067d, 0x067d, 0x067d, 0x6b7f, 0x1093, 0x1093, 0x0000, 0x0000, 
  0x5000, 0xb369, 0xfdb2, 0xfdb2, 0xb369, 0x6b7f, 0x5000, 0xb369, 0xb369, 0x1093, 0x067d, 0x067d, 0x067d, 0x067d, 0x067d, 0x067d, 
  0x067d, 0x067d, 0x067d, 0x067d, 0x067d, 0x067d, 0x067d, 0x067d, 0x52bf, 0x1093, 0x9aa2, 0x5000, 0x1093, 0x5000, 0xec46, 0xec46, 
  0x5000, 0x067d, 0x067d, 0x067d, 0x067d, 0x067d, 0x067d, 0x067d, 0x067d, 0x067d, 0x067d, 0x067d, 0x067d, 0x067d, 0x067d, 0xfd4c, 
  0x9aa2, 0x5000, 0x5000, 0x1093, 0x1093, 0x5000, 0xec46, 0xec46, 0x5000, 0x9aa2, 0x067d, 0x067d, 0x067d, 0x067d, 0x067d, 0x067d, 
  0x067d, 0x067d, 0x067d, 0x067d, 0x067d, 0x067d, 0x067d, 0xfd4c, 0x9aa2, 0x5000, 0x5000, 0x1093, 0x1093, 0x5000, 0xec46, 0xec46, 
  0x5000, 0x9aa2, 0x067d, 0x067d, 0x067d, 0x067d, 0x067d, 0x067d, 0x067d, 0x067d, 0x9cd3, 0xffff, 0xffff, 0x9cd3, 0x5000, 0x9aa2, 
  0x1093, 0x1093, 0xec46, 0x9aa2, 0x1093, 0x5000, 0x9aa2, 0x9aa2, 0x9aa2, 0xec46, 0x067d, 0x067d, 0x067d, 0x067d, 0x067d, 0x067d, 
  0x067d, 0x067d, 0x067d, 0x067d, 0x067d, 0x067d, 0x1093, 0x1093, 0x1093, 0x1093, 0x1093, 0x1093, 0x5000, 0xec46, 0xfd4c, 0xfd4c, 
  0xfd4c, 0xfd4c, 0xec46, 0x9aa2, 0x067d, 0x067d, 0x067d, 0x067d, 0x067d, 0x067d, 0x067d, 0x067d, 0x067d, 0x067d, 0x067d, 0x067d, 
  0x1093, 0x1093, 0x9aa2, 0x52aa, 0x9cd3, 0xffff, 0xffff, 0x9cd3, 0xffff, 0xfd4c, 0xfd4c, 0xfd4c, 0xfd4c, 0xec46, 0x9aa2, 0x067d, 
  0x067d, 0x067d, 0x067d, 0x067d, 0x067d, 0x067d, 0xfd4c, 0xfd4c, 0xfaa2, 0xfaa2, 0xfaa2, 0xfaa2, 0xfaa2, 0xfaa2, 0xfaa2, 0x9aa2, 
  0x1093, 0x52bf, 0x9cd3, 0xffff, 0xffff, 0xfd4c, 0x0000, 0x0000, 0x067d, 0x067d, 0x067d, 0x067d, 0x067d, 0x067d, 0x067d, 0x067d, 
  0x1093, 0x1093, 0x9aa2, 0x52aa, 0x9cd3, 0xffff, 0xffff, 0x9cd3, 0xffff, 0xfd4c, 0xfd4c, 0xfd4c, 0xfd4c, 0xec46, 0x9aa2, 0x067d, 
  0x067d, 0x067d, 0x067d, 0x067d, 0x067d, 0x5000, 0x52bf, 0x1093, 0x1093, 0x1093, 0x1093, 0x1093, 0x52aa, 0x9cd3, 0x9cd3, 0x1093, 
  0x1093, 0x52bf, 0x9cd3, 0xffff, 0xffff, 0xfd4c, 0x0000, 0x0000, 0x067d, 0x067d, 0x067d, 0x067d, 0x067d, 0x067d, 0x067d, 0x067d, 
  0x52bf, 0x0000, 0x1093, 0x5000, 0x5000, 0x5000, 0x1093, 0x0000, 0x52bf, 0x067d, 0x067d, 0x067d, 0x067d, 0x067d, 0x067d, 0x067d, 
  0x067d, 0x067d, 0x52bf, 0x1093, 0x1093, 0x1093, 0x1093, 0x1093, 0x1093, 0x1093, 0x1093, 0x52bf, 0x52bf, 0x9cd3, 0xffff, 0xffff, 
  0x0000, 0x52aa, 0x52bf, 0x067d, 0x067d, 0x067d, 0x067d, 0x067d, 0x067d, 0x067d, 0x067d, 0x067d, 0x067d, 0x52bf, 0x1093, 0x1093, 
  0x1093, 0x52bf, 0x1093, 0x1093, 0x52bf, 0x52bf, 0x52bf, 0x52bf, 0x52bf, 0x52bf, 0x52bf, 0x52bf, 0x52bf, 0x52bf, 0x067d, 0x067d, 
  0x067d, 0x067d, 0x067d, 0xfaa2, 0x067d, 0x067d, 0x52aa, 0x52aa, 0x9cd3, 0x9cd3, 0x9cd3, 0x1093, 0xec46, 0x52bf, 0x52bf, 0x52bf, 
  0x9cdf, 0xffff, 0x9cdf, 0x067d, 0x1093, 0x067d, 0x067d, 0x067d, 0x067d, 0x067d, 0x52bf, 0x52bf, 0x52bf, 0x52bf, 0x1093, 0x9cd3, 
  0xffff, 0xffff, 0x9cd3, 0xfd4c, 0xec46, 0x52aa, 0x9cd3, 0xffff, 0x9cd3, 0x52aa, 0x9aa2, 0x5000, 0x5000, 0x0000, 0x067d, 0x067d, 
  0x067d, 0x1093, 0x1093, 0x52bf, 0x1093, 0x52bf, 0x52bf, 0x52bf, 0x52bf, 0x52bf, 0x52bf, 0x52bf, 0x52bf, 0x52bf, 0x9cdf, 0xffff, 
  0xffff, 0xffff, 0x9cdf, 0x52bf, 0x52bf, 0x52bf, 0x067d, 0x067d, 0x067d, 0x067d, 0x067d, 0x6b7f, 0x1093, 0x0000, 0x0000, 0x1093, 
  0x5000, 0xfdb2, 0x5000, 0x5000, 0x0000, 0x1093, 0xb369, 0xec46, 0xec46, 0x9000, 0x067d, 0x067d, 0x067d, 0x067d, 0x067d, 0x067d, 
  0x067d, 0x067d, 0x067d, 0x067d, 0x067d, 0x067d, 0x067d, 0x52bf, 0x1093, 0xec46, 0x1093, 0x1093, 0x1093, 0x9aa2, 0xec46, 0xffff, 
  0x9aa2, 0x067d, 0x067d, 0x067d, 0x067d, 0x067d, 0x067d, 0x067d, 0x067d, 0x067d, 0x067d, 0x067d, 0x067d, 0x067d, 0xfd4c, 0x9aa2, 
  0x1093, 0x1093, 0x1093, 0x1093, 0x1093, 0x9aa2, 0xec46, 0xffff, 0x9aa2, 0x5000, 0x9aa2, 0x067d, 0x067d, 0x067d, 0x067d, 0x067d, 
  0x067d, 0x067d, 0x067d, 0x067d, 0x067d, 0x067d, 0xfd4c, 0x9aa2, 0x1093, 0x1093, 0x1093, 0x1093, 0x1093, 0x9aa2, 0xec46, 0xffff, 
  0x9aa2, 0x5000, 0x9aa2, 0x067d, 0x067d, 0x067d, 0x067d, 0x067d, 0x067d, 0x9cd3, 0xffff, 0xffff, 0xffff, 0xffff, 0x9cd3, 0x1093, 
  0x1093, 0x1093, 0x1093, 0x1093, 0x1093, 0x5000, 0x5000, 0x5000, 0x9cd3, 0x9cd3, 0x52aa, 0x9aa2, 0x067d, 0x067d, 0x067d, 0x067d, 
  0x067d, 0x067d, 0x067d, 0x9cd3, 0x9cd3, 0x9aa2, 0xec46, 0xfd4c, 0xfd4c, 0xec46, 0x1093, 0x1093, 0x1093, 0x9aa2, 0xec46, 0x5000, 
  0xfd4c, 0xfd4c, 0xec46, 0x067d, 0x067d, 0x067d, 0x067d, 0x067d, 0x067d, 0x067d, 0x067d, 0x067d, 0x067d, 0x067d, 0x067d, 0x067d, 
  0x067d, 0x9aa2, 0xec46, 0x52aa, 0x9cd3, 0xffff, 0xffff, 0x9cd3, 0x52aa, 0xec46, 0xfd4c, 0xec46, 0x5000, 0x5000, 0x067d, 0x067d, 
  0x067d, 0xfd4c, 0x067d, 0xfd4c, 0xfd4c, 0xfd4c, 0xfd4c, 0xfaa2, 0xfd4c, 0xfaa2, 0xfaa2, 0xfaa2, 0xfaa2, 0xfaa2, 0xffff, 0x9cd3, 
  0xffff, 0xfd4c, 0xfd4c, 0xfd4c, 0xfd4c, 0xec46, 0x9aa2, 0x067d, 0x067d, 0x067d, 0x067d, 0x067d, 0x067d, 0x067d, 0x067d, 0x067d, 
  0x067d, 0x9aa2, 0xec46, 0x52aa, 0x9cd3, 0xfaa2, 0xfaa2, 0xfaa2, 0x52aa, 0xfaa2, 0xfd4c, 0xec46, 0x5000, 0x5000, 0x067d, 0x067d, 
  0x067d, 0x067d, 0x067d, 0x5000, 0x5000, 0x5000, 0x5000, 0x5000, 0x1093, 0x1093, 0x9aa2, 0x52aa, 0x9cd3, 0xffff, 0xffff, 0x9cd3, 
  0xffff, 0xfd4c, 0xfd4c, 0xfd4c, 0xfd4c, 0xec46, 0x9aa2, 0x067d, 0x067d, 0x067d, 0x067d, 0x067d, 0x067d, 0x067d, 0x067d, 0x52bf, 
  0x1093, 0x1093, 0x5000, 0xfd4c, 0xfd4c, 0xffff, 0x5000, 0x1093, 0x1093, 0x52bf, 0x067d, 0x067d, 0x067d, 0x067d, 0x067d, 0x067d, 
  0x067d, 0x067d, 0x52bf, 0x1093, 0x0000, 0x0000, 0x52bf, 0x52bf, 0x1093, 0x1093, 0x1093, 0x52bf, 0x52bf, 0xffff, 0xffff, 0xffff, 
  0x0000, 0x0000, 0x52bf, 0x067d, 0x067d, 0x067d, 0x067d, 0x067d, 0x067d, 0x067d, 0x067d, 0x067d, 0x52bf, 0x52bf, 0x1093, 0x1093, 
  0x1093, 0x1093, 0x1093, 0x1093, 0x52bf, 0x52bf, 0x52bf, 0x52bf, 0x52bf, 0x52bf, 0x9cdf, 0x52bf, 0x52bf, 0x52bf, 0x067d, 0x067d, 
  0x067d, 0x067d, 0x067d, 0x067d, 0x067d, 0x067d, 0x067d, 0x9aa2, 0x52aa, 0x52aa, 0x52aa, 0x5000, 0x1093, 0x52bf, 0x52bf, 0x9cdf, 
  0xffff, 0xffff, 0xffff, 0x9cdf, 0x1093, 0x067d, 0x067d, 0x067d, 0x067d, 0x067d, 0x52bf, 0x52bf, 0x52bf, 0x52bf, 0x52bf, 0x1093, 
  0x9cd3, 0x9cd3, 0x52bf, 0xfd4c, 0x9aa2, 0x5000, 0x1093, 0xfd4c, 0x5000, 0x52aa, 0x9cd3, 0x5000, 0x5000, 0x0000, 0x067d, 0x067d, 
  0x067d, 0x1093, 0x1093, 0x1093, 0x52bf, 0x52bf, 0x52bf, 0x52bf, 0x52bf, 0x52bf, 0x52bf, 0x52bf, 0x52bf, 0x52bf, 0x9cdf, 0xffff, 
  0xffff, 0xffff, 0x9cdf, 0x52bf, 0x52bf, 0x52bf, 0x067d, 0x067d, 0x067d, 0x067d, 0x067d, 0x6b7f, 0x1093, 0x0000, 0x067d, 0x1093, 
  0x5000, 0xb369, 0xffff, 0x9492, 0xb5b6, 0x9492, 0xb369, 0xec46, 0xffff, 0x9000, 0xb5b6, 0xffff, 0x9492, 0x067d, 0x067d, 0x067d, 
  0x067d, 0x067d, 0x067d, 0x067d, 0x067d, 0x067d, 0x067d, 0x067d, 0xec46, 0x1093, 0x1093, 0x1093, 0x1093, 0x9aa2, 0xec46, 0xfd4c, 
  0x9aa2, 0x067d, 0x067d, 0x067d, 0x067d, 0x067d, 0x067d, 0x067d, 0x067d, 0x067d, 0x067d, 0x067d, 0x067d, 0x067d, 0x067d, 0xec46, 
  0x5000, 0x9cd3, 0x52aa, 0x52aa, 0x1093, 0x9aa2, 0xec46, 0xfd4c, 0x9aa2, 0x5000, 0x52aa, 0x067d, 0x067d, 0x067d, 0x067d, 0x067d, 
  0x067d, 0x067d, 0x067d, 0x067d, 0x067d, 0x067d, 0x067d, 0xec46, 0x5000, 0x9cd3, 0x52aa, 0x52aa, 0x1093, 0x9aa2, 0xec46, 0xfd4c, 
  0x9aa2, 0x5000, 0x52aa, 0x067d, 0x067d, 0x067d, 0x067d, 0x067d, 0x067d, 0x9cd3, 0xffff, 0xffff, 0xffff, 0xffff, 0x52aa, 0x1093, 
  0x1093, 0x1093, 0x1093, 0x1093, 0x5000, 0x9aa2, 0x9aa2, 0x9cd3, 0xffff, 0xffff, 0xffff, 0x52aa, 0xec46, 0x067d, 0x067d, 0x067d, 
  0x067d, 0x067d, 0x9cd3, 0xffff, 0xffff, 0x9cd3, 0x5000, 0x9aa2, 0x1093, 0x1093, 0xec46, 0x9aa2, 0x1093, 0x5000, 0x9aa2, 0x9aa2, 
  0x9aa2, 0xec46, 0x067d, 0x067d, 0x067d, 0x067d, 0x067d, 0x067d, 0x067d, 0x067d, 0x067d, 0x067d, 0x067d, 0x067d, 0x067d, 0x067d, 
  0x067d, 0x067d, 0x5000, 0x52aa, 0x9cd3, 0xffff, 0xffff, 0x52aa, 0x5000, 0x9aa2, 0x9aa2, 0x9aa2, 0x5000, 0x067d, 0x067d, 0x067d, 
  0x067d, 0x067d, 0x067d, 0x067d, 0xfd4c, 0xfaa2, 0xfd4c, 0xfaa2, 0xfaa2, 0xfaa2, 0xfaa2, 0xfaa2, 0x5000, 0xffff, 0xffff, 0x9cd3, 
  0x52aa, 0xec46, 0xfd4c, 0xec46, 0x5000, 0x5000, 0x067d, 0x067d, 0x067d, 0x067d, 0x067d, 0x067d, 0x067d, 0x067d, 0x067d, 0x067d, 
  0x067d, 0x0000, 0x5000, 0x52aa, 0x9cd3, 0xffff, 0xffff, 0x52aa, 0x5000, 0x9aa2, 0xfaa2, 0xfaa2, 0xfaa2, 0x067d, 0x067d, 0x067d, 
  0x067d, 0x067d, 0x067d, 0x5000, 0x5000, 0x5000, 0x5000, 0x5000, 0x0000, 0x9aa2, 0xec46, 0x52aa, 0x9cd3, 0xffff, 0xffff, 0x9cd3, 
  0x52aa, 0xfd4c, 0xfd4c, 0xec46, 0x5000, 0x5000, 0x067d, 0x067d, 0x067d, 0x067d, 0x067d, 0x067d, 0x067d, 0x067d, 0x067d, 0x067d, 
  0x067d, 0x1093, 0x5000, 0xfd4c, 0xec46, 0xec46, 0x5000, 0x1093, 0x067d, 0x067d, 0x067d, 0x067d, 0x067d, 0x067d, 0x067d, 0x067d, 
  0x067d, 0x067d, 0x52bf, 0x067d, 0x52bf, 0x52bf, 0x52bf, 0x1093, 0x1093, 0x1093, 0x1093, 0x52bf, 0x52bf, 0xffff, 0xffff, 0xffff, 
  0xffff, 0x9cd3, 0x52aa, 0xffff, 0x067d, 0x067d, 0x067d, 0x067d, 0x067d, 0x067d, 0x067d, 0x067d, 0x52bf, 0x1093, 0x1093, 0x1093, 
  0x1093, 0x1093, 0x1093, 0x1093, 0x52bf, 0x52bf, 0x52bf, 0x52bf, 0x52bf, 0x9cdf, 0xffff, 0x9cdf, 0x52bf, 0x52bf, 0x067d, 0x067d, 
  0x067d, 0x067d, 0x067d, 0x067d, 0x067d, 0x067d, 0x5000, 0xfd4c, 0xfd4c, 0xfd4c, 0xfd4c, 0x9aa2, 0x5000, 0x52bf, 0x52bf, 0x52bf, 
  0x9cdf, 0xffff, 0x9cdf, 0x52bf, 0x1093, 0x067d, 0x067d, 0x067d, 0x067d, 0x067d, 0xfd4c, 0xfd4c, 0xec46, 0x52bf, 0x52bf, 0x52bf, 
  0x52bf, 0x52bf, 0x9aa2, 0x9aa2, 0x5000, 0x1093, 0xec46, 0x9aa2, 0x52bf, 0x52bf, 0x52aa, 0x9cd3, 0x0000, 0x0000, 0x067d, 0x067d, 
  0x067d, 0x1093, 0x1093, 0x1093, 0x52bf, 0x52bf, 0x52bf, 0x52bf, 0x52bf, 0x52bf, 0x52bf, 0x52bf, 0x52bf, 0x52bf, 0x52bf, 0x9cdf, 
  0xffff, 0x9cdf, 0x52bf, 0x52bf, 0x52bf, 0x52bf, 0x067d, 0x067d, 0x067d, 0x067d, 0x067d, 0x067d, 0x6b7f, 0x067d, 0x1093, 0x6b7f, 
  0x9492, 0xffff, 0xb5b6, 0xffff, 0xffff, 0xb5b6, 0x9492, 0xec46, 0xffff, 0x9000, 0x9492, 0xb5b6, 0xb5b6, 0x9492, 0x067d, 0x067d, 
  0x067d, 0x067d, 0x067d, 0x067d, 0x067d, 0x067d, 0x067d, 0x9aa2, 0xec46, 0x067d, 0x1093, 0x1093, 0x52bf, 0x5000, 0x9aa2, 0x9aa2, 
  0x52aa, 0x9cd3, 0x067d, 0x067d, 0x067d, 0x067d, 0x067d, 0x067d, 0x067d, 0x067d, 0x067d, 0x067d, 0x067d, 0x067d, 0x067d, 0x9cd3, 
  0x9cd3, 0xffff, 0x52aa, 0x9cd3, 0x1093, 0x5000, 0x9aa2, 0x9aa2, 0x52aa, 0x9cd3, 0x9cd3, 0x52aa, 0x067d, 0x067d, 0x067d, 0x067d, 
  0x067d, 0x067d, 0x067d, 0x067d, 0x067d, 0x067d, 0x067d, 0x9cd3, 0x9cd3, 0xffff, 0x52aa, 0x9cd3, 0x1093, 0x5000, 0x9aa2, 0x9aa2, 
  0x52aa, 0x9cd3, 0x9cd3, 0x52aa, 0x067d, 0x067d, 0x067d, 0x067d, 0x067d, 0x52aa, 0xffff, 0x9cd3, 0x9cd3, 0x9cd3, 0x52aa, 0x067d, 
  0x1093, 0x1093, 0x1093, 0x52bf, 0x52bf, 0x9aa2, 0x067d, 0x52aa, 0xffff, 0xffff, 0xffff, 0x52aa, 0x9aa2, 0x067d, 0x067d, 0x067d, 
  0x067d, 0x9cd3, 0xffff, 0xffff, 0xffff, 0xffff, 0x9cd3, 0x1093, 0x1093, 0x1093, 0x1093, 0x1093, 0x1093, 0x5000, 0x5000, 0x5000, 
  0x067d, 0x067d, 0x067d, 0x067d, 0x067d, 0x067d, 0x067d, 0x067d, 0x067d, 0x067d, 0x5000, 0x5000, 0x5000, 0x067d, 0x067d, 0x067d, 
  0x067d, 0x067d, 0x0000, 0x1093, 0x52aa, 0x9cd3, 0x52aa, 0x52aa, 0x5000, 0x52aa, 0x9cd3, 0x067d, 0x5000, 0x5000, 0x067d, 0x067d, 
  0x067d, 0x067d, 0xfaa2, 0xfd4c, 0xfd4c, 0xfd4c, 0xfaa2, 0xfaa2, 0xfaa2, 0xfaa2, 0xfaa2, 0x5000, 0x9cd3, 0xffff, 0xffff, 0x52aa, 
  0x9aa2, 0x9aa2, 0x9aa2, 0x9aa2, 0x067d, 0x067d, 0x067d, 0x067d, 0x067d, 0x067d, 0x067d, 0x067d, 0x067d, 0x067d, 0x067d, 0x067d, 
  0x067d, 0x0000, 0x1093, 0x1093, 0x52aa, 0x9cd3, 0x52aa, 0x52aa, 0xfaa2, 0xfaa2, 0x9cd3, 0xfaa2, 0xfd4c, 0xfaa2, 0x067d, 0x067d, 
  0x067d, 0x067d, 0x5000, 0x5000, 0x5000, 0x5000, 0x52aa, 0x0000, 0x0000, 0x1093, 0x5000, 0x52aa, 0x9cd3, 0xffff, 0xffff, 0x52aa, 
  0x5000, 0x9aa2, 0x9aa2, 0x9aa2, 0x067d, 0x067d, 0x067d, 0x067d, 0x067d, 0x067d, 0x067d, 0x067d, 0x067d, 0x067d, 0x067d, 0x067d, 
  0x067d, 0x52bf, 0x1093, 0x5000, 0x9aa2, 0x5000, 0x1093, 0x52bf, 0x067d, 0x067d, 0x067d, 0x067d, 0x067d, 0x067d, 0x067d, 0x067d, 
  0x067d, 0x067d, 0x067d, 0x52bf, 0x52bf, 0x1093, 0x1093, 0x1093, 0x1093, 0x1093, 0x1093, 0x1093, 0x9aa2, 0x52bf, 0xffff, 0xffff, 
  0xffff, 0xfd4c, 0x0000, 0x0000, 0x067d, 0x067d, 0x067d, 0x067d, 0x067d, 0x067d, 0x067d, 0x067d, 0x1093, 0x1093, 0x1093, 0x1093, 
  0x52bf, 0x1093, 0x1093, 0x1093, 0x1093, 0x1093, 0x52bf, 0x52bf, 0x9cdf, 0xffff, 0xffff, 0xffff, 0x9cdf, 0x52bf, 0x067d, 0x067d, 
  0x067d, 0x067d, 0x067d, 0x067d, 0x067d, 0x9aa2, 0xfd4c, 0xec46, 0xec46, 0xec46, 0xec46, 0xec46, 0x9aa2, 0x5000, 0x52bf, 0x52bf, 
  0x52bf, 0x9cdf, 0x52bf, 0x1093, 0x1093, 0x067d, 0x067d, 0x067d, 0x067d, 0x067d, 0x1093, 0x9aa2, 0x9aa2, 0x52bf, 0x52bf, 0x52bf, 
  0x52bf, 0x52bf, 0x52bf, 0x5000, 0x52bf, 0x1093, 0x52bf, 0x52bf, 0x52bf, 0x52bf, 0x1093, 0x52aa, 0x067d, 0x067d, 0x067d, 0x067d, 
  0x067d, 0x1093, 0x1093, 0x52bf, 0x1093, 0x52bf, 0x52bf, 0x52bf, 0x52bf, 0x52bf, 0x52bf, 0x52bf, 0x52bf, 0x52bf, 0x52bf, 0x52bf, 
  0x52bf, 0x52bf, 0x52bf, 0x52bf, 0x52bf, 0x52bf, 0x067d, 0x067d, 0x067d, 0x067d, 0x067d, 0x067d, 0x067d, 0x067d, 0x1093, 0x6b7f, 
  0x1093, 0x9492, 0xffff, 0xffff, 0xffff, 0x9492, 0x9492, 0xfd4c, 0xfd4c, 0x9000, 0xffff, 0x9492, 0x9492, 0xb5b6, 0x067d, 0x067d, 
  0x067d, 0x067d, 0x067d, 0x067d, 0x067d, 0x067d, 0x52aa, 0xffff, 0x9cd3, 0x52aa, 0x067d, 0x1093, 0x52bf, 0x52bf, 0x52bf, 0x1093, 
  0x1093, 0xffff, 0x52aa, 0x067d, 0x067d, 0x067d, 0x067d, 0x067d, 0x067d, 0x067d, 0x067d, 0x067d, 0x067d, 0x067d, 0x067d, 0x9cd3, 
  0xffff, 0xffff, 0xffff, 0xffff, 0x9cd3, 0x52bf, 0x52bf, 0x1093, 0x1093, 0x9cd3, 0xffff, 0x9cd3, 0x067d, 0x067d, 0x067d, 0x067d, 
  0x067d, 0x067d, 0x067d, 0x067d, 0x067d, 0x067d, 0x067d, 0x9cd3, 0xffff, 0xffff, 0xffff, 0xffff, 0x9cd3, 0x52bf, 0x52bf, 0x1093, 
  0x1093, 0x9cd3, 0xffff, 0x9cd3, 0x067d, 0x067d, 0x067d, 0x067d, 0x067d, 0x067d, 0x52aa, 0xffff, 0x52aa, 0x52aa, 0x067d, 0x067d, 
  0x067d, 0x0000, 0x1093, 0x1093, 0x1093, 0x52bf, 0x52bf, 0x52aa, 0x52aa, 0xffff, 0xffff, 0x52aa, 0x067d, 0x067d, 0x067d, 0x067d, 
  0x067d, 0x9cd3, 0xffff, 0xffff, 0xffff, 0xffff, 0x52aa, 0x1093, 0x1093, 0x1093, 0x1093, 0x1093, 0x5000, 0x9aa2, 0x9aa2, 0x5000, 
  0x9aa2, 0x067d, 0x067d, 0x067d, 0x067d, 0x067d, 0x067d, 0x067d, 0x067d, 0x5000, 0x9aa2, 0x52aa, 0x9cd3, 0x067d, 0x067d, 0x067d, 
  0x067d, 0x0000, 0x1093, 0x1093, 0x1093, 0x52aa, 0x52aa, 0x5000, 0x52aa, 0x52aa, 0x9cd3, 0x067d, 0x067d, 0x5000, 0x5000, 0x067d, 
  0x067d, 0x067d, 0x9aa2, 0xfaa2, 0xfaa2, 0xfaa2, 0xfaa2, 0xfaa2, 0x5000, 0x5000, 0x5000, 0x1093, 0x52aa, 0x9cd3, 0x52aa, 0x52aa, 
  0x5000, 0x52aa, 0x9cd3, 0x067d, 0x067d, 0x067d, 0x067d, 0x067d, 0x067d, 0x067d, 0x067d, 0x067d, 0x067d, 0x067d, 0x067d, 0x067d, 
  0x067d, 0x0000, 0x1093, 0x1093, 0x1093, 0x52aa, 0x52aa, 0x5000, 0x52aa, 0xfd4c, 0xfd4c, 0xfd4c, 0xfd4c, 0xfd4c, 0x9aa2, 0x067d, 
  0x067d, 0x067d, 0x5000, 0x5000, 0x5000, 0x5000, 0x52aa, 0x1093, 0x1093, 0x0000, 0x1093, 0x52bf, 0x52aa, 0x9cd3, 0x52aa, 0x52aa, 
  0x5000, 0x52aa, 0x9cd3, 0x067d, 0x067d, 0x067d, 0x067d, 0x067d, 0x067d, 0x067d, 0x067d, 0x067d, 0x067d, 0x067d, 0x067d, 0x067d, 
  0x067d, 0x52bf, 0x1093, 0x067d, 0x067d, 0x067d, 0x1093, 0x52bf, 0x067d, 0x067d, 0x067d, 0x067d, 0x067d, 0x067d, 0x067d, 0x067d, 
  0x067d, 0x067d, 0x067d, 0x52bf, 0x1093, 0x1093, 0x1093, 0x1093, 0x1093, 0x1093, 0x5000, 0x9aa2, 0xfd4c, 0xfd4c, 0xfd4c, 0xfd4c, 
  0xfd4c, 0xec46, 0x9aa2, 0x067d, 0x067d, 0x067d, 0x067d, 0x067d, 0x067d, 0x067d, 0x067d, 0x067d, 0x52aa, 0x1093, 0x1093, 0x52bf, 
  0x1093, 0x52bf, 0x1093, 0x1093, 0x5000, 0x52bf, 0x52bf, 0x52bf, 0x52bf, 0x9cdf, 0xffff, 0x9cdf, 0x9aa2, 0x9cdf, 0x067d, 0x067d, 
  0x067d, 0x067d, 0x067d, 0x067d, 0xffff, 0x52aa, 0xec46, 0x9cdf, 0x9cdf, 0x9cdf, 0x52bf, 0x9aa2, 0x52bf, 0x52bf, 0x52bf, 0x52bf, 
  0x52bf, 0x52bf, 0x1093, 0x1093, 0x1093, 0x067d, 0x067d, 0x067d, 0x067d, 0x067d, 0x1093, 0x1093, 0x1093, 0x1093, 0x52bf, 0x52bf, 
  0x52bf, 0x52bf, 0x52bf, 0x52bf, 0x1093, 0x1093, 0x52bf, 0x52bf, 0x52bf, 0x52bf, 0x1093, 0x0000, 0x067d, 0x067d, 0x067d, 0x067d, 
  0x067d, 0x1093, 0x1093, 0x1093, 0x52bf, 0x52bf, 0x52bf, 0x52bf, 0x52bf, 0x52bf, 0x52bf, 0x52bf, 0x52bf, 0x52bf, 0x52bf, 0x52bf, 
  0x52bf, 0x52bf, 0x52bf, 0x52bf, 0x52bf, 0x52bf, 0x067d, 0x067d, 0x067d, 0x067d, 0x067d, 0x067d, 0x067d, 0x067d, 0x1093, 0x1093, 
  0x067d, 0x9492, 0xffff, 0xffff, 0xffff, 0xffff, 0x6b7f, 0x9000, 0x9000, 0x1093, 0xb5b6, 0x9492, 0xffff, 0xb5b6, 0x067d, 0x067d, 
  0x067d, 0x067d, 0x067d, 0x067d, 0x067d, 0x52aa, 0xffff, 0xffff, 0x9cd3, 0x52aa, 0x067d, 0x1093, 0x52bf, 0x067d, 0x0000, 0x1093, 
  0x0000, 0x9cd3, 0xffff, 0x067d, 0x067d, 0x067d, 0x067d, 0x067d, 0x067d, 0x067d, 0x067d, 0x067d, 0x067d, 0x067d, 0x067d, 0x52aa, 
  0x9cd3, 0xffff, 0xffff, 0x9cd3, 0x52bf, 0x067d, 0x0000, 0x1093, 0x0000, 0x52aa, 0x9cd3, 0x9cd3, 0x067d, 0x067d, 0x067d, 0x067d, 
  0x067d, 0x067d, 0x067d, 0x067d, 0x067d, 0x067d, 0x067d, 0x52aa, 0x9cd3, 0xffff, 0xffff, 0x9cd3, 0x52bf, 0x067d, 0x0000, 0x1093, 
  0x0000, 0x52aa, 0x9cd3, 0x9cd3, 0x067d, 0x067d, 0x067d, 0x067d, 0x067d, 0x067d, 0x067d, 0x067d, 0x067d, 0x067d, 0x067d, 0x067d, 
  0x067d, 0x0000, 0x0000, 0x0000, 0x1093, 0x1093, 0x1093, 0x52bf, 0xffff, 0x52aa, 0x52aa, 0x067d, 0x067d, 0x067d, 0x067d, 0x067d, 
  0x067d, 0x52aa, 0xffff, 0x9cd3, 0x9cd3, 0x9cd3, 0x52aa, 0x067d, 0x1093, 0x1093, 0x1093, 0x52bf, 0x52bf, 0x9aa2, 0x5000, 0x5000, 
  0x9aa2, 0x067d, 0x067d, 0x067d, 0x067d, 0x067d, 0x067d, 0x067d, 0x5000, 0x9aa2, 0x9aa2, 0x52aa, 0x1093, 0x52aa, 0x067d, 0x067d, 
  0x067d, 0x1093, 0x52bf, 0x1093, 0x1093, 0x1093, 0x1093, 0x1093, 0x1093, 0x067d, 0x067d, 0x067d, 0x067d, 0x5000, 0x5000, 0x0000, 
  0x067d, 0x9aa2, 0xfaa2, 0xfaa2, 0xfd4c, 0xfd4c, 0x5000, 0x5000, 0x52bf, 0x52bf, 0x1093, 0x1093, 0x1093, 0x52aa, 0x52aa, 0x5000, 
  0x52aa, 0x52aa, 0x9cd3, 0x067d, 0x067d, 0x067d, 0x5000, 0x067d, 0x067d, 0x067d, 0x067d, 0x067d, 0x067d, 0x067d, 0x067d, 0x067d, 
  0x1093, 0x0000, 0x1093, 0x1093, 0x1093, 0x52bf, 0x067d, 0x067d, 0x067d, 0x067d, 0x067d, 0x067d, 0xfaa2, 0xfaa2, 0xfaa2, 0x067d, 
  0x067d, 0x5000, 0x5000, 0x5000, 0x5000, 0x067d, 0x067d, 0x067d, 0x067d, 0x067d, 0x0000, 0x1093, 0x1093, 0x52aa, 0x52aa, 0x5000, 
  0x52aa, 0x52aa, 0x9cd3, 0x067d, 0x067d, 0x067d, 0x067d, 0x067d, 0x067d, 0x067d, 0x067d, 0x067d, 0x067d, 0x067d, 0x067d, 0x067d, 
  0x067d, 0x52bf, 0x1093, 0x067d, 0x067d, 0x067d, 0x1093, 0x52bf, 0x067d, 0x067d, 0x067d, 0x067d, 0x067d, 0x067d, 0x067d, 0x067d, 
  0x067d, 0x067d, 0x067d, 0x52bf, 0x1093, 0x1093, 0x1093, 0x1093, 0x1093, 0x1093, 0x1093, 0x5000, 0x9aa2, 0xec46, 0xec46, 0xec46, 
  0xec46, 0x5000, 0x067d, 0x067d, 0x067d, 0x067d, 0x067d, 0x067d, 0x067d, 0x067d, 0x9aa2, 0x9aa2, 0x9cd3, 0x52aa, 0x52bf, 0x52bf, 
  0x9aa2, 0xec46, 0x1093, 0x5000, 0x9aa2, 0x9aa2, 0x52bf, 0x52bf, 0x52bf, 0x52bf, 0x9cdf, 0x5000, 0x9aa2, 0x9aa2, 0x067d, 0x067d, 
  0x067d, 0x067d, 0x067d, 0x067d, 0x0000, 0x0000, 0x9cd3, 0x9cdf, 0x9cdf, 0x9cdf, 0x9cdf, 0x52bf, 0x52bf, 0x52bf, 0x52bf, 0x52bf, 
  0x52bf, 0x1093, 0x1093, 0x1093, 0x067d, 0x1093, 0x067d, 0x067d, 0x067d, 0x067d, 0x1093, 0x1093, 0x1093, 0x1093, 0x1093, 0x52bf, 
  0x52bf, 0x52bf, 0x52bf, 0x1093, 0x1093, 0x1093, 0x1093, 0x52bf, 0x52bf, 0x1093, 0x1093, 0x0000, 0x067d, 0x067d, 0x067d, 0x067d, 
  0x067d, 0x1093, 0x1093, 0x1093, 0x1093, 0x1093, 0x52bf, 0x52bf, 0x52bf, 0x52bf, 0x52bf, 0x52bf, 0x52bf, 0x52bf, 0x52bf, 0x52bf, 
  0x52bf, 0x52bf, 0x52bf, 0x52bf, 0x52bf, 0x52bf, 0x067d, 0x067d, 0x067d, 0x067d, 0x067d, 0x067d, 0x067d, 0x067d, 0x1093, 0x067d, 
  0x067d, 0x067d, 0xb5b6, 0xffff, 0xb5b6, 0x9492, 0x1093, 0x1093, 0x1093, 0x9492, 0x9492, 0x9492, 0x9492, 0x9492, 0x067d, 0x067d, 
  0x067d, 0x067d, 0x067d, 0x067d, 0x067d, 0x52aa, 0xffff, 0xffff, 0xffff, 0x52aa, 0x1093, 0x52bf, 0x067d, 0x067d, 0x0000, 0x1093, 
  0x0000, 0x9cd3, 0x52aa, 0x067d, 0x067d, 0x067d, 0x067d, 0x067d, 0x067d, 0x067d, 0x067d, 0x067d, 0x067d, 0x067d, 0x067d, 0x067d, 
  0x52aa, 0x9cd3, 0x52aa, 0x52bf, 0x067d, 0x067d, 0x0000, 0x1093, 0x0000, 0x52aa, 0x52aa, 0x067d, 0x067d, 0x067d, 0x067d, 0x067d, 
  0x067d, 0x067d, 0x067d, 0x067d, 0x067d, 0x067d, 0x067d, 0x067d, 0x52aa, 0x9cd3, 0x52aa, 0x52bf, 0x067d, 0x067d, 0x0000, 0x1093, 
  0x0000, 0x52aa, 0x52aa, 0x067d, 0x067d, 0x067d, 0x067d, 0x067d, 0x067d, 0x067d, 0x067d, 0x067d, 0x067d, 0x067d, 0x067d, 0x067d, 
  0x0000, 0x1093, 0x1093, 0x067d, 0x067d, 0x067d, 0x1093, 0x52bf, 0x067d, 0x067d, 0x067d, 0x067d, 0x067d, 0x067d, 0x067d, 0x067d, 
  0x067d, 0x067d, 0x52aa, 0xffff, 0x52aa, 0x52aa, 0x067d, 0x067d, 0x067d, 0x0000, 0x1093, 0x1093, 0x1093, 0x52bf, 0x52bf, 0x5000, 
  0xec46, 0x067d, 0x067d, 0x067d, 0x067d, 0x067d, 0x067d, 0x067d, 0x5000, 0x9aa2, 0x9aa2, 0x9cd3, 0x52bf, 0x1093, 0x1093, 0x067d, 
  0x1093, 0x1093, 0x52bf, 0x52bf, 0x1093, 0x0000, 0x0000, 0x0000, 0x0000, 0x1093, 0x067d, 0x067d, 0x5000, 0x5000, 0x5000, 0x0000, 
  0x9aa2, 0x9aa2, 0x9aa2, 0x9aa2, 0x9aa2, 0x9aa2, 0x067d, 0x067d, 0x067d, 0x067d, 0x0000, 0x0000, 0x1093, 0x1093, 0x067d, 0x067d, 
  0x067d, 0x067d, 0x067d, 0x067d, 0x067d, 0x067d, 0x5000, 0x067d, 0x067d, 0x067d, 0x0000, 0x0000, 0x52aa, 0x9cd3, 0x067d, 0x1093, 
  0x1093, 0x0000, 0x067d, 0x067d, 0x1093, 0x1093, 0x52bf, 0x067d, 0x067d, 0x067d, 0x067d, 0x067d, 0xfaa2, 0xfaa2, 0xfaa2, 0x067d, 
  0x067d, 0x5000, 0x5000, 0x5000, 0x067d, 0x067d, 0x067d, 0x067d, 0x067d, 0x067d, 0x067d, 0x0000, 0x1093, 0x1093, 0x52bf, 0x067d, 
  0x067d, 0x067d, 0x067d, 0x067d, 0x067d, 0x067d, 0xfaa2, 0x067d, 0x067d, 0x067d, 0x067d, 0x067d, 0x067d, 0x067d, 0x067d, 0x067d, 
  0x52bf, 0x1093, 0x067d, 0x067d, 0x067d, 0x067d, 0x067d, 0x1093, 0x52bf, 0x067d, 0x067d, 0x067d, 0x067d, 0x067d, 0x067d, 0x067d, 
  0x067d, 0x067d, 0x067d, 0x52bf, 0x0000, 0x0000, 0x0000, 0x52bf, 0x1093, 0x1093, 0x1093, 0x1093, 0x5000, 0x52aa, 0x52aa, 0x52aa, 
  0x9aa2, 0x067d, 0x067d, 0x067d, 0x067d, 0x067d, 0x067d, 0x067d, 0x067d, 0x067d, 0x5000, 0x5000, 0x5000, 0x9cd3, 0x52aa, 0x5000, 
  0x9aa2, 0x1093, 0x5000, 0x9aa2, 0xfd4c, 0x52bf, 0x9cd3, 0x9cd3, 0x1093, 0x52bf, 0x52bf, 0x52bf, 0x52bf, 0x1093, 0x067d, 0x067d, 
  0x067d, 0x067d, 0x067d, 0x067d, 0x067d, 0x1093, 0x0000, 0x0000, 0x9cdf, 0x9cdf, 0x9cdf, 0x52bf, 0x52bf, 0x52bf, 0x52bf, 0x52bf, 
  0x52bf, 0x52bf, 0x52bf, 0x52bf, 0x52bf, 0x1093, 0x067d, 0x067d, 0x067d, 0x067d, 0x1093, 0x1093, 0x1093, 0x1093, 0x1093, 0x1093, 
  0x1093, 0x1093, 0x1093, 0x1093, 0x1093, 0x1093, 0x1093, 0x1093, 0x1093, 0x1093, 0x1093, 0x0000, 0x067d, 0x067d, 0x067d, 0x067d, 
  0x067d, 0x1093, 0x1093, 0x1093, 0x1093, 0x52bf, 0x1093, 0x52bf, 0x52bf, 0x52bf, 0x52bf, 0x52bf, 0x52bf, 0x52bf, 0x52bf, 0x52bf, 
  0x52bf, 0x52bf, 0x52bf, 0x52bf, 0x52bf, 0x52bf, 0x067d, 0x067d, 0x067d, 0x067d, 0x067d, 0x067d, 0x067d, 0x067d, 0x067d, 0x067d, 
  0x067d, 0x067d, 0x067d, 0x067d, 0x1093, 0x1093, 0x1093, 0x1093, 0x52bf, 0x067d, 0x067d, 0x067d, 0x067d, 0x067d, 0x067d, 0x067d, 
  0x067d, 0x067d, 0x067d, 0x067d, 0x067d, 0x52aa, 0x9cd3, 0x9cd3, 0x52aa, 0xffff, 0x1093, 0x52bf, 0x067d, 0x1093, 0x1093, 0x067d, 
  0x52aa, 0x52aa, 0x067d, 0x067d, 0x067d, 0x067d, 0x067d, 0x067d, 0x067d, 0x067d, 0x067d, 0x067d, 0x067d, 0x067d, 0x067d, 0x067d, 
  0x067d, 0x067d, 0x1093, 0x52bf, 0x067d, 0x1093, 0x52bf, 0x067d, 0x067d, 0x067d, 0x067d, 0x067d, 0x067d, 0x067d, 0x067d, 0x067d, 
  0x067d, 0x067d, 0x067d, 0x067d, 0x067d, 0x067d, 0x067d, 0x067d, 0x067d, 0x067d, 0x1093, 0x52bf, 0x067d, 0x1093, 0x52bf, 0x067d, 
  0x067d, 0x067d, 0x067d, 0x067d, 0x067d, 0x067d, 0x067d, 0x067d, 0x067d, 0x067d, 0x067d, 0x067d, 0x067d, 0x067d, 0x0000, 0x1093, 
  0x1093, 0x52bf, 0x067d, 0x067d, 0x52aa, 0x52aa, 0x1093, 0x1093, 0x067d, 0x067d, 0x067d, 0x067d, 0x067d, 0x067d, 0x067d, 0x067d, 
  0x067d, 0x067d, 0x067d, 0x067d, 0x067d, 0x067d, 0x067d, 0x067d, 0x067d, 0x0000, 0x0000, 0x0000, 0x1093, 0x1093, 0x1093, 0x52bf, 
  0x9aa2, 0x067d, 0x067d, 0x067d, 0x067d, 0x067d, 0x067d, 0x067d, 0x5000, 0xfaa2, 0x9aa2, 0x9cd3, 0x52aa, 0x52bf, 0x52bf, 0x1093, 
  0x1093, 0x52bf, 0x52bf, 0x067d, 0x067d, 0x067d, 0x067d, 0x067d, 0x0000, 0x9cd3, 0x52aa, 0x5000, 0x9cd3, 0x5000, 0x5000, 0x0000, 
  0x9aa2, 0x9aa2, 0x9aa2, 0x067d, 0x067d, 0x067d, 0x067d, 0x067d, 0x067d, 0x067d, 0x067d, 0x067d, 0x0000, 0x1093, 0x1093, 0x067d, 
  0x067d, 0x067d, 0x067d, 0x067d, 0x067d, 0x067d, 0x5000, 0x067d, 0x067d, 0x0000, 0x5000, 0x52aa, 0x9cd3, 0x1093, 0x1093, 0x1093, 
  0x0000, 0x067d, 0x067d, 0x067d, 0x067d, 0x1093, 0x1093, 0x52bf, 0x067d, 0x067d, 0x067d, 0x9aa2, 0xfaa2, 0xfaa2, 0xfaa2, 0x067d, 
  0x067d, 0x5000, 0x5000, 0x067d, 0x067d, 0x067d, 0x067d, 0x067d, 0x067d, 0x067d, 0x067d, 0x0000, 0x1093, 0x1093, 0x52bf, 0x067d, 
  0x067d, 0x067d, 0x067d, 0x067d, 0x067d, 0x067d, 0xfd4c, 0x067d, 0x067d, 0x067d, 0x067d, 0x067d, 0x067d, 0x067d, 0x067d, 0xffff, 
  0x0000, 0x1093, 0x067d, 0x067d, 0x067d, 0x067d, 0x067d, 0x0000, 0x52bf, 0xffff, 0x067d, 0x067d, 0x067d, 0x067d, 0x067d, 0x067d, 
  0x067d, 0x067d, 0x067d, 0x52bf, 0x067d, 0x067d, 0x52bf, 0x52bf, 0x1093, 0x1093, 0x52bf, 0xfd4c, 0x1093, 0x9cd3, 0x9cd3, 0x9cd3, 
  0x52aa, 0x52aa, 0x067d, 0x067d, 0xfaa2, 0x067d, 0x067d, 0x067d, 0x067d, 0x067d, 0x5000, 0x5000, 0x5000, 0x5000, 0x52aa, 0x9cd3, 
  0x9cd3, 0x9cd3, 0x52aa, 0xec46, 0xfd4c, 0x9cd3, 0x9cdf, 0x9cdf, 0x9cd3, 0x1093, 0x52bf, 0x52bf, 0x1093, 0x1093, 0x067d, 0x067d, 
  0x067d, 0x067d, 0x067d, 0x067d, 0x067d, 0x1093, 0x52aa, 0x0000, 0x9cdf, 0x9cdf, 0x9cdf, 0x52bf, 0x52bf, 0x52bf, 0x52bf, 0x52bf, 
  0x52bf, 0x52bf, 0x52bf, 0x1093, 0x1093, 0x1093, 0x067d, 0x067d, 0x067d, 0x067d, 0x1093, 0x1093, 0x1093, 0x1093, 0x1093, 0x1093, 
  0x1093, 0x1093, 0x1093, 0x1093, 0x1093, 0x1093, 0x1093, 0x1093, 0x0000, 0x0000, 0x0000, 0x067d, 0x067d, 0x067d, 0x067d, 0x067d, 
  0x067d, 0x52bf, 0x1093, 0x1093, 0x1093, 0x1093, 0x52bf, 0x52bf, 0x52bf, 0x52bf, 0x52bf, 0x52bf, 0x52bf, 0x52bf, 0x52bf, 0x52bf, 
  0x52bf, 0x52bf, 0x52bf, 0x52bf, 0x52bf, 0x1093, 0x067d, 0x067d, 0x067d, 0x067d, 0x067d, 0x067d, 0x067d, 0x067d, 0x067d, 0x067d, 
  0x067d, 0x5000, 0x5000, 0xffff, 0x1093, 0x1093, 0x52bf, 0x52bf, 0x067d, 0x067d, 0x067d, 0x067d, 0x067d, 0x067d, 0x067d, 0x067d, 
  0x067d, 0x067d, 0x067d, 0x067d, 0x067d, 0x067d, 0x52aa, 0x9cd3, 0x52aa, 0x52aa, 0x52bf, 0x067d, 0x067d, 0x1093, 0x1093, 0x067d, 
  0x067d, 0x067d, 0x067d, 0x067d, 0x067d, 0x067d, 0x067d, 0x067d, 0x067d, 0x067d, 0x067d, 0x067d, 0x067d, 0x067d, 0x067d, 0x067d, 
  0x067d, 0x1093, 0x52bf, 0x067d, 0x067d, 0x1093, 0x1093, 0x067d, 0x067d, 0x067d, 0x067d, 0x067d, 0x067d, 0x067d, 0x067d, 0x067d, 
  0x067d, 0x067d, 0x067d, 0x067d, 0x067d, 0x067d, 0x067d, 0x067d, 0x067d, 0x1093, 0x52bf, 0x067d, 0x067d, 0x1093, 0x1093, 0x067d, 
  0x067d, 0x067d, 0x067d, 0x067d, 0x067d, 0x067d, 0x067d, 0x067d, 0x067d, 0x067d, 0x067d, 0x067d, 0x067d, 0x0000, 0x52aa, 0x52aa, 
  0x52bf, 0x067d, 0x067d, 0x5000, 0x52aa, 0x9cd3, 0x9cd3, 0xffff, 0x067d, 0x067d, 0x067d, 0x067d, 0x067d, 0x067d, 0x067d, 0x067d, 
  0x067d, 0x067d, 0x067d, 0x067d, 0x067d, 0x067d, 0x067d, 0x067d, 0x067d, 0x067d, 0x0000, 0x1093, 0x52aa, 0x52aa, 0x1093, 0x1093, 
  0x5000, 0xec46, 0x067d, 0x067d, 0x067d, 0x067d, 0x067d, 0x067d, 0x5000, 0xfaa2, 0xfaa2, 0x9aa2, 0x9cd3, 0x9cd3, 0x52bf, 0x52bf, 
  0x52bf, 0x067d, 0x067d, 0x067d, 0x067d, 0x067d, 0x067d, 0x067d, 0x0000, 0x9cd3, 0x5000, 0x5000, 0x52aa, 0x5000, 0x0000, 0x067d, 
  0x9aa2, 0x9aa2, 0x067d, 0x067d, 0x067d, 0x067d, 0x067d, 0x067d, 0x067d, 0x067d, 0x067d, 0x067d, 0x067d, 0x0000, 0x1093, 0x1093, 
  0x067d, 0x067d, 0x067d, 0x067d, 0x067d, 0x5000, 0x5000, 0x067d, 0x067d, 0x0000, 0x5000, 0x52aa, 0x9cd3, 0x0000, 0x0000, 0x0000, 
  0x067d, 0x067d, 0x067d, 0x067d, 0x067d, 0x067d, 0x1093, 0x52bf, 0xffff, 0x067d, 0xffff, 0xfaa2, 0xfaa2, 0xfaa2, 0x9aa2, 0x067d, 
  0x067d, 0x067d, 0x5000, 0x5000, 0x067d, 0x067d, 0x067d, 0x067d, 0x067d, 0x067d, 0x0000, 0x1093, 0x1093, 0x52bf, 0x067d, 0x067d, 
  0x067d, 0x067d, 0x067d, 0x067d, 0x067d, 0xec46, 0x9aa2, 0x067d, 0x067d, 0x067d, 0x067d, 0x067d, 0x067d, 0x067d, 0x52aa, 0xffff, 
  0x9cd3, 0x52aa, 0x067d, 0x067d, 0x067d, 0x067d, 0x067d, 0x52aa, 0x9cd3, 0xffff, 0x52aa, 0x067d, 0x067d, 0x067d, 0x067d, 0x067d, 
  0x067d, 0x067d, 0x067d, 0x067d, 0x067d, 0x067d, 0x52bf, 0x1093, 0x1093, 0x52bf, 0x1093, 0x9aa2, 0xec46, 0x9cd3, 0x9cd3, 0x9cd3, 
  0x52aa, 0x0000, 0x067d, 0x067d, 0xfaa2, 0x067d, 0x067d, 0x067d, 0x067d, 0x067d, 0x9cd3, 0x9cd3, 0x9cd3, 0x5000, 0x52aa, 0x9cd3, 
  0x9cd3, 0x9cd3, 0x52aa, 0xec46, 0xec46, 0x9cdf, 0x9cdf, 0x9cdf, 0x9cdf, 0x1093, 0x1093, 0x1093, 0x1093, 0x1093, 0x067d, 0x067d, 
  0x067d, 0x067d, 0x067d, 0x067d, 0x067d, 0x1093, 0x1093, 0x0000, 0x9cd3, 0x9cd3, 0x1093, 0x52bf, 0x52bf, 0x52bf, 0x52bf, 0x52bf, 
  0x52bf, 0x52bf, 0x1093, 0x1093, 0x1093, 0x1093, 0x067d, 0x067d, 0x067d, 0x067d, 0x067d, 0x1093, 0x0000, 0x1093, 0x1093, 0x1093, 
  0x0000, 0x0000, 0x1093, 0x1093, 0x0000, 0x0000, 0x1093, 0x1093, 0x1093, 0x0000, 0x067d, 0x067d, 0x067d, 0x067d, 0x067d, 0x067d, 
  0x067d, 0x067d, 0x1093, 0x1093, 0x1093, 0x1093, 0x1093, 0x1093, 0x52bf, 0x52bf, 0x52bf, 0x52bf, 0x52bf, 0x52bf, 0x52bf, 0x52bf, 
  0x52bf, 0x52bf, 0x52bf, 0x52bf, 0x52bf, 0x067d, 0x067d, 0x067d, 0x067d, 0x067d, 0x067d, 0x067d, 0x067d, 0x067d, 0x067d, 0x067d, 
  0x5000, 0x9aa2, 0xfaa2, 0xb5b6, 0xffff, 0x52bf, 0x52bf, 0x067d, 0x067d, 0x067d, 0x067d, 0x067d, 0x067d, 0x067d, 0x067d, 0x067d, 
  0x067d, 0x067d, 0x067d, 0x067d, 0x067d, 0x067d, 0x067d, 0x067d, 0x52aa, 0x9cd3, 0xffff, 0x9cd3, 0x0000, 0x52aa, 0x9cd3, 0xffff, 
  0x067d, 0x067d, 0x067d, 0x067d, 0x067d, 0x067d, 0x067d, 0x067d, 0x067d, 0x067d, 0x067d, 0x067d, 0x067d, 0x067d, 0x067d, 0x067d, 
  0x52aa, 0x9cd3, 0xffff, 0x9cd3, 0x0000, 0x52aa, 0x9cd3, 0xffff, 0x067d, 0x067d, 0x067d, 0x067d, 0x067d, 0x067d, 0x067d, 0x067d, 
  0x067d, 0x067d, 0x067d, 0x067d, 0x067d, 0x067d, 0x067d, 0x067d, 0x52aa, 0x9cd3, 0xffff, 0x9cd3, 0x0000, 0x52aa, 0x9cd3, 0xffff, 
  0x067d, 0x067d, 0x067d, 0x067d, 0x067d, 0x067d, 0x067d, 0x067d, 0x067d, 0x067d, 0x067d, 0x067d, 0x5000, 0x5000, 0x9cd3, 0xffff, 
  0xffff, 0x067d, 0x067d, 0x5000, 0x9aa2, 0x9cd3, 0xffff, 0xffff, 0x067d, 0x067d, 0x067d, 0x067d, 0x067d, 0x067d, 0x067d, 0x067d, 
  0x067d, 0x067d, 0x067d, 0x067d, 0x067d, 0x067d, 0x067d, 0x067d, 0x0000, 0x9cd3, 0x1093, 0x5000, 0x52aa, 0x9cd3, 0x9cd3, 0xffff, 
  0x5000, 0x9aa2, 0x067d, 0x067d, 0x067d, 0x067d, 0x067d, 0x067d, 0x5000, 0xfaa2, 0xfaa2, 0xfaa2, 0xfaa2, 0x9aa2, 0x067d, 0x52bf, 
  0x067d, 0x067d, 0x067d, 0x067d, 0x067d, 0x067d, 0x067d, 0x067d, 0x0000, 0x52aa, 0x5000, 0x5000, 0x52aa, 0x52aa, 0x067d, 0x067d, 
  0x9aa2, 0x9aa2, 0x067d, 0x067d, 0x067d, 0x067d, 0x067d, 0x067d, 0x067d, 0x067d, 0x067d, 0x067d, 0x0000, 0x1093, 0x1093, 0x067d, 
  0x067d, 0x067d, 0x067d, 0x067d, 0x067d, 0x5000, 0x067d, 0x067d, 0x067d, 0x0000, 0x5000, 0x5000, 0x52aa, 0x9cd3, 0x067d, 0x067d, 
  0x067d, 0x067d, 0x067d, 0x067d, 0x067d, 0x067d, 0x1093, 0x9cd3, 0xffff, 0xfaa2, 0xffff, 0xffff, 0xfaa2, 0xfaa2, 0x9aa2, 0x067d, 
  0x067d, 0x067d, 0x067d, 0x067d, 0x5000, 0x067d, 0x067d, 0x067d, 0x0000, 0x1093, 0x1093, 0x52bf, 0x52bf, 0x067d, 0x067d, 0x067d, 
  0x067d, 0xfd4c, 0x067d, 0xfd4c, 0xfd4c, 0xfd4c, 0x067d, 0x067d, 0x067d, 0x067d, 0x067d, 0x067d, 0x067d, 0x9aa2, 0x9aa2, 0x9cd3, 
  0x52aa, 0x0000, 0x067d, 0x067d, 0x067d, 0x067d, 0x067d, 0x0000, 0x52aa, 0x9cd3, 0xfaa2, 0x9aa2, 0x067d, 0x067d, 0x067d, 0x067d, 
  0x067d, 0x067d, 0x067d, 0x067d, 0x067d, 0x52bf, 0x1093, 0x1093, 0x1093, 0x1093, 0x52bf, 0x52bf, 0x5000, 0x9cd3, 0x9cd3, 0x52aa, 
  0x52aa, 0x0000, 0x067d, 0xfaa2, 0x9aa2, 0x067d, 0x067d, 0x067d, 0x067d, 0x067d, 0x52aa, 0x9cd3, 0x5000, 0x5000, 0x0000, 0x52aa, 
  0x9cd3, 0x9cd3, 0x52aa, 0x9aa2, 0xec46, 0x9cdf, 0x9cdf, 0x9cdf, 0x9cdf, 0x1093, 0x1093, 0x1093, 0x1093, 0x067d, 0x067d, 0x067d, 
  0x067d, 0x067d, 0x067d, 0x067d, 0x067d, 0x1093, 0x1093, 0x52bf, 0x1093, 0x1093, 0x52bf, 0x52bf, 0x52bf, 0x52bf, 0x52bf, 0x52bf, 
  0x52bf, 0x1093, 0x1093, 0x1093, 0x1093, 0x067d, 0x067d, 0x067d, 0x067d, 0x067d, 0x067d, 0x1093, 0x1093, 0x0000, 0x1093, 0x1093, 
  0x1093, 0x0000, 0x1093, 0x1093, 0x1093, 0x0000, 0x067d, 0x1093, 0x1093, 0x0000, 0x067d, 0x067d, 0x067d, 0x067d, 0x067d, 0x067d, 
  0x067d, 0x067d, 0x52bf, 0x1093, 0x1093, 0x1093, 0x1093, 0x52bf, 0x1093, 0x52bf, 0x52bf, 0x52bf, 0x52bf, 0x52bf, 0x52bf, 0x52bf, 
  0x52bf, 0x52bf, 0x52bf, 0x52bf, 0x1093, 0x067d, 0x067d, 0x067d, 0x067d, 0x067d, 0x067d, 0x067d, 0x067d, 0x067d, 0x067d, 0x067d, 
  0x5000, 0xffff, 0x9aa2, 0x9492, 0xb5b6, 0x9492, 0x067d, 0x067d, 0x067d, 0x067d, 0x067d, 0x067d, 0x067d, 0x067d, 0x067d, 0x067d, 
  0x067d, 0x067d, 0x067d, 0x067d, 0x067d, 0x067d, 0x067d, 0x067d, 0x52aa, 0x9cd3, 0xffff, 0x9cd3, 0x0000, 0x52aa, 0x52aa, 0x9cd3, 
  0x067d, 0x067d, 0x067d, 0x067d, 0x067d, 0x067d, 0x067d, 0x067d, 0x067d, 0x067d, 0x067d, 0x067d, 0x067d, 0x067d, 0x067d, 0x067d, 
  0x52aa, 0x9cd3, 0xffff, 0x9cd3, 0x0000, 0x52aa, 0x52aa, 0x9cd3, 0x067d, 0x067d, 0x067d, 0x067d, 0x067d, 0x067d, 0x067d, 0x067d, 
  0x067d, 0x067d, 0x067d, 0x067d, 0x067d, 0x067d, 0x067d, 0x067d, 0x52aa, 0x9cd3, 0xffff, 0x9cd3, 0x0000, 0x52aa, 0x52aa, 0x9cd3, 
  0x067d, 0x067d, 0x067d, 0x067d, 0x067d, 0x067d, 0x067d, 0x067d, 0x067d, 0x067d, 0x067d, 0x9aa2, 0x5000, 0x5000, 0x5000, 0xffff, 
  0x9cd3, 0x067d, 0x067d, 0x5000, 0x9aa2, 0xfaa2, 0xfaa2, 0xfaa2, 0x067d, 0x067d, 0x067d, 0x067d, 0x067d, 0x067d, 0x067d, 0x067d, 
  0x067d, 0x067d, 0x067d, 0x067d, 0x067d, 0x067d, 0x067d, 0x0000, 0x52aa, 0x9cd3, 0xffff, 0x5000, 0x9aa2, 0x9cd3, 0xffff, 0xffff, 
  0x52aa, 0x9cd3, 0x9cd3, 0x067d, 0x067d, 0x067d, 0x067d, 0x067d, 0x067d, 0x52aa, 0x9cd3, 0xffff, 0xffff, 0x9cd3, 0x067d, 0x067d, 
  0x067d, 0x067d, 0x067d, 0x067d, 0x067d, 0x067d, 0x067d, 0x067d, 0x067d, 0x0000, 0x5000, 0x5000, 0x5000, 0x52aa, 0x067d, 0x067d, 
  0x067d, 0x9aa2, 0x067d, 0x067d, 0x067d, 0x067d, 0x067d, 0x067d, 0x067d, 0x067d, 0x0000, 0x52aa, 0x9cd3, 0x1093, 0x067d, 0x067d, 
  0x067d, 0x067d, 0x067d, 0x067d, 0x5000, 0x5000, 0x067d, 0x067d, 0x067d, 0x0000, 0x5000, 0x5000, 0x5000, 0x5000, 0x067d, 0x067d, 
  0x067d, 0x067d, 0x067d, 0x067d, 0x067d, 0x067d, 0x52aa, 0x9cd3, 0x9cd3, 0xfaa2, 0xfaa2, 0x9cd3, 0xfaa2, 0x9aa2, 0x067d, 0x067d, 
  0x067d, 0x067d, 0x067d, 0x067d, 0x067d, 0x067d, 0x067d, 0x52aa, 0x9cd3, 0xffff, 0x52bf, 0x067d, 0x067d, 0x067d, 0x067d, 0x067d, 
  0x067d, 0x067d, 0x067d, 0x067d, 0xfaa2, 0xfd4c, 0x067d, 0x067d, 0x067d, 0x067d, 0x067d, 0x067d, 0x52aa, 0x9cd3, 0xfaa2, 0xfaa2, 
  0x9aa2, 0x5000, 0x067d, 0x067d, 0x067d, 0x067d, 0x067d, 0x5000, 0x9aa2, 0xfaa2, 0xfaa2, 0xfaa2, 0x52aa, 0x067d, 0x067d, 0x067d, 
  0x067d, 0x067d, 0x067d, 0x067d, 0x067d, 0x52bf, 0x1093, 0x0000, 0x0000, 0x1093, 0x1093, 0x52bf, 0x52aa, 0x52aa, 0x52aa, 0x0000, 
  0x0000, 0x067d, 0xfaa2, 0x9aa2, 0x5000, 0x067d, 0x067d, 0x067d, 0x067d, 0x067d, 0x067d, 0x5000, 0x5000, 0x9aa2, 0x0000, 0x52aa, 
  0x52aa, 0x52aa, 0x5000, 0x9aa2, 0x9aa2, 0x9cdf, 0x9cdf, 0x0000, 0x0000, 0x1093, 0x1093, 0x1093, 0x1093, 0x1093, 0x067d, 0x067d, 
  0x067d, 0x067d, 0x067d, 0x067d, 0x067d, 0x067d, 0x1093, 0x1093, 0x52bf, 0x52bf, 0x52bf, 0x52bf, 0x52bf, 0x52bf, 0x1093, 0x1093, 
  0x1093, 0x1093, 0x1093, 0x1093, 0x067d, 0x067d, 0x067d, 0x067d, 0x067d, 0x067d, 0x067d, 0x067d, 0x1093, 0x0000, 0x1093, 0x1093, 
  0x1093, 0x0000, 0x1093, 0x1093, 0x1093, 0x0000, 0x067d, 0x067d, 0x067d, 0x1093, 0x1093, 0x067d, 0x067d, 0x067d, 0x067d, 0x067d, 
  0x067d, 0x067d, 0x067d, 0x1093, 0x1093, 0x1093, 0x1093, 0x1093, 0x52bf, 0x52bf, 0x1093, 0x52bf, 0x52bf, 0x52bf, 0x52bf, 0x52bf, 
  0x52bf, 0x52bf, 0x52bf, 0x1093, 0x067d, 0x067d, 0x067d, 0x067d, 0x067d, 0x067d, 0x067d, 0x067d, 0x067d, 0x067d, 0x067d, 0x067d, 
  0x5000, 0xb5b6, 0xffff, 0x5000, 0x5000, 0x067d, 0x067d, 0x067d, 0x067d, 0x067d, 0x067d, 0x067d, 0x067d, 0x067d, 0x067d, 0x067d, 
  0x067d, 0x067d, 0x067d, 0x067d, 0x067d, 0x067d, 0x067d, 0x5000, 0x9aa2, 0xfaa2, 0xfaa2, 0xfaa2, 0x5000, 0x5000, 0x5000, 0x9aa2, 
  0xfaa2, 0x067d, 0x067d, 0x067d, 0x067d, 0x067d, 0x067d, 0x067d, 0x067d, 0x067d, 0x067d, 0x067d, 0x067d, 0x067d, 0x067d, 0x5000, 
  0x9aa2, 0xfaa2, 0xfaa2, 0xfaa2, 0x5000, 0x5000, 0x5000, 0x9aa2, 0xfaa2, 0x067d, 0x067d, 0x067d, 0x067d, 0x067d, 0x067d, 0x067d, 
  0x067d, 0x067d, 0x067d, 0x067d, 0x067d, 0x067d, 0x067d, 0x5000, 0x9aa2, 0xfaa2, 0xfaa2, 0xfaa2, 0x5000, 0x5000, 0x5000, 0x9aa2, 
  0xfaa2, 0x067d, 0x067d, 0x067d, 0x067d, 0x067d, 0x067d, 0x067d, 0x067d, 0x067d, 0x067d, 0x5000, 0x5000, 0x5000, 0x5000, 0x9aa2, 
  0xfaa2, 0x067d, 0x067d, 0x5000, 0x9aa2, 0xfaa2, 0xffff, 0xffff, 0x9cd3, 0x067d, 0x067d, 0x067d, 0x067d, 0x067d, 0x067d, 0x067d, 
  0x067d, 0x067d, 0x067d, 0x067d, 0x067d, 0x067d, 0x067d, 0x0000, 0x5000, 0x52aa, 0x9cd3, 0x5000, 0x9aa2, 0xfaa2, 0xfaa2, 0xfaa2, 
  0x52aa, 0x9cd3, 0xffff, 0x52aa, 0x067d, 0x067d, 0x067d, 0x067d, 0x067d, 0x9aa2, 0xfaa2, 0xfaa2, 0xfaa2, 0xfaa2, 0x067d, 0x067d, 
  0x067d, 0x067d, 0x067d, 0x067d, 0x067d, 0x067d, 0x067d, 0x067d, 0x067d, 0x0000, 0x5000, 0x5000, 0x0000, 0x067d, 0x067d, 0x067d, 
  0x067d, 0x067d, 0x9aa2, 0x067d, 0x067d, 0x067d, 0x067d, 0x067d, 0x0000, 0x52aa, 0x52aa, 0x9cd3, 0x9cd3, 0x067d, 0x067d, 0x067d, 
  0x067d, 0x067d, 0x067d, 0x5000, 0x5000, 0x067d, 0x067d, 0x067d, 0x067d, 0x067d, 0x52aa, 0x52aa, 0x52aa, 0x5000, 0x067d, 0x067d, 
  0x067d, 0x067d, 0x067d, 0x067d, 0x067d, 0x067d, 0x067d, 0x52aa, 0x9aa2, 0xfaa2, 0xfaa2, 0x9cd3, 0x9aa2, 0x067d, 0x067d, 0x067d, 
  0x067d, 0x067d, 0x067d, 0x067d, 0x067d, 0x067d, 0x5000, 0x52aa, 0x9cd3, 0xffff, 0xffff, 0x067d, 0x067d, 0x067d, 0x067d, 0x067d, 
  0x067d, 0x067d, 0x067d, 0xfaa2, 0x9aa2, 0x5000, 0x067d, 0x067d, 0x067d, 0x067d, 0x067d, 0x9aa2, 0x9cd3, 0xffff, 0xfaa2, 0xfaa2, 
  0x9aa2, 0x5000, 0x067d, 0x067d, 0x067d, 0x067d, 0x067d, 0x5000, 0x9aa2, 0x9aa2, 0xfaa2, 0xfaa2, 0xffff, 0x9aa2, 0x067d, 0x067d, 
  0x067d, 0x067d, 0x067d, 0x067d, 0x067d, 0x52bf, 0x067d, 0x067d, 0x1093, 0x1093, 0x1093, 0x52aa, 0x9cd3, 0x5000, 0x5000, 0x9aa2, 
  0x9aa2, 0xfaa2, 0x9aa2, 0x5000, 0x067d, 0x067d, 0x067d, 0x067d, 0x067d, 0x067d, 0x067d, 0x5000, 0x5000, 0x9aa2, 0x067d, 0x0000, 
  0x0000, 0x52aa, 0x067d, 0x0000, 0x9aa2, 0x9aa2, 0x9cd3, 0x0000, 0x1093, 0x1093, 0x1093, 0x067d, 0x067d, 0x067d, 0x067d, 0x067d, 
  0x067d, 0x067d, 0x067d, 0x067d, 0x067d, 0x067d, 0x1093, 0x1093, 0x1093, 0x1093, 0x1093, 0x1093, 0x1093, 0x1093, 0x1093, 0x1093, 
  0x1093, 0x1093, 0x067d, 0x067d, 0x067d, 0x067d, 0x067d, 0x067d, 0x067d, 0x067d, 0x067d, 0x067d, 0x1093, 0x0000, 0x1093, 0x1093, 
  0x1093, 0x0000, 0x1093, 0x1093, 0x1093, 0x0000, 0x067d, 0x067d, 0x067d, 0x067d, 0x067d, 0x067d, 0x067d, 0x067d, 0x067d, 0x067d, 
  0x067d, 0x067d, 0x067d, 0x52bf, 0x1093, 0x1093, 0x1093, 0x1093, 0x1093, 0x1093, 0x52bf, 0x1093, 0x52bf, 0x52bf, 0x1093, 0x52bf, 
  0x52bf, 0x1093, 0x1093, 0x1093, 0x067d, 0x067d, 0x067d, 0x067d, 0x067d, 0x067d, 0x067d, 0x067d, 0x067d, 0x067d, 0x067d, 0x067d, 
  0x5000, 0x9aa2, 0xb5b6, 0xb5b6, 0x9492, 0x067d, 0x067d, 0x067d, 0x067d, 0x067d, 0x067d, 0x067d, 0x067d, 0x067d, 0x067d, 0x067d, 
  0x067d, 0x067d, 0x067d, 0x067d, 0x067d, 0x067d, 0x067d, 0x5000, 0x9aa2, 0x9cd3, 0xffff, 0xffff, 0x9cd3, 0x5000, 0x5000, 0x5000, 
  0x9cd3, 0xffff, 0xfaa2, 0x067d, 0x067d, 0x067d, 0x067d, 0x067d, 0x067d, 0x067d, 0x067d, 0x067d, 0x067d, 0x067d, 0x067d, 0x5000, 
  0x9aa2, 0x9cd3, 0xffff, 0xffff, 0x9cd3, 0x5000, 0x5000, 0x5000, 0x9cd3, 0xffff, 0xfaa2, 0x067d, 0x067d, 0x067d, 0x067d, 0x067d, 
  0x067d, 0x067d, 0x067d, 0x067d, 0x067d, 0x067d, 0x067d, 0x5000, 0x9aa2, 0x9cd3, 0xffff, 0xffff, 0x9cd3, 0x5000, 0x5000, 0x5000, 
  0x9cd3, 0xffff, 0xfaa2, 0x067d, 0x067d, 0x067d, 0x067d, 0x067d, 0x067d, 0x067d, 0x067d, 0x0000, 0x5000, 0x5000, 0x5000, 0x9cd3, 
  0xffff, 0xfaa2, 0x067d, 0x5000, 0x52aa, 0x9cd3, 0xfaa2, 0xfaa2, 0xfaa2, 0x067d, 0x067d, 0x067d, 0x067d, 0x067d, 0x067d, 0x067d, 
  0x067d, 0x067d, 0x067d, 0x067d, 0x067d, 0x067d, 0x9aa2, 0x5000, 0x5000, 0x5000, 0x5000, 0x5000, 0x9aa2, 0xfaa2, 0xffff, 0xffff, 
  0x52aa, 0x9cd3, 0x9cd3, 0xffff, 0x52aa, 0x067d, 0x067d, 0x067d, 0x067d, 0x067d, 0x9aa2, 0xfaa2, 0xfaa2, 0xfaa2, 0xfd4c, 0x067d, 
  0x067d, 0x067d, 0x067d, 0x067d, 0x067d, 0x067d, 0x067d, 0x067d, 0x067d, 0x067d, 0x0000, 0x0000, 0x067d, 0x067d, 0x067d, 0x067d, 
  0x067d, 0x067d, 0x067d, 0x9aa2, 0x067d, 0x067d, 0x067d, 0x0000, 0x5000, 0x5000, 0x5000, 0x5000, 0x5000, 0x5000, 0x9cd3, 0x9cd3, 
  0x5000, 0x5000, 0x5000, 0x5000, 0x5000, 0x067d, 0x067d, 0x067d, 0x067d, 0x067d, 0x0000, 0x5000, 0x5000, 0x52aa, 0x52aa, 0x067d, 
  0x067d, 0x067d, 0x067d, 0x067d, 0x067d, 0x067d, 0x067d, 0x5000, 0x9aa2, 0xfaa2, 0xfaa2, 0x9aa2, 0x067d, 0x067d, 0x067d, 0x067d, 
  0x067d, 0x067d, 0x067d, 0x067d, 0x067d, 0x5000, 0x9aa2, 0x9aa2, 0xfaa2, 0xfaa2, 0xfaa2, 0xfaa2, 0xfaa2, 0xffff, 0xffff, 0xfaa2, 
  0xfd4c, 0xfd4c, 0xfaa2, 0x9aa2, 0x5000, 0x067d, 0x067d, 0x067d, 0x067d, 0x067d, 0x067d, 0xfaa2, 0xfaa2, 0xfaa2, 0xffff, 0x9cd3, 
  0x5000, 0x067d, 0x067d, 0x067d, 0x067d, 0x067d, 0x067d, 0x067d, 0x5000, 0x52aa, 0x9cd3, 0xffff, 0xfaa2, 0xfaa2, 0x067d, 0x067d, 
  0x067d, 0x067d, 0x067d, 0x067d, 0x067d, 0x067d, 0x067d, 0x067d, 0x0000, 0x1093, 0x52aa, 0x9cd3, 0x5000, 0x5000, 0x9cd3, 0x9aa2, 
  0x9aa2, 0x9aa2, 0x5000, 0x067d, 0x067d, 0x067d, 0x067d, 0x067d, 0x067d, 0x067d, 0x067d, 0x067d, 0x5000, 0x5000, 0x9aa2, 0x067d, 
  0x067d, 0x067d, 0x067d, 0x067d, 0x5000, 0x0000, 0x1093, 0x1093, 0x1093, 0x1093, 0x067d, 0x067d, 0x067d, 0x067d, 0x067d, 0x067d, 
  0x067d, 0x067d, 0x067d, 0x067d, 0x067d, 0x067d, 0x067d, 0x1093, 0x1093, 0x1093, 0x1093, 0xec46, 0x9aa2, 0x1093, 0x1093, 0x1093, 
  0x1093, 0x1093, 0x1093, 0x52bf, 0x067d, 0x067d, 0x067d, 0x067d, 0x067d, 0x067d, 0x067d, 0x067d, 0x067d, 0x067d, 0x1093, 0x1093, 
  0x1093, 0x0000, 0x067d, 0x1093, 0x1093, 0x0000, 0x067d, 0x067d, 0x067d, 0x067d, 0x067d, 0x067d, 0x067d, 0x067d, 0x067d, 0x067d, 
  0x067d, 0x067d, 0x067d, 0x067d, 0x52bf, 0x1093, 0x1093, 0x1093, 0x1093, 0x1093, 0x1093, 0x1093, 0x1093, 0x1093, 0x1093, 0x1093, 
  0x1093, 0x1093, 0x1093, 0x067d, 0x067d, 0x067d, 0x067d, 0x067d, 0x067d, 0x067d, 0x067d, 0x067d, 0x067d, 0x067d, 0x067d, 0x067d, 
  0x5000, 0xfaa2, 0x9aa2, 0x9492, 0x9492, 0x067d, 0x067d, 0x067d, 0x067d, 0x067d, 0x067d, 0x067d, 0x067d, 0x067d, 0x067d, 0x067d, 
  0x067d, 0x067d, 0x067d, 0x067d, 0x067d, 0x067d, 0x067d, 0x5000, 0x9cd3, 0x9aa2, 0xfaa2, 0xfaa2, 0xfaa2, 0xfaa2, 0x5000, 0x9cd3, 
  0x5000, 0x5000, 0x9aa2, 0xfaa2, 0x067d, 0x067d, 0x067d, 0x067d, 0x067d, 0x067d, 0x067d, 0x067d, 0x067d, 0x067d, 0x067d, 0x5000, 
  0x9cd3, 0x9aa2, 0xfaa2, 0xfaa2, 0xfaa2, 0xfaa2, 0x5000, 0x9cd3, 0x5000, 0x5000, 0x9aa2, 0xfaa2, 0x067d, 0x067d, 0x067d, 0x067d, 
  0x067d, 0x067d, 0x067d, 0x067d, 0x067d, 0x067d, 0x067d, 0x5000, 0x9cd3, 0x9aa2, 0xfaa2, 0xfaa2, 0xfaa2, 0xfaa2, 0x5000, 0x9cd3, 
  0x5000, 0x5000, 0x9aa2, 0xfaa2, 0x067d, 0x067d, 0x067d, 0x067d, 0x067d, 0x067d, 0x067d, 0x067d, 0x0000, 0x5000, 0x52aa, 0x5000, 
  0x5000, 0x5000, 0x9aa2, 0x0000, 0x5000, 0x9aa2, 0xfaa2, 0xfaa2, 0xfaa2, 0xfaa2, 0x067d, 0x067d, 0x067d, 0x067d, 0x067d, 0x067d, 
  0x067d, 0x067d, 0x067d, 0x067d, 0x067d, 0x067d, 0x5000, 0x5000, 0x5000, 0x5000, 0x52aa, 0x0000, 0x5000, 0x9cd3, 0xfaa2, 0xfaa2, 
  0xfaa2, 0xfaa2, 0x9cd3, 0xffff, 0x9cd3, 0x067d, 0x067d, 0x067d, 0x067d, 0x067d, 0x067d, 0xfd4c, 0xfd4c, 0xfaa2, 0xfd4c, 0xfd4c, 
  0xfaa2, 0xfd4c, 0x067d, 0x067d, 0x067d, 0xfd4c, 0xfd4c, 0x067d, 0x067d, 0x067d, 0x067d, 0x067d, 0x067d, 0x067d, 0x067d, 0x067d, 
  0x067d, 0x067d, 0x067d, 0x067d, 0x067d, 0x067d, 0x067d, 0x0000, 0x5000, 0x5000, 0x5000, 0x5000, 0x5000, 0x52aa, 0x52aa, 0x5000, 
  0x5000, 0x5000, 0x5000, 0x5000, 0x067d, 0x067d, 0x067d, 0x067d, 0x067d, 0x067d, 0x067d, 0x0000, 0x0000, 0x5000, 0x5000, 0x5000, 
  0x5000, 0x5000, 0x067d, 0x067d, 0x067d, 0x067d, 0x067d, 0x067d, 0x5000, 0x9aa2, 0x9aa2, 0x067d, 0x067d, 0x067d, 0x067d, 0x067d, 
  0x067d, 0x067d, 0x067d, 0x067d, 0x067d, 0x5000, 0x9aa2, 0x9aa2, 0xfaa2, 0xfaa2, 0xfaa2, 0xfaa2, 0x9cd3, 0xffff, 0xfaa2, 0xfaa2, 
  0xfaa2, 0xfaa2, 0x9aa2, 0x5000, 0x067d, 0x067d, 0x067d, 0x067d, 0x067d, 0x067d, 0xfaa2, 0xfaa2, 0xfaa2, 0xfaa2, 0x9aa2, 0x5000, 
  0x067d, 0x067d, 0x067d, 0x067d, 0x067d, 0x067d, 0x067d, 0x067d, 0x067d, 0x5000, 0x9aa2, 0x9aa2, 0xfaa2, 0xfaa2, 0xfaa2, 0x067d, 
  0x067d, 0x067d, 0x067d, 0x067d, 0x067d, 0x067d, 0x067d, 0x067d, 0x067d, 0x0000, 0x0000, 0x0000, 0x5000, 0x5000, 0x9cd3, 0x9cd3, 
  0x9aa2, 0x5000, 0x067d, 0x067d, 0x067d, 0x067d, 0x067d, 0x067d, 0x067d, 0x067d, 0x067d, 0x067d, 0x067d, 0x5000, 0x5000, 0x9aa2, 
  0x067d, 0x067d, 0x067d, 0x067d, 0x067d, 0x0000, 0x52aa, 0x067d, 0x067d, 0x067d, 0x067d, 0x067d, 0x067d, 0x067d, 0x067d, 0x067d, 
  0x067d, 0x067d, 0x067d, 0x067d, 0x067d, 0x067d, 0x067d, 0x52bf, 0x1093, 0x1093, 0x1093, 0x9aa2, 0x9aa2, 0x1093, 0x1093, 0x1093, 
  0x1093, 0x1093, 0x52bf, 0x067d, 0x067d, 0x067d, 0x067d, 0x067d, 0x067d, 0x067d, 0x067d, 0x067d, 0x067d, 0x067d, 0x067d, 0x1093, 
  0x1093, 0x0000, 0x067d, 0x067d, 0x067d, 0x1093, 0x1093, 0x067d, 0x067d, 0x067d, 0x067d, 0x067d, 0x067d, 0x067d, 0x067d, 0x067d, 
  0x067d, 0x067d, 0x067d, 0x067d, 0x067d, 0x52bf, 0x1093, 0x1093, 0x1093, 0x1093, 0x1093, 0x1093, 0x1093, 0x1093, 0x1093, 0x1093, 
  0x1093, 0x1093, 0x067d, 0x067d, 0x067d, 0x067d, 0x067d, 0x067d, 0x067d, 0x067d, 0x067d, 0x067d, 0x067d, 0x067d, 0x067d, 0x067d, 
  0x5000, 0xfaa2, 0x9aa2, 0x9aa2, 0x067d, 0x067d, 0x067d, 0x067d, 0x067d, 0x067d, 0x067d, 0x067d, 0x067d, 0x067d, 0x067d, 0x067d, 
  0x067d, 0x067d, 0x067d, 0x067d, 0x067d, 0x067d, 0x067d, 0x5000, 0x52aa, 0x9aa2, 0x9aa2, 0xfaa2, 0xfaa2, 0xfaa2, 0xfaa2, 0x5000, 
  0x5000, 0x5000, 0x5000, 0x9aa2, 0xfaa2, 0xfaa2, 0x067d, 0x067d, 0x067d, 0x067d, 0x067d, 0x067d, 0x067d, 0x067d, 0x067d, 0x5000, 
  0x52aa, 0x9aa2, 0x9aa2, 0xfaa2, 0xfaa2, 0xfaa2, 0xfaa2, 0x5000, 0x5000, 0x5000, 0x5000, 0x9aa2, 0xfaa2, 0xfaa2, 0x067d, 0x067d, 
  0x067d, 0x067d, 0x067d, 0x067d, 0x067d, 0x067d, 0x067d, 0x5000, 0x52aa, 0x9aa2, 0x9aa2, 0xfaa2, 0xfaa2, 0xfaa2, 0xfaa2, 0x5000, 
  0x5000, 0x5000, 0x5000, 0x9aa2, 0xfaa2, 0xfaa2, 0x067d, 0x067d, 0x067d, 0x067d, 0x067d, 0x067d, 0x067d, 0x0000, 0x0000, 0x5000, 
  0x5000, 0x5000, 0x5000, 0x5000, 0x0000, 0x5000, 0x9aa2, 0x9aa2, 0x9aa2, 0xfaa2, 0xfaa2, 0x067d, 0x067d, 0x067d, 0x067d, 0x067d, 
  0x067d, 0x067d, 0x067d, 0x067d, 0x067d, 0x067d, 0x0000, 0x5000, 0x5000, 0x5000, 0x9cd3, 0x9aa2, 0x0000, 0x5000, 0x9aa2, 0x9aa2, 
  0x9aa2, 0xfaa2, 0xfaa2, 0x9cd3, 0x52aa, 0x067d, 0x067d, 0x067d, 0x067d, 0x067d, 0x067d, 0x067d, 0x9aa2, 0x9aa2, 0xfaa2, 0xfaa2, 
  0xfd4c, 0xfd4c, 0xfd4c, 0xfd4c, 0x067d, 0x067d, 0x067d, 0x067d, 0x067d, 0x067d, 0x067d, 0x067d, 0x067d, 0x067d, 0x067d, 0x067d, 
  0x067d, 0x067d, 0x067d, 0x067d, 0x067d, 0x067d, 0x067d, 0x067d, 0x0000, 0x5000, 0x5000, 0x52aa, 0x52aa, 0x5000, 0x5000, 0x5000, 
  0x5000, 0x5000, 0x067d, 0x067d, 0x067d, 0x067d, 0x067d, 0x067d, 0x067d, 0x067d, 0x067d, 0x067d, 0x067d, 0x0000, 0x0000, 0x0000, 
  0x0000, 0x0000, 0x0000, 0x0000, 0x067d, 0x067d, 0x067d, 0x067d, 0x067d, 0x5000, 0x067d, 0x067d, 0x067d, 0x067d, 0x067d, 0x067d, 
  0x067d, 0x067d, 0x067d, 0x067d, 0x067d, 0x067d, 0x5000, 0x5000, 0x9aa2, 0x9aa2, 0x9aa2, 0x9cd3, 0x9cd3, 0x9aa2, 0x9aa2, 0x9aa2, 
  0x9aa2, 0x5000, 0x5000, 0x067d, 0x067d, 0x067d, 0x067d, 0x067d, 0x067d, 0x067d, 0x9aa2, 0x9aa2, 0x9aa2, 0x5000, 0x5000, 0x067d, 
  0x067d, 0x067d, 0x067d, 0x067d, 0x067d, 0x067d, 0x067d, 0x067d, 0x067d, 0x067d, 0x5000, 0x5000, 0x9aa2, 0x9aa2, 0x9aa2, 0x067d, 
  0x067d, 0x067d, 0x067d, 0x067d, 0x067d, 0x067d, 0x067d, 0x067d, 0x067d, 0x067d, 0x067d, 0x0000, 0x5000, 0x5000, 0x9cd3, 0x52aa, 
  0x5000, 0x067d, 0x067d, 0x067d, 0x067d, 0x067d, 0x067d, 0x067d, 0x067d, 0x067d, 0x067d, 0x067d, 0x067d, 0x067d, 0x5000, 0x5000, 
  0x9aa2, 0x9aa2, 0x067d, 0x067d, 0x067d, 0x067d, 0x067d, 0x067d, 0x067d, 0x067d, 0x067d, 0x067d, 0x067d, 0x067d, 0x067d, 0x067d, 
  0x067d, 0x067d, 0x067d, 0x067d, 0x067d, 0x067d, 0x067d, 0x52bf, 0x067d, 0x52bf, 0x1093, 0x9aa2, 0x52bf, 0x1093, 0x1093, 0x1093, 
  0x52bf, 0x52bf, 0x067d, 0x067d, 0x067d, 0x067d, 0x067d, 0x067d, 0x067d, 0x067d, 0x067d, 0x067d, 0x067d, 0x067d, 0x067d, 0x067d, 
  0x067d, 0x1093, 0x1093, 0x067d, 0x067d, 0x067d, 0x067d, 0x067d, 0x067d, 0x067d, 0x067d, 0x067d, 0x067d, 0x067d, 0x067d, 0x067d, 
  0x067d, 0x067d, 0x067d, 0x067d, 0x067d, 0x067d, 0x067d, 0x52bf, 0x1093, 0x1093, 0x1093, 0x1093, 0x1093, 0x1093, 0x1093, 0x1093, 
  0x067d, 0x067d, 0x067d, 0x067d, 0x067d, 0x067d, 0x067d, 0x067d, 0x067d, 0x067d, 0x067d, 0x067d, 0x067d, 0x067d, 0x067d, 0x067d, 
  0x5000, 0xfaa2, 0xfaa2, 0x5000, 0x067d, 0x067d, 0x067d, 0x067d, 0x067d, 0x067d, 0x067d, 0x067d, 0x067d, 0x067d, 0x067d, 0x067d, 
  0x067d, 0x067d, 0x067d, 0x067d, 0x067d, 0x067d, 0x067d, 0x5000, 0x5000, 0x5000, 0x5000, 0x5000, 0x5000, 0x5000, 0x5000, 0x0000, 
  0x0000, 0x0000, 0x0000, 0x0000, 0x0000, 0x0000, 0x067d, 0x067d, 0x067d, 0x067d, 0x067d, 0x067d, 0x067d, 0x067d, 0x067d, 0x5000, 
  0x5000, 0x5000, 0x5000, 0x5000, 0x5000, 0x5000, 0x5000, 0x0000, 0x0000, 0x0000, 0x0000, 0x0000, 0x0000, 0x0000, 0x067d, 0x067d, 
  0x067d, 0x067d, 0x067d, 0x067d, 0x067d, 0x067d, 0x067d, 0x5000, 0x5000, 0x5000, 0x5000, 0x5000, 0x5000, 0x5000, 0x5000, 0x0000, 
  0x0000, 0x0000, 0x0000, 0x0000, 0x0000, 0x0000, 0x067d, 0x067d, 0x067d, 0x067d, 0x067d, 0x067d, 0x067d, 0x067d, 0x067d, 0x0000, 
  0x0000, 0x0000, 0x0000, 0x0000, 0x0000, 0x0000, 0x5000, 0x5000, 0x5000, 0x5000, 0x5000, 0x067d, 0x067d, 0x067d, 0x067d, 0x067d, 
  0x067d, 0x067d, 0x067d, 0x067d, 0x067d, 0x067d, 0x067d, 0x0000, 0x0000, 0x0000, 0x0000, 0x0000, 0x0000, 0x0000, 0x5000, 0x5000, 
  0x5000, 0x5000, 0x5000, 0x067d, 0x067d, 0x067d, 0x067d, 0x067d, 0x067d, 0x067d, 0x067d, 0x067d, 0x067d, 0x067d, 0x067d, 0x067d, 
  0x067d, 0x067d, 0x067d, 0x067d, 0x067d, 0x067d, 0x067d, 0x067d, 0x067d, 0x067d, 0x067d, 0x067d, 0x067d, 0x067d, 0x067d, 0x067d, 
  0x067d, 0x067d, 0x067d, 0x067d, 0x067d, 0x067d, 0x067d, 0x067d, 0x067d, 0x067d, 0x067d, 0x067d, 0x067d, 0x067d, 0x067d, 0x067d, 
  0x067d, 0x067d, 0x067d, 0x067d, 0x067d, 0x067d, 0x067d, 0x067d, 0x067d, 0x067d, 0x067d, 0x067d, 0x067d, 0x067d, 0x067d, 0x067d, 
  0x067d, 0x067d, 0x067d, 0x067d, 0x067d, 0x067d, 0x067d, 0x067d, 0x067d, 0x067d, 0x067d, 0x067d, 0x067d, 0x067d, 0x067d, 0x067d, 
  0x067d, 0x067d, 0x067d, 0x067d, 0x067d, 0x067d, 0x067d, 0x067d, 0x5000, 0x5000, 0x5000, 0x5000, 0x5000, 0x5000, 0x5000, 0x5000, 
  0x5000, 0x5000, 0x067d, 0x067d, 0x067d, 0x067d, 0x067d, 0x067d, 0x067d, 0x067d, 0x5000, 0x5000, 0x5000, 0x067d, 0x067d, 0x067d, 
  0x067d, 0x067d, 0x067d, 0x067d, 0x067d, 0x067d, 0x067d, 0x067d, 0x067d, 0x067d, 0x067d, 0x067d, 0x5000, 0x5000, 0x5000, 0x067d, 
  0x067d, 0x067d, 0x067d, 0x067d, 0x067d, 0x067d, 0x067d, 0x067d, 0x067d, 0x067d, 0x067d, 0x0000, 0x5000, 0x5000, 0x52aa, 0x067d, 
  0x067d, 0x067d, 0x067d, 0x067d, 0x067d, 0x067d, 0x067d, 0x067d, 0x067d, 0x067d, 0x067d, 0x067d, 0x067d, 0x067d, 0x067d, 0x067d, 
  0x067d, 0x067d, 0x067d, 0x067d, 0x067d, 0x067d, 0x067d, 0x067d, 0x067d, 0x067d, 0x067d, 0x067d, 0x067d, 0x067d, 0x067d, 0x067d, 
  0x067d, 0x067d, 0x067d, 0x067d, 0x067d, 0x067d, 0x067d, 0x067d, 0x067d, 0x067d, 0x067d, 0x52bf, 0x1093, 0x1093, 0x52bf, 0x52bf, 
  0x067d, 0x067d, 0x067d, 0x067d, 0x067d, 0x067d, 0x067d, 0x067d, 0x067d, 0x067d, 0x067d, 0x067d, 0x067d, 0x067d, 0x067d, 0x067d, 
  0x067d, 0x067d, 0x067d, 0x067d, 0x067d, 0x067d, 0x067d, 0x067d, 0x067d, 0x067d, 0x067d, 0x067d, 0x067d, 0x067d, 0x067d, 0x067d, 
  0x067d, 0x067d, 0x067d, 0x067d, 0x067d, 0x067d, 0x067d, 0x067d, 0x067d, 0x52bf, 0x1093, 0x1093, 0x1093, 0x1093, 0x067d, 0x067d, 
  0x067d, 0x067d, 0x067d, 0x067d, 0x067d, 0x067d, 0x067d, 0x067d, 0x067d, 0x067d, 0x067d, 0x067d, 0x067d, 0x067d, 0x067d, 0x067d, 
  0x5000, 0xfaa2, 0x5000, 0x067d, 0x067d, 0x067d, 0x067d, 0x067d, 0x067d, 0x067d, 0x067d, 0x067d, 0x067d, 0x067d, 0x067d, 0x067d
};


// 'SONIC_SPRING', 32x16px
const uint16_t SONIC_SPRING [] PROGMEM = {
  0x067d, 0x067d, 0x067d, 0x067d, 0x067d, 0x067d, 0x067d, 0x067d, 0x067d, 0x067d, 0x067d, 0x067d, 0x067d, 0x067d, 0x067d, 0x067d, 
  0xe000, 0xe000, 0xe000, 0xe000, 0xe73c, 0xe000, 0xe73c, 0xe73c, 0xe000, 0xe000, 0xe000, 0x8000, 0xe000, 0x8000, 0x4000, 0x4000, 
  0x067d, 0x067d, 0x067d, 0x067d, 0x067d, 0x067d, 0x067d, 0x067d, 0x067d, 0x067d, 0x067d, 0x067d, 0x067d, 0x067d, 0x067d, 0x067d, 
  0x8000, 0x8000, 0xe000, 0xe000, 0xe000, 0xe000, 0xe73c, 0xe73c, 0xe000, 0xe000, 0x8000, 0x8000, 0x8000, 0x4000, 0x4000, 0x4000, 
  0x067d, 0x067d, 0x067d, 0x067d, 0x067d, 0x067d, 0x067d, 0x067d, 0x067d, 0x067d, 0x067d, 0x067d, 0x067d, 0x067d, 0x067d, 0x067d, 
  0x8000, 0x8000, 0xe000, 0xe000, 0xe000, 0xe73c, 0xe000, 0xe73c, 0xe000, 0xe000, 0x8000, 0x8000, 0x8000, 0x8000, 0x4000, 0x4000, 
  0x067d, 0x067d, 0x067d, 0x067d, 0x067d, 0x067d, 0x067d, 0x067d, 0x067d, 0x067d, 0x067d, 0x067d, 0x067d, 0x067d, 0x067d, 0x067d, 
  0x8000, 0x8000, 0xe000, 0xe000, 0xe000, 0xe000, 0xe73c, 0xe73c, 0xe000, 0xe000, 0x8000, 0x8000, 0x8000, 0x4000, 0x4000, 0x4000, 
  0xe000, 0xe000, 0xe000, 0xe000, 0xe73c, 0xe000, 0xe73c, 0xe73c, 0xe000, 0xe000, 0xe000, 0x8000, 0xe000, 0x8000, 0x4000, 0x4000, 
  0x8000, 0x8000, 0xe000, 0xe000, 0xe000, 0xe73c, 0xe000, 0xe73c, 0xe000, 0xe000, 0x8000, 0x8000, 0x8000, 0x8000, 0x4000, 0x4000, 
  0x8000, 0x8000, 0xe000, 0xe000, 0xe000, 0xe000, 0xe73c, 0xe73c, 0xe000, 0xe000, 0x8000, 0x8000, 0x8000, 0x4000, 0x4000, 0x4000, 
  0x8000, 0x8000, 0xe000, 0xe000, 0xe000, 0xe000, 0xe73c, 0xe73c, 0xe000, 0xe000, 0x8000, 0x8000, 0x8000, 0x4000, 0x4000, 0x4000, 
  0x8000, 0x8000, 0xe000, 0xe000, 0xe000, 0xe73c, 0xe000, 0xe73c, 0xe000, 0xe000, 0x8000, 0x8000, 0x8000, 0x8000, 0x4000, 0x4000, 
  0x067d, 0x067d, 0x067d, 0x067d, 0x067d, 0x4208, 0x8430, 0x8430, 0x067d, 0x067d, 0x067d, 0x067d, 0x067d, 0x067d, 0x067d, 0x067d, 
  0x8000, 0x8000, 0xe000, 0xe000, 0xe000, 0xe000, 0xe73c, 0xe73c, 0xe000, 0xe000, 0x8000, 0x8000, 0x8000, 0x4000, 0x4000, 0x4000, 
  0x067d, 0x067d, 0x067d, 0x067d, 0xa534, 0x067d, 0x067d, 0x067d, 0x8430, 0x4208, 0x4208, 0x8430, 0x067d, 0x067d, 0x067d, 0x067d, 
  0x8000, 0x8000, 0xe000, 0xe000, 0xe000, 0xe73c, 0xe000, 0xe73c, 0xe000, 0xe000, 0x8000, 0x8000, 0x8000, 0x8000, 0x4000, 0x4000, 
  0x067d, 0x067d, 0x067d, 0x067d, 0x067d, 0x4208, 0xa534, 0xa534, 0x067d, 0x067d, 0x067d, 0x067d, 0x8430, 0x067d, 0x067d, 0x067d, 
  0x8000, 0x8000, 0xe000, 0xe000, 0xe000, 0xe000, 0xe73c, 0xe73c, 0xe000, 0xe000, 0x8000, 0x8000, 0x8000, 0x4000, 0x4000, 0x4000, 
  0x067d, 0x067d, 0x067d, 0x067d, 0x4208, 0x067d, 0x067d, 0x067d, 0xa534, 0xa534, 0xa534, 0xa534, 0xa534, 0x067d, 0x067d, 0x067d, 
  0x067d, 0x067d, 0x067d, 0x067d, 0x4208, 0x8430, 0xa534, 0xa534, 0xa534, 0x4208, 0x4208, 0x0000, 0x067d, 0x067d, 0x067d, 0x067d, 
  0x067d, 0x067d, 0x067d, 0x8430, 0x067d, 0x067d, 0x067d, 0x067d, 0x067d, 0x067d, 0x067d, 0x067d, 0x067d, 0x067d, 0x067d, 0x067d, 
  0x067d, 0x067d, 0x067d, 0x067d, 0x0000, 0x0000, 0x0000, 0x0000, 0x0000, 0x0000, 0x0000, 0x0000, 0x067d, 0x067d, 0x067d, 0x067d, 
  0x067d, 0x067d, 0x067d, 0x067d, 0xa534, 0x067d, 0x067d, 0x067d, 0x8430, 0x4208, 0x4208, 0x4208, 0x067d, 0x067d, 0x067d, 0x067d, 
  0x067d, 0x067d, 0x067d, 0x067d, 0x4208, 0x8430, 0xa534, 0xa534, 0xa534, 0x4208, 0x4208, 0x0000, 0x067d, 0x067d, 0x067d, 0x067d, 
  0x067d, 0x067d, 0x067d, 0x067d, 0x067d, 0x4208, 0x4208, 0xa534, 0x067d, 0x067d, 0x067d, 0x067d, 0xa534, 0x067d, 0x067d, 0x067d, 
  0x067d, 0x067d, 0x067d, 0x067d, 0x0000, 0x0000, 0x0000, 0x0000, 0x0000, 0x0000, 0x0000, 0x0000, 0x067d, 0x067d, 0x067d, 0x067d, 
  0x067d, 0x067d, 0x067d, 0x067d, 0x4208, 0x067d, 0x067d, 0x067d, 0xa534, 0xa534, 0xa534, 0xa534, 0x067d, 0x067d, 0x067d, 0x067d, 
  0x067d, 0x067d, 0x8430, 0x8430, 0x8430, 0xa534, 0xa534, 0x8430, 0x8430, 0x4208, 0x4208, 0x4208, 0x4208, 0x4208, 0x067d, 0x067d, 
  0x067d, 0x067d, 0x8430, 0x8430, 0x8430, 0xa534, 0xa534, 0x8430, 0x8430, 0x4208, 0x4208, 0x4208, 0x4208, 0x4208, 0x067d, 0x067d, 
  0x067d, 0x067d, 0x8430, 0x8430, 0x8430, 0x8430, 0x8430, 0x8430, 0x8430, 0x4208, 0x4208, 0x4208, 0x4208, 0x4208, 0x067d, 0x067d, 
  0x067d, 0x067d, 0x8430, 0x8430, 0x8430, 0x8430, 0x8430, 0x8430, 0x8430, 0x4208, 0x4208, 0x4208, 0x4208, 0x4208, 0x067d, 0x067d
};






// 'SONIC_BG', 16x96px
const uint16_t SONIC_BG [] PROGMEM = {
  0x075b, 0x075b, 0x075b, 0x075b, 0x075b, 0x075b, 0x075b, 0x075b, 0x075b, 0x075b, 0x075b, 0x075b, 0x075b, 0x075b, 0x075b, 0x075b, 
  0x075b, 0x075b, 0x075b, 0x075b, 0x075b, 0x075b, 0x075b, 0x075b, 0x075b, 0x075b, 0x075b, 0x075b, 0x075b, 0x075b, 0x075b, 0x075b, 
  0x075b, 0x075b, 0x075b, 0x075b, 0x075b, 0x075b, 0x075b, 0x075b, 0x075b, 0x075b, 0x075b, 0x075b, 0x075b, 0x075b, 0x075b, 0x075b, 
  0x075b, 0x075b, 0x075b, 0x075b, 0x075b, 0x075b, 0x075b, 0x075b, 0x075b, 0x075b, 0x075b, 0x075b, 0x075b, 0x075b, 0x075b, 0x075b, 
  0x075b, 0x075b, 0x075b, 0x075b, 0x075b, 0x075b, 0x075b, 0x075b, 0x075b, 0x075b, 0x075b, 0x075b, 0x075b, 0x075b, 0x075b, 0x075b, 
  0x075b, 0x075b, 0x075b, 0x075b, 0x075b, 0x075b, 0x075b, 0x075b, 0x075b, 0x075b, 0x075b, 0x075b, 0x075b, 0x075b, 0x075b, 0x075b, 
  0x075b, 0x075b, 0x075b, 0x075b, 0x075b, 0x075b, 0x075b, 0x075b, 0x075b, 0x075b, 0x075b, 0x075b, 0x075b, 0x075b, 0x075b, 0x075b, 
  0x075b, 0x075b, 0x075b, 0x075b, 0x075b, 0x075b, 0x075b, 0x075b, 0x075b, 0x075b, 0x075b, 0x075b, 0x075b, 0x075b, 0x075b, 0x075b, 
  0x075b, 0x075b, 0x075b, 0x075b, 0x075b, 0x075b, 0x075b, 0x075b, 0x075b, 0x075b, 0x075b, 0x075b, 0x075b, 0x075b, 0x075b, 0x075b, 
  0x075b, 0x075b, 0x075b, 0x075b, 0x075b, 0x075b, 0x075b, 0x075b, 0x075b, 0x075b, 0x075b, 0x075b, 0x075b, 0x075b, 0x075b, 0x075b, 
  0x075b, 0x075b, 0x075b, 0x075b, 0x075b, 0x075b, 0x075b, 0x075b, 0x075b, 0x075b, 0x075b, 0x075b, 0x075b, 0x075b, 0x075b, 0x075b, 
  0x075b, 0x075b, 0x075b, 0x075b, 0x075b, 0x075b, 0x075b, 0x075b, 0x075b, 0x075b, 0x075b, 0x075b, 0x075b, 0x075b, 0x075b, 0x075b, 
  0x075b, 0x075b, 0x075b, 0x075b, 0x075b, 0x075b, 0x075b, 0x075b, 0x075b, 0x075b, 0x075b, 0x075b, 0x075b, 0x075b, 0x075b, 0x075b, 
  0x9ffe, 0x9ffe, 0x9ffe, 0x9ffe, 0x9ffe, 0x9ffe, 0x075b, 0x075b, 0x075b, 0x075b, 0x075b, 0x075b, 0x075b, 0x075b, 0x075b, 0x075b, 
  0x9ffe, 0x9ffe, 0x9ffe, 0x9ffe, 0x9ffe, 0x9ffe, 0x9ffe, 0x9ffe, 0x9ffe, 0x9ffe, 0x075b, 0x075b, 0x075b, 0x9ffe, 0x9ffe, 0x9ffe, 
  0x9ffe, 0x9ffe, 0x9ffe, 0x9ffe, 0x9ffe, 0x9ffe, 0x9ffe, 0x9ffe, 0x9ffe, 0x9ffe, 0x9ffe, 0x9ffe, 0x9ffe, 0x9ffe, 0x9ffe, 0x9ffe, 
  0x9ffe, 0x9ffe, 0x9ffe, 0x9ffe, 0x9ffe, 0x9ffe, 0x9ffe, 0x9ffe, 0x9ffe, 0x9ffe, 0x9ffe, 0x9ffe, 0x9ffe, 0x9ffe, 0x9ffe, 0x9ffe, 
  0x9ffe, 0x9ffe, 0x9ffe, 0x9ffe, 0x9ffe, 0x9ffe, 0x9ffe, 0x9ffe, 0x9ffe, 0x9ffe, 0x9ffe, 0x9ffe, 0x9ffe, 0x9ffe, 0x9ffe, 0x9ffe, 
  0x9ffe, 0x9ffe, 0x9ffe, 0x9ffe, 0x9ffe, 0x9ffe, 0x9ffe, 0x9ffe, 0x9ffe, 0x9ffe, 0x9ffe, 0x9ffe, 0x9ffe, 0x9ffe, 0x9ffe, 0x9ffe, 
  0x9ffe, 0x9ffe, 0x9ffe, 0x9ffe, 0x9ffe, 0x9ffe, 0x9ffe, 0x9ffe, 0x9ffe, 0x9ffe, 0x9ffe, 0x9ffe, 0x9ffe, 0x9ffe, 0x9ffe, 0x9ffe, 
  0x9ffe, 0x9ffe, 0x9ffe, 0x9ffe, 0x9ffe, 0x9ffe, 0x9ffe, 0x9ffe, 0x9ffe, 0x9ffe, 0x9ffe, 0x9ffe, 0x9ffe, 0x9ffe, 0x9ffe, 0x9ffe, 
  0x9ffe, 0x9ffe, 0x9ffe, 0x9ffe, 0x9ffe, 0x9ffe, 0x9ffe, 0x9ffe, 0x9ffe, 0x9ffe, 0x9ffe, 0x9ffe, 0x9ffe, 0x9ffe, 0x9ffe, 0x9ffe, 
  0x9ffe, 0x9ffe, 0x9ffe, 0x9ffe, 0x9ffe, 0x9ffe, 0x9ffe, 0x9ffe, 0x9ffe, 0x9ffe, 0x9ffe, 0x9ffe, 0x9ffe, 0x9ffe, 0x9ffe, 0x9ffe, 
  0x9ffe, 0x9ffe, 0x9ffe, 0x9ffe, 0x9ffe, 0x9ffe, 0x9ffe, 0x9ffe, 0x9ffe, 0x9ffe, 0x9ffe, 0x9ffe, 0x9ffe, 0x9ffe, 0x9ffe, 0x9ffe, 
  0x9ffe, 0x9ffe, 0x9ffe, 0x9ffe, 0x9ffe, 0x9ffe, 0x9ffe, 0x9ffe, 0x9ffe, 0x9ffe, 0x9ffe, 0x9ffe, 0x9ffe, 0x9ffe, 0x9ffe, 0x9ffe, 
  0x9ffe, 0x9ffe, 0x9ffe, 0x9ffe, 0x9ffe, 0x9ffe, 0x9ffe, 0x9ffe, 0x9ffe, 0x9ffe, 0x9ffe, 0x9ffe, 0x9ffe, 0x9ffe, 0x9ffe, 0x9ffe, 
  0x9ffe, 0x9ffe, 0x9ffe, 0x9ffe, 0x9ffe, 0x9ffe, 0x9ffe, 0x9ffe, 0x9ffe, 0x9ffe, 0x9ffe, 0x9ffe, 0x9ffe, 0x9ffe, 0x9ffe, 0x9ffe, 
  0x9ffe, 0x9ffe, 0x9ffe, 0x9ffe, 0x9ffe, 0x9ffe, 0x9ffe, 0x9ffe, 0x9ffe, 0x9ffe, 0x9ffe, 0x9ffe, 0x9ffe, 0x9ffe, 0x9ffe, 0x9ffe, 
  0x9ffe, 0x9ffe, 0x9ffe, 0x9ffe, 0x9ffe, 0x9ffe, 0x9ffe, 0x9ffe, 0x9ffe, 0x9ffe, 0x9ffe, 0x9ffe, 0x9ffe, 0x9ffe, 0x9ffe, 0x9ffe, 
  0x9ffe, 0x9ffe, 0x9ffe, 0x9ffe, 0x9ffe, 0x9ffe, 0x9ffe, 0x9ffe, 0x9ffe, 0x9ffe, 0x9ffe, 0x9ffe, 0x9ffe, 0x9ffe, 0x9ffe, 0x9ffe, 
  0x9ffe, 0x9ffe, 0x9ffe, 0x9ffe, 0x9ffe, 0x9ffe, 0x9ffe, 0x9ffe, 0x9ffe, 0x9ffe, 0x9ffe, 0x9ffe, 0x9ffe, 0x9ffe, 0x9ffe, 0x9ffe, 
  0x9ffe, 0x9ffe, 0x9ffe, 0x9ffe, 0x9ffe, 0x9ffe, 0x9ffe, 0x9ffe, 0x9ffe, 0x9ffe, 0x9ffe, 0x9ffe, 0x9ffe, 0x9ffe, 0x9ffe, 0x9ffe, 
  0x9ffe, 0x9ffe, 0x9ffe, 0x9ffe, 0x9ffe, 0x9ffe, 0x9ffe, 0x9ffe, 0x9ffe, 0x9ffe, 0x9ffe, 0x9ffe, 0x9ffe, 0x9ffe, 0x9ffe, 0x9ffe, 
  0x9ffe, 0x9ffe, 0x9ffe, 0x9ffe, 0x9ffe, 0x9ffe, 0x9ffe, 0x9ffe, 0x9ffe, 0x9ffe, 0x9ffe, 0x9ffe, 0x9ffe, 0x9ffe, 0x9ffe, 0x9ffe, 
  0xffff, 0xffff, 0xffff, 0xffff, 0xffff, 0xffff, 0x9ffe, 0x9ffe, 0x9ffe, 0x9ffe, 0x9ffe, 0x9ffe, 0x9ffe, 0x9ffe, 0x9ffe, 0xffff, 
  0xffff, 0xffff, 0xffff, 0xffff, 0xffff, 0xffff, 0xffff, 0xffff, 0xffff, 0xffff, 0x9ffe, 0x9ffe, 0x9ffe, 0xffff, 0xffff, 0xffff, 
  0xffff, 0xffff, 0xffff, 0xffff, 0xffff, 0xffff, 0xffff, 0xffff, 0xffff, 0xffff, 0xffff, 0xffff, 0xffff, 0xffff, 0xffff, 0xffff, 
  0xffff, 0xffff, 0xffff, 0xffff, 0xffff, 0xffff, 0xffff, 0xffff, 0xffff, 0xffff, 0xffff, 0xffff, 0xffff, 0xffff, 0xffff, 0xffff, 
  0xffff, 0xffff, 0xffff, 0xffff, 0xffff, 0xffff, 0xffff, 0xffff, 0xffff, 0xffff, 0xffff, 0xffff, 0xffff, 0xffff, 0xffff, 0xffff, 
  0xffff, 0xffff, 0xffff, 0xffff, 0xffff, 0xffff, 0xffff, 0xffff, 0xffff, 0xffff, 0xffff, 0xffff, 0xffff, 0xffff, 0xffff, 0xffff, 
  0xffff, 0xffff, 0xffff, 0xffff, 0xffff, 0xffff, 0xffff, 0xffff, 0xffff, 0xffff, 0xffff, 0xffff, 0xffff, 0xffff, 0xffff, 0xffff, 
  0xffff, 0xffff, 0xffff, 0xffff, 0xffff, 0xffff, 0xffff, 0xffff, 0xffff, 0xffff, 0xffff, 0xffff, 0xffff, 0xffff, 0xffff, 0xffff, 
  0xffff, 0xffff, 0xffff, 0xffff, 0xffff, 0xffff, 0xffff, 0xffff, 0xffff, 0xffff, 0xffff, 0xffff, 0xffff, 0xffff, 0xffff, 0xffff, 
  0xffff, 0xffff, 0xffff, 0xffff, 0xffff, 0xffff, 0xffff, 0xffff, 0xffff, 0xffff, 0xffff, 0xffff, 0xffff, 0xffff, 0xffff, 0xffff, 
  0xffff, 0xffff, 0xffff, 0xffff, 0xffff, 0xffff, 0xffff, 0xffff, 0xffff, 0xffff, 0xffff, 0xffff, 0xffff, 0xffff, 0xffff, 0xffff, 
  0xffff, 0xffff, 0xffff, 0xffff, 0xffff, 0xffff, 0xffff, 0xffff, 0xffff, 0xffff, 0xffff, 0xffff, 0xffff, 0xffff, 0xffff, 0xffff, 
  0xffff, 0xffff, 0xffff, 0xffff, 0xffff, 0xffff, 0xffff, 0xffff, 0xffff, 0xffff, 0xffff, 0xffff, 0xffff, 0xffff, 0xffff, 0xffff, 
  0xffff, 0xffff, 0xffff, 0xffff, 0xffff, 0xffff, 0xffff, 0xffff, 0xffff, 0xffff, 0xffff, 0xffff, 0xffff, 0xffff, 0xffff, 0xffff, 
  0xffff, 0xffff, 0xffff, 0xffff, 0xffff, 0xffff, 0xffff, 0xffff, 0xffff, 0xffff, 0xffff, 0xffff, 0xffff, 0xffff, 0xffff, 0xffff, 
  0xffff, 0xffff, 0xffff, 0xffff, 0xffff, 0xffff, 0xffff, 0xffff, 0xffff, 0xffff, 0xffff, 0xffff, 0xffff, 0xffff, 0xffff, 0xffff, 
  0xffff, 0xffff, 0xffff, 0xffff, 0xffff, 0xffff, 0xffff, 0xffff, 0xffff, 0xffff, 0xffff, 0xffff, 0xffff, 0xffff, 0xffff, 0xffff, 
  0xffff, 0xffff, 0xffff, 0xffff, 0xffff, 0xffff, 0xffff, 0xffff, 0xffff, 0xffff, 0xffff, 0xffff, 0xffff, 0xffff, 0xffff, 0xffff, 
  0xffff, 0xffff, 0xffff, 0xffff, 0xffff, 0xffff, 0xffff, 0xffff, 0xffff, 0xffff, 0xffff, 0xffff, 0xffff, 0xffff, 0xffff, 0xffff, 
  0xffff, 0xffff, 0xffff, 0xffff, 0xffff, 0xffff, 0xffff, 0xffff, 0xffff, 0xffff, 0xffff, 0xffff, 0xffff, 0xffff, 0xffff, 0xffff, 
  0xff34, 0xff34, 0xff34, 0xff34, 0xffff, 0xffff, 0xffff, 0xffff, 0xffff, 0xffff, 0xffff, 0xffff, 0xffff, 0xffff, 0xffff, 0xffff, 
  0xff34, 0xff34, 0xff34, 0xff34, 0xff34, 0xff34, 0xff34, 0xffff, 0xffff, 0xffff, 0xffff, 0xffff, 0xffff, 0xffff, 0xffff, 0xff34, 
  0xff34, 0xff34, 0xff34, 0xff34, 0xff34, 0xff34, 0xff34, 0xff34, 0xff34, 0xffff, 0xffff, 0xffff, 0xffff, 0xffff, 0xff34, 0xff34, 
  0xff34, 0xff34, 0xff34, 0xff34, 0xff34, 0xff34, 0xff34, 0xff34, 0xff34, 0xff34, 0xff34, 0xff34, 0xff34, 0xff34, 0xff34, 0xff34, 
  0xff34, 0xff34, 0xff34, 0xff34, 0xff34, 0xff34, 0xff34, 0xff34, 0xff34, 0xff34, 0xff34, 0xff34, 0xff34, 0xff34, 0xff34, 0xff34, 
  0xff34, 0xff34, 0xff34, 0xff34, 0xff34, 0xff34, 0xff34, 0xff34, 0xff34, 0xff34, 0xff34, 0xff34, 0xff34, 0xff34, 0xff34, 0xff34, 
  0xff34, 0xff34, 0xff34, 0xff34, 0xff34, 0xff34, 0xff34, 0xff34, 0xff34, 0xff34, 0xff34, 0xff34, 0xff34, 0xff34, 0xff34, 0xff34, 
  0xff34, 0xff34, 0xff34, 0xff34, 0xff34, 0xff34, 0xff34, 0xff34, 0xff34, 0xff34, 0xff34, 0xff34, 0xff34, 0xff34, 0xff34, 0xff34, 
  0xff34, 0xff34, 0xff34, 0xff34, 0xff34, 0xff34, 0xff34, 0xff34, 0xff34, 0xff34, 0xff34, 0xff34, 0xff34, 0xff34, 0xff34, 0xff34, 
  0xff34, 0xff34, 0xff34, 0xff34, 0xff34, 0xff34, 0xff34, 0xff34, 0xff34, 0xff34, 0xff34, 0xff34, 0xff34, 0xff34, 0xff34, 0xff34, 
  0xff34, 0xff34, 0xff34, 0xff34, 0xff34, 0xff34, 0xff34, 0xff34, 0xff34, 0xff34, 0xff34, 0xff34, 0xff34, 0xff34, 0xff34, 0xff34, 
  0xff34, 0xff34, 0xff34, 0xff34, 0xff34, 0xff34, 0xff34, 0xff34, 0xff34, 0xff34, 0xff34, 0xff34, 0xff34, 0xff34, 0xff34, 0xff34, 
  0xff34, 0xff34, 0xff34, 0xff34, 0xff34, 0xff34, 0xff34, 0xff34, 0xff34, 0xff34, 0xff34, 0xff34, 0xff34, 0xff34, 0xff34, 0xff34, 
  0xff34, 0xff34, 0xff34, 0xff34, 0xff34, 0xff34, 0xff34, 0xff34, 0xff34, 0xff34, 0xff34, 0xff34, 0xff34, 0xff34, 0xff34, 0xff34, 
  0xff34, 0xff34, 0xff34, 0xff34, 0xff34, 0xff34, 0xff34, 0xff34, 0xff34, 0xff34, 0xff34, 0xff34, 0xff34, 0xff34, 0xff34, 0xff34, 
  0xff34, 0xff34, 0xff34, 0xff34, 0xff34, 0x0487, 0xff34, 0xff34, 0xff34, 0xff34, 0xff34, 0xff34, 0xff34, 0xff34, 0xff34, 0xff34, 
  0xff34, 0xff34, 0xff34, 0xff34, 0x0487, 0xff34, 0x0487, 0xff34, 0xff34, 0xff34, 0xff34, 0xff34, 0xff34, 0xff34, 0xff34, 0xff34, 
  0xff34, 0xff34, 0xff34, 0x0487, 0xff34, 0x0487, 0xff34, 0x0487, 0xff34, 0xff34, 0xff34, 0xff34, 0xff34, 0x0487, 0xff34, 0xff34, 
  0xff34, 0xff34, 0x0487, 0xff34, 0x0487, 0xff34, 0x0487, 0xff34, 0x0487, 0xff34, 0xff34, 0xff34, 0x0487, 0xff34, 0x0487, 0xff34, 
  0xff34, 0x0487, 0xff34, 0x0487, 0xff34, 0x0487, 0xff34, 0x0487, 0xff34, 0x0487, 0xff34, 0x0487, 0xff34, 0x0487, 0xff34, 0x0487, 
  0x0487, 0xff34, 0x0487, 0xff34, 0x0487, 0xff34, 0x0487, 0xff34, 0x0487, 0xff34, 0x0487, 0xff34, 0x0487, 0xff34, 0x0487, 0xff34, 
  0xff34, 0x0487, 0xff34, 0x0487, 0xff34, 0x0487, 0xff34, 0x0487, 0xff34, 0x0487, 0xff34, 0x0487, 0xff34, 0x0487, 0xff34, 0x0487, 
  0x0487, 0xff34, 0x0487, 0xff34, 0x0487, 0xff34, 0x0487, 0xff34, 0x0487, 0xff34, 0x0487, 0xff34, 0x0487, 0xff34, 0x0487, 0xff34, 
  0xff34, 0x0487, 0xff34, 0x0487, 0xff34, 0x0487, 0xff34, 0x0487, 0xff34, 0x0487, 0xff34, 0x0487, 0xff34, 0x0487, 0xff34, 0x0487, 
  0x0487, 0x0487, 0x0487, 0xff34, 0x0487, 0xff34, 0x0487, 0xff34, 0x0487, 0xff34, 0x0487, 0xff34, 0x0487, 0xff34, 0x0487, 0xff34, 
  0x0487, 0x0487, 0x0487, 0x0487, 0x0487, 0x0487, 0xff34, 0x0487, 0xff34, 0x0487, 0xff34, 0x0487, 0xff34, 0x0487, 0x0487, 0x0487, 
  0x0487, 0x0487, 0x0487, 0x0487, 0x0487, 0x0487, 0x0487, 0xff34, 0x0487, 0xff34, 0x0487, 0xff34, 0x0487, 0x0487, 0x0487, 0x0487, 
  0x0487, 0x0487, 0x0487, 0x0487, 0x0487, 0x0487, 0x0487, 0x0487, 0xff34, 0x0487, 0xff34, 0x0487, 0x0487, 0x0487, 0x0487, 0x0487, 
  0x0487, 0x0487, 0x0487, 0x0487, 0x0487, 0x0487, 0x0487, 0x0487, 0x0487, 0x0487, 0x0487, 0x0487, 0x0487, 0x0487, 0x0487, 0x0487, 
  0x0487, 0x0487, 0x0487, 0x0487, 0x0487, 0x0487, 0x0487, 0x0487, 0x0487, 0x0487, 0x0487, 0x0487, 0x0487, 0x0487, 0x0487, 0x0487, 
  0x0487, 0x0487, 0x0487, 0x0487, 0x0487, 0x0487, 0x0487, 0x0487, 0x0487, 0x0487, 0x0487, 0x0487, 0x0487, 0x0487, 0x0487, 0x0487, 
  0x0487, 0x0487, 0x0487, 0x0487, 0x0487, 0x0487, 0x0487, 0x0487, 0x0487, 0x0487, 0x0487, 0x0487, 0x0487, 0x0487, 0x0487, 0x0487, 
  0x0487, 0x0487, 0x0487, 0x0487, 0x0487, 0x0487, 0x0487, 0x0487, 0x0487, 0x0487, 0x0487, 0x0487, 0x0487, 0x0487, 0x0487, 0x0487, 
  0x0487, 0x0487, 0x0487, 0x0487, 0x0487, 0x0487, 0x0487, 0x0487, 0x0487, 0x0487, 0x0487, 0x0487, 0x0487, 0x0487, 0x0487, 0x0487, 
  0x0487, 0x0487, 0x0487, 0x0487, 0x0487, 0x0487, 0x0487, 0x0487, 0x0487, 0x0487, 0x0487, 0x0487, 0x0487, 0x0487, 0x0487, 0x0487, 
  0x0487, 0x0487, 0x0487, 0x0487, 0x0487, 0x0487, 0x0487, 0x0487, 0x0487, 0x0487, 0x0487, 0x0487, 0x0487, 0x0487, 0x0487, 0x0487, 
  0x0487, 0x0487, 0x0487, 0x0487, 0x0487, 0x0487, 0x0487, 0x0487, 0x0487, 0x0487, 0x0487, 0x0487, 0x0487, 0x0487, 0x0487, 0x0487, 
  0x0487, 0x0487, 0x0487, 0x0487, 0x0487, 0x0487, 0x0487, 0x0487, 0x0487, 0x0487, 0x0487, 0x0487, 0x0487, 0x0487, 0x0487, 0x0487, 
  0x0487, 0x0487, 0x0487, 0x0487, 0x0487, 0x0487, 0x0487, 0x0487, 0x0487, 0x0487, 0x0487, 0x0487, 0x0487, 0x0487, 0x0487, 0x0487, 
  0x0487, 0x0487, 0x0487, 0x0487, 0x0487, 0x0487, 0x0487, 0x0487, 0x0487, 0x0487, 0x0487, 0x0487, 0x0487, 0x0487, 0x0487, 0x0487, 
  0x0487, 0x0487, 0x0487, 0x0487, 0x0487, 0x0487, 0x0487, 0x0487, 0x0487, 0x0487, 0x0487, 0x0487, 0x0487, 0x0487, 0x0487, 0x0487, 
  0x0487, 0x0487, 0x0487, 0x0487, 0x0487, 0x0487, 0x0487, 0x0487, 0x0487, 0x0487, 0x0487, 0x0487, 0x0487, 0x0487, 0x0487, 0x0487
};
// 'SONIC_GN1', 16x6px
const uint16_t SONIC_GN1 [] PROGMEM = {
  0x4da0, 0x067d, 0x4da0, 0x97e0, 0x4da0, 0x067d, 0x4da0, 0x97e0, 0x4da0, 0x067d, 0x4da0, 0x97e0, 0x4da0, 0x067d, 0x4da0, 0x97e0, 
  0x4da0, 0x97e0, 0x4da0, 0x97e0, 0x4da0, 0x97e0, 0x4da0, 0x97e0, 0x4da0, 0x97e0, 0x4da0, 0x97e0, 0x4da0, 0x97e0, 0x4da0, 0x97e0, 
  0x4da0, 0x4da0, 0x0360, 0x97e0, 0x4da0, 0x4da0, 0x0360, 0x97e0, 0x4da0, 0x4da0, 0x0360, 0x97e0, 0x4da0, 0x4da0, 0x0360, 0x97e0, 
  0x0360, 0x4da0, 0x0360, 0x4da0, 0x0360, 0x4da0, 0x0360, 0x4da0, 0x0360, 0x4da0, 0x0360, 0x4da0, 0x0360, 0x4da0, 0x0360, 0x4da0, 
  0x6920, 0x2000, 0x0360, 0x2000, 0x6920, 0x2000, 0x0360, 0x2000, 0x6920, 0x2000, 0x0360, 0x2000, 0x6920, 0x2000, 0x0360, 0x2000, 
  0x2000, 0x6920, 0x2000, 0x6920, 0x2000, 0x6920, 0x2000, 0x6920, 0x2000, 0x6920, 0x2000, 0x6920, 0x2000, 0x6920, 0x2000, 0x6920
};



// 'SONIC_GN2', 16x5px
const uint16_t SONIC_GN2 [] PROGMEM = {
  0x4da0, 0x067d, 0x4da0, 0x97e0, 0x4da0, 0x067d, 0x4da0, 0x97e0, 0x4da0, 0x067d, 0x4da0, 0x97e0, 0x4da0, 0x067d, 0x4da0, 0x97e0, 
  0x4da0, 0x97e0, 0x4da0, 0x97e0, 0x4da0, 0x97e0, 0x4da0, 0x97e0, 0x4da0, 0x97e0, 0x4da0, 0x97e0, 0x4da0, 0x97e0, 0x4da0, 0x97e0, 
  0x4da0, 0x4da0, 0x0360, 0x97e0, 0x4da0, 0x4da0, 0x0360, 0x97e0, 0x4da0, 0x4da0, 0x0360, 0x97e0, 0x4da0, 0x4da0, 0x0360, 0x97e0, 
  0x0360, 0x4da0, 0x0360, 0x4da0, 0x0360, 0x4da0, 0x0360, 0x4da0, 0x0360, 0x4da0, 0x0360, 0x4da0, 0x0360, 0x4da0, 0x0360, 0x4da0, 
  0x6920, 0x2000, 0x0360, 0x2000, 0x6920, 0x2000, 0x0360, 0x2000, 0x6920, 0x2000, 0x0360, 0x2000, 0x6920, 0x2000, 0x0360, 0x2000
};


// 'SONIC_SIGN_BASE1', 6x2px
const uint16_t SONIC_SIGN_BASE1 [] PROGMEM = {
  0x8430, 0xe73c, 0xe73c, 0xe73c, 0xe73c, 0x8430, 0x4208, 0x8430, 0xe73c, 0xe73c, 0x8430, 0x4208
};
// 'SONIC_SIGN2', 32x30px
const uint16_t SONIC_SIGN2 [] PROGMEM = {
  0x067d, 0x067d, 0x8430, 0xe73c, 0xa534, 0xe73c, 0xe73c, 0xe73c, 0xe73c, 0xe73c, 0xe73c, 0xe73c, 0xe73c, 0xe73c, 0xe73c, 0xe73c, 
  0xe73c, 0xe73c, 0xe73c, 0xe73c, 0xe73c, 0xe73c, 0xe73c, 0xe73c, 0xe73c, 0xe73c, 0xe73c, 0xe73c, 0xe73c, 0xe73c, 0x067d, 0x067d, 
  0x067d, 0x8430, 0xe73c, 0xa534, 0xe73c, 0xa534, 0xa534, 0xa534, 0xa534, 0xa534, 0xa534, 0xa534, 0xa534, 0xa534, 0xa534, 0xa534, 
  0xa534, 0xa534, 0xa534, 0xa534, 0xa534, 0xa534, 0xa534, 0xa534, 0xa534, 0xa534, 0xa534, 0xa534, 0xa534, 0xa534, 0xe73c, 0x067d, 
  0x4208, 0xa534, 0xe73c, 0x4208, 0xa534, 0x8430, 0x8430, 0x0000, 0x0000, 0x0000, 0x0000, 0x0000, 0x0000, 0x0000, 0x0000, 0x0000, 
  0x0000, 0x0000, 0x0000, 0x0000, 0x0000, 0x0000, 0x0000, 0x0000, 0x0000, 0x0000, 0x0000, 0x0000, 0x0000, 0x8430, 0xa534, 0x4208, 
  0x4208, 0xa534, 0xe73c, 0x4208, 0xa534, 0x8430, 0x0000, 0xe720, 0xe720, 0xe720, 0xe720, 0xe720, 0xe720, 0xe720, 0x2110, 0xe720, 
  0x4214, 0xe720, 0x6318, 0xe720, 0x6318, 0xe720, 0x6318, 0xe720, 0x4214, 0xe720, 0x2110, 0xe720, 0x4214, 0x0000, 0xa534, 0x4208, 
  0x4208, 0xa534, 0xe73c, 0x4208, 0xa534, 0xa534, 0x0000, 0x2110, 0xe720, 0x2110, 0xe720, 0x2110, 0xe720, 0xa308, 0xe720, 0x843c, 
  0xe720, 0x6318, 0xa308, 0x6318, 0xa308, 0x2110, 0xe720, 0xe720, 0xe720, 0xe720, 0xe720, 0xe720, 0xe720, 0x0000, 0xa534, 0x4208, 
  0x4208, 0xa534, 0xe73c, 0x4208, 0xa534, 0xa534, 0x0000, 0xe720, 0xe720, 0xe720, 0xe720, 0xe720, 0xe720, 0xe720, 0x4214, 0xe720, 
  0x6318, 0xa308, 0x843c, 0xe530, 0x6318, 0xa308, 0xe530, 0xe720, 0x2110, 0xe720, 0x2110, 0xe720, 0x2110, 0x0000, 0xa534, 0x4208, 
  0x4208, 0xa534, 0xe73c, 0x4208, 0x8430, 0xa534, 0x0000, 0xe720, 0xe720, 0x2110, 0xe720, 0x2110, 0xe720, 0xe530, 0xe720, 0x6318, 
  0xa308, 0x843c, 0xe530, 0x6318, 0xe530, 0x6318, 0xa308, 0xe720, 0xe720, 0xe720, 0xe720, 0xe720, 0xe720, 0x0000, 0x8430, 0x4208, 
  0x4208, 0xa534, 0xe73c, 0x4208, 0x8430, 0xa534, 0x0000, 0xe720, 0xe720, 0xe720, 0xe720, 0xe720, 0xe720, 0xe720, 0x6318, 0xe720, 
  0x6318, 0xe530, 0x843c, 0xe73c, 0x843c, 0xe530, 0xe530, 0xe720, 0x2110, 0xe720, 0xe720, 0xe720, 0xe720, 0x0000, 0x8430, 0x4208, 
  0x4208, 0xa534, 0xe73c, 0x4208, 0x8430, 0xa534, 0x0000, 0xe720, 0xe720, 0xe720, 0xe720, 0x4214, 0xe720, 0x6318, 0xe720, 0x843c, 
  0xe530, 0x6318, 0xe530, 0x6318, 0xe530, 0x6318, 0xe530, 0xe720, 0xe720, 0xe720, 0xe720, 0xe720, 0xe720, 0x0000, 0x8430, 0x4208, 
  0x4208, 0xa534, 0xe73c, 0x4208, 0x8430, 0xa534, 0x0000, 0xe720, 0x4208, 0xe720, 0xe720, 0xe720, 0x4208, 0xe720, 0x843c, 0xa308, 
  0x6318, 0x2110, 0x843c, 0xe530, 0xe73c, 0x2110, 0x6318, 0xa308, 0x4214, 0xe720, 0x4214, 0xe720, 0xe720, 0x0000, 0x8430, 0x4208, 
  0x4208, 0xa534, 0xe73c, 0x4208, 0x8430, 0xa534, 0x0000, 0xe720, 0xe720, 0x2110, 0xe720, 0x4214, 0xe720, 0x6318, 0xe720, 0xe73c, 
  0x2110, 0xe73c, 0x6318, 0x843c, 0x6318, 0xe73c, 0x4214, 0xe73c, 0xe720, 0xe720, 0xe720, 0x4208, 0x8000, 0x0000, 0x8430, 0x4208, 
  0x4208, 0xa534, 0xe73c, 0x4208, 0x8430, 0xa534, 0x0000, 0x8000, 0x4208, 0x8000, 0xe720, 0x8000, 0xe73c, 0xe720, 0xe73c, 0xa308, 
  0x843c, 0x4214, 0xe73c, 0xe530, 0x4208, 0x4214, 0x4214, 0xa308, 0x4214, 0x8000, 0x2110, 0x8000, 0xe720, 0x0000, 0x8430, 0x4208, 
  0x4208, 0xa534, 0xe73c, 0x4208, 0x8430, 0xa534, 0x0000, 0x4214, 0x8000, 0x2110, 0x4000, 0x4214, 0x8000, 0x4214, 0x8000, 0x0000, 
  0x2110, 0xe73c, 0x2110, 0x6318, 0x2110, 0xe73c, 0x4214, 0xa534, 0x8000, 0x4208, 0x4000, 0x4208, 0x0000, 0x0000, 0x8430, 0x4208, 
  0x4208, 0xa534, 0xe73c, 0x4208, 0x8430, 0xa534, 0x0000, 0xe720, 0x4208, 0x8000, 0x4208, 0x4000, 0x4208, 0x4000, 0xe73c, 0x4000, 
  0x2110, 0x2110, 0xe73c, 0xe000, 0x0000, 0x2110, 0x4214, 0x4000, 0x4214, 0x4000, 0x2110, 0x4000, 0x2110, 0x0000, 0x8430, 0x4208, 
  0x4208, 0xa534, 0xe73c, 0x4208, 0x8430, 0xa534, 0x0000, 0x2110, 0xe720, 0x2110, 0x8000, 0x2110, 0x8000, 0x4214, 0x4000, 0x0000, 
  0x8000, 0xe73c, 0xe000, 0x0000, 0xe000, 0xe73c, 0x8000, 0xe720, 0x4000, 0x4208, 0x8000, 0x4208, 0xe720, 0x0000, 0x8430, 0x4208, 
  0x4208, 0xa534, 0xe73c, 0x4208, 0x8430, 0xa534, 0x0000, 0x8000, 0x4208, 0x4000, 0xe73c, 0x8000, 0xe720, 0x8000, 0xe73c, 0x4000, 
  0x0000, 0x4000, 0xe73c, 0xe000, 0x0000, 0x4000, 0x4214, 0x4000, 0x2110, 0x8000, 0x2110, 0x4000, 0x2110, 0x0000, 0x8430, 0x4208, 
  0x4208, 0xa534, 0xe73c, 0x4208, 0x8430, 0xa534, 0x0000, 0x2110, 0x4000, 0x2110, 0x8000, 0x2110, 0x4000, 0x4214, 0x4000, 0x0000, 
  0x4000, 0xe73c, 0x4000, 0x4208, 0x4000, 0xe73c, 0x4000, 0xe720, 0x4000, 0xa534, 0x8000, 0xe73c, 0x4000, 0x0000, 0x8430, 0x4208, 
  0x4208, 0xa534, 0xe73c, 0x4208, 0x8430, 0xa534, 0x0000, 0x0000, 0xa534, 0x4000, 0x4208, 0x8000, 0xe720, 0x4000, 0xe73c, 0x4000, 
  0x8430, 0x0000, 0xe73c, 0x0000, 0x4208, 0x0000, 0x4214, 0x4000, 0x2110, 0x4000, 0x2110, 0x4000, 0xe720, 0x0000, 0x8430, 0x4208, 
  0x4208, 0xa534, 0xe73c, 0x4208, 0x8430, 0xa534, 0x0000, 0xe720, 0x0000, 0x2110, 0x4000, 0x2110, 0x4000, 0x4214, 0x0000, 0xe73c, 
  0x0000, 0xe73c, 0xe73c, 0x4208, 0xe73c, 0x4208, 0x0000, 0xe720, 0x4000, 0xe73c, 0x4000, 0xe73c, 0xe000, 0x0000, 0x8430, 0x4208, 
  0x4208, 0xa534, 0xe73c, 0x4208, 0x8430, 0xa534, 0x0000, 0xe000, 0xe73c, 0x8000, 0xe73c, 0x0000, 0x4208, 0x0000, 0x0000, 0x8000, 
  0x0000, 0x0000, 0xe73c, 0xe73c, 0xe73c, 0x0000, 0x2110, 0x8000, 0x2110, 0x0000, 0x2110, 0x8000, 0xe720, 0x0000, 0x8430, 0x4208, 
  0x4208, 0xa534, 0xe73c, 0x4208, 0x8430, 0xa534, 0x0000, 0xe720, 0xe000, 0x2110, 0xe000, 0x2110, 0x8000, 0xa308, 0x8000, 0xe530, 
  0xa308, 0xe530, 0xa308, 0x8000, 0xa308, 0x8000, 0xa308, 0x4208, 0x8000, 0x4208, 0xe000, 0x4208, 0xe000, 0x0000, 0x8430, 0x4208, 
  0x4208, 0xa534, 0xe73c, 0x4208, 0x8430, 0xa534, 0x0000, 0xe000, 0x4208, 0x8000, 0x8430, 0xe000, 0xe720, 0xe000, 0xe530, 0x8000, 
  0xe530, 0x8000, 0xa308, 0xe530, 0x4000, 0x8000, 0xa308, 0x8000, 0x2110, 0xe000, 0x2110, 0x8000, 0xe720, 0x0000, 0x8430, 0x4208, 
  0x4208, 0xa534, 0xe73c, 0x4208, 0x8430, 0xa534, 0x0000, 0xe720, 0x0000, 0x2110, 0xe000, 0x2110, 0xe000, 0xa308, 0xe000, 0x4000, 
  0x8000, 0xe000, 0x4000, 0xe530, 0x4000, 0xe530, 0x8000, 0xe720, 0xe000, 0xa534, 0xe000, 0x8430, 0x8000, 0x0000, 0x8430, 0x4208, 
  0x4208, 0xa534, 0xe73c, 0x4208, 0x8430, 0xa534, 0x0000, 0x0000, 0xa534, 0x8000, 0xa534, 0xe000, 0xe720, 0xe000, 0xa308, 0xe000, 
  0xe530, 0x8000, 0xe000, 0x4000, 0xe530, 0x8000, 0x2110, 0xe000, 0x2110, 0xe000, 0x2110, 0x8000, 0xe720, 0x0000, 0x8430, 0x4208, 
  0x4208, 0xa534, 0xe73c, 0x4208, 0x8430, 0xa534, 0x0000, 0x2110, 0x8000, 0x2110, 0xe000, 0x2110, 0xe000, 0x0000, 0xe000, 0xe530, 
  0x8000, 0x4000, 0x8000, 0xa308, 0x8000, 0x8000, 0x8000, 0xe720, 0xe000, 0x4208, 0xe000, 0x4208, 0x8000, 0x0000, 0x8430, 0x4208, 
  0x4208, 0xa534, 0xe73c, 0x4208, 0x8430, 0xa534, 0x0000, 0x8000, 0x4208, 0x8000, 0x8430, 0xe000, 0xe720, 0xe000, 0xe720, 0xe000, 
  0x8000, 0x8000, 0xa308, 0x8000, 0xa308, 0x8000, 0x2110, 0xe000, 0x2110, 0xe000, 0x2110, 0x8000, 0x2110, 0x0000, 0x8430, 0x4208, 
  0x4208, 0xa534, 0xe73c, 0x4208, 0x8430, 0xa534, 0xe73c, 0x2110, 0x8000, 0xe720, 0x8000, 0x2110, 0x8000, 0x4214, 0xe000, 0x2110, 
  0xe000, 0x8000, 0xe000, 0xe720, 0xe000, 0xe720, 0xe000, 0xe720, 0xe000, 0x4208, 0x8000, 0xe720, 0x8000, 0xe73c, 0x8430, 0x4208, 
  0x0000, 0xa534, 0xa534, 0x4208, 0x8430, 0x8430, 0xa534, 0xe73c, 0xe73c, 0xe73c, 0xe73c, 0xe73c, 0xe73c, 0xe73c, 0xe73c, 0xe73c, 
  0xe73c, 0xe73c, 0xe73c, 0xe73c, 0xe73c, 0xe73c, 0xe73c, 0xe73c, 0xe73c, 0xe73c, 0xe73c, 0xe73c, 0xe73c, 0x8430, 0x8430, 0x4208, 
  0x067d, 0x0000, 0x4208, 0x8430, 0x0000, 0x8430, 0x8430, 0x8430, 0x8430, 0x8430, 0x8430, 0x8430, 0x8430, 0x8430, 0x8430, 0x8430, 
  0x8430, 0x8430, 0x8430, 0x8430, 0x8430, 0x8430, 0x8430, 0x8430, 0x8430, 0x8430, 0x8430, 0x8430, 0x8430, 0x8430, 0x0000, 0x067d, 
  0x067d, 0x067d, 0x0000, 0x4208, 0x4208, 0x0000, 0x0000, 0x0000, 0x0000, 0x0000, 0x0000, 0x0000, 0x0000, 0x0000, 0x0000, 0x0000, 
  0x0000, 0x0000, 0x0000, 0x0000, 0x0000, 0x0000, 0x0000, 0x0000, 0x0000, 0x0000, 0x0000, 0x0000, 0x0000, 0x0000, 0x067d, 0x067d
};
// 'SONIC_SIGN1', 48x30px
const uint16_t SONIC_SIGN1 [] PROGMEM = {
  0x067d, 0x067d, 0xe73c, 0xe73c, 0xe73c, 0xe73c, 0xe73c, 0xe73c, 0xe73c, 0xe73c, 0xe73c, 0xe73c, 0xe73c, 0xe73c, 0xe73c, 0xe73c, 
  0xe73c, 0xe73c, 0xe73c, 0xe73c, 0xe73c, 0xe73c, 0xe73c, 0xe73c, 0xe73c, 0xe73c, 0xe73c, 0xe73c, 0xe73c, 0xe73c, 0xe73c, 0xe73c, 
  0xe73c, 0xe73c, 0xe73c, 0xe73c, 0xe73c, 0xe73c, 0xe73c, 0xe73c, 0xe73c, 0xe73c, 0xe73c, 0xe73c, 0xe73c, 0xe73c, 0x067d, 0x067d, 
  0x067d, 0xe73c, 0xa534, 0xa534, 0xa534, 0xa534, 0xa534, 0xa534, 0xa534, 0xa534, 0xa534, 0xa534, 0xa534, 0xa534, 0xa534, 0xa534, 
  0xa534, 0xa534, 0xa534, 0xa534, 0xa534, 0xa534, 0xa534, 0xa534, 0xa534, 0xa534, 0xa534, 0xa534, 0xa534, 0xa534, 0xa534, 0xa534, 
  0xa534, 0xa534, 0xa534, 0xa534, 0xa534, 0xa534, 0xa534, 0xa534, 0xa534, 0xa534, 0xa534, 0xa534, 0xa534, 0xa534, 0xe73c, 0x067d, 
  0x4208, 0xa534, 0x8430, 0x8430, 0x0000, 0x0000, 0x0000, 0x0000, 0x0000, 0x0000, 0x0000, 0x0000, 0x0000, 0x0000, 0x0000, 0x0000, 
  0x0000, 0x0000, 0x0000, 0x0000, 0x0000, 0x0000, 0x0000, 0x0000, 0x0000, 0x0000, 0x0000, 0x0000, 0x0000, 0x0000, 0x0000, 0x0000, 
  0x0000, 0x0000, 0x0000, 0x0000, 0x0000, 0x0000, 0x0000, 0x0000, 0x0000, 0x0000, 0x0000, 0x0000, 0x8430, 0x8430, 0xa534, 0x4208, 
  0x4208, 0xa534, 0x8430, 0x0000, 0x4208, 0x4208, 0x4208, 0x4208, 0x4208, 0x4208, 0x4208, 0x4208, 0x4208, 0x4208, 0x4208, 0x4208, 
  0x4208, 0x4208, 0x4208, 0x4208, 0x4208, 0x4208, 0x4208, 0x4208, 0x4208, 0x4208, 0x4208, 0x4208, 0x4208, 0x4208, 0x4208, 0x4208, 
  0x4208, 0x4208, 0x4208, 0x4208, 0x4208, 0x4208, 0x4208, 0x4208, 0x4208, 0x4208, 0x4208, 0x4208, 0x0000, 0x8430, 0xa534, 0x4208, 
  0x4208, 0xa534, 0xa534, 0x0000, 0x4208, 0x4208, 0x4208, 0x4208, 0x4208, 0x4208, 0x4208, 0x4208, 0x4208, 0x4208, 0x4208, 0x4208, 
  0x4208, 0x4208, 0x4208, 0x4208, 0x4208, 0x4208, 0x4208, 0x4208, 0x4208, 0x4208, 0x4208, 0x4208, 0x4208, 0x4208, 0x4208, 0x4208, 
  0x4208, 0x4208, 0x4208, 0x4208, 0x4208, 0x4208, 0x4208, 0x4208, 0x4208, 0x4208, 0x4208, 0x4208, 0x0000, 0xa534, 0xa534, 0x4208, 
  0x4208, 0xa534, 0xa534, 0x0000, 0x4208, 0x4208, 0x4208, 0x4208, 0x4208, 0x4208, 0x4208, 0x4208, 0x4208, 0x4208, 0x4208, 0x4208, 
  0x4208, 0x4208, 0x4208, 0x4208, 0x4208, 0x4208, 0x4208, 0x4208, 0x4208, 0x4208, 0x4208, 0x4208, 0x4208, 0x4208, 0x4208, 0x4208, 
  0x4208, 0x4208, 0x4208, 0x4208, 0x4208, 0x4208, 0x4208, 0x4208, 0x4208, 0x4208, 0x4208, 0x4208, 0x0000, 0xa534, 0xa534, 0x4208, 
  0x4208, 0x8430, 0xa534, 0x0000, 0x4208, 0x4208, 0x4208, 0x4208, 0x4208, 0x4208, 0x4208, 0x4208, 0x4208, 0x4208, 0x4208, 0x4208, 
  0x4208, 0x4208, 0x4208, 0x4208, 0x4208, 0x4208, 0x4208, 0x4208, 0x4208, 0x4208, 0x4208, 0x4208, 0x4208, 0x4208, 0x4208, 0x4208, 
  0x4208, 0x4208, 0x4208, 0x4208, 0x4208, 0x4208, 0x4208, 0x4208, 0x4208, 0x4208, 0x4208, 0x4208, 0x0000, 0xa534, 0x8430, 0x4208, 
  0x4208, 0x8430, 0xa534, 0x0000, 0x4208, 0x4208, 0x4208, 0x4208, 0x4208, 0x4208, 0x4208, 0x4208, 0x4208, 0x4208, 0x4208, 0x4208, 
  0x4208, 0x4208, 0x4208, 0x4208, 0x4208, 0x4208, 0x4208, 0x4208, 0x4208, 0x4208, 0x4208, 0x4208, 0x4208, 0x4208, 0x4208, 0x4208, 
  0x4208, 0x4208, 0x4208, 0x4208, 0x4208, 0x4208, 0x4208, 0x4208, 0x4208, 0x4208, 0x4208, 0x4208, 0x0000, 0xa534, 0x8430, 0x4208, 
  0x4208, 0x8430, 0xa534, 0x0000, 0x4208, 0x4208, 0x4208, 0x4208, 0x4208, 0x4208, 0x4208, 0x4208, 0x4208, 0x4208, 0x4208, 0x4208, 
  0x4208, 0x4208, 0x4208, 0x4208, 0x4208, 0x4208, 0x4208, 0x4208, 0x4208, 0x4208, 0x4208, 0x4208, 0x4208, 0x4208, 0x4208, 0x4208, 
  0x4208, 0x4208, 0x4208, 0x4208, 0x4208, 0x4208, 0x4208, 0x4208, 0x4208, 0x4208, 0x4208, 0x4208, 0x0000, 0xa534, 0x8430, 0x4208, 
  0x4208, 0x8430, 0xa534, 0x0000, 0x4208, 0x4208, 0x4208, 0x4208, 0x4208, 0x4208, 0x4208, 0x4208, 0x4208, 0x4208, 0x4208, 0x4208, 
  0x4208, 0x4208, 0x4208, 0x4208, 0x4208, 0x4208, 0x4208, 0x4208, 0x4208, 0x4208, 0x4208, 0x4208, 0x4208, 0x4208, 0x4208, 0x4208, 
  0x4208, 0x4208, 0x4208, 0x4208, 0x4208, 0x4208, 0x4208, 0x4208, 0x4208, 0x4208, 0x4208, 0x4208, 0x0000, 0xa534, 0x8430, 0x4208, 
  0x4208, 0x8430, 0xa534, 0x0000, 0x4208, 0x4208, 0x4208, 0x4208, 0x4208, 0x4208, 0x4208, 0x4208, 0x4208, 0x4208, 0x4208, 0x4208, 
  0x4208, 0x4208, 0x4208, 0x4208, 0x4208, 0x4208, 0x4208, 0x4208, 0x4208, 0x4208, 0x4208, 0x4208, 0x4208, 0x4208, 0x4208, 0x4208, 
  0x4208, 0x4208, 0x4208, 0x4208, 0x4208, 0x4208, 0x4208, 0x4208, 0x4208, 0x4208, 0x4208, 0x4208, 0x0000, 0xa534, 0x8430, 0x4208, 
  0x4208, 0x8430, 0xa534, 0x0000, 0x4208, 0x4208, 0x4208, 0x4208, 0x4208, 0x4208, 0x4208, 0x4208, 0x4208, 0x4208, 0x4208, 0x4208, 
  0x4208, 0x4208, 0x4208, 0x4208, 0x4208, 0x4208, 0x4208, 0x4208, 0x4208, 0x4208, 0x4208, 0x4208, 0x4208, 0x4208, 0x4208, 0x4208, 
  0x4208, 0x4208, 0x4208, 0x4208, 0x4208, 0x4208, 0x4208, 0x4208, 0x4208, 0x4208, 0x4208, 0x4208, 0x0000, 0xa534, 0x8430, 0x4208, 
  0x4208, 0x8430, 0xa534, 0x0000, 0x4208, 0x4208, 0x4208, 0x4208, 0x4208, 0x4208, 0x4208, 0x4208, 0x4208, 0x4208, 0x4208, 0x4208, 
  0x4208, 0x4208, 0x4208, 0x4208, 0x4208, 0x4208, 0x4208, 0x4208, 0x4208, 0x4208, 0x4208, 0x4208, 0x4208, 0x4208, 0x4208, 0x4208, 
  0x4208, 0x4208, 0x4208, 0x4208, 0x4208, 0x4208, 0x4208, 0x4208, 0x4208, 0x4208, 0x4208, 0x4208, 0x0000, 0xa534, 0x8430, 0x4208, 
  0x4208, 0x8430, 0xa534, 0x0000, 0x4208, 0x4208, 0x4208, 0x4208, 0x4208, 0x4208, 0x4208, 0x4208, 0x4208, 0x4208, 0x4208, 0x4208, 
  0x4208, 0x4208, 0x4208, 0x4208, 0x4208, 0x4208, 0x4208, 0x4208, 0x4208, 0x4208, 0x4208, 0x4208, 0x4208, 0x4208, 0x4208, 0x4208, 
  0x4208, 0x4208, 0x4208, 0x4208, 0x4208, 0x4208, 0x4208, 0x4208, 0x4208, 0x4208, 0x4208, 0x4208, 0x0000, 0xa534, 0x8430, 0x4208, 
  0x4208, 0x8430, 0xa534, 0x0000, 0x4208, 0x4208, 0x4208, 0x4208, 0x4208, 0x4208, 0x4208, 0x4208, 0x4208, 0x4208, 0x4208, 0x4208, 
  0x4208, 0x4208, 0x4208, 0x4208, 0x4208, 0x4208, 0x4208, 0x4208, 0x4208, 0x4208, 0x4208, 0x4208, 0x4208, 0x4208, 0x4208, 0x4208, 
  0x4208, 0x4208, 0x4208, 0x4208, 0x4208, 0x4208, 0x4208, 0x4208, 0x4208, 0x4208, 0x4208, 0x4208, 0x0000, 0xa534, 0x8430, 0x4208, 
  0x4208, 0x8430, 0xa534, 0x0000, 0x4208, 0x4208, 0x4208, 0x4208, 0x4208, 0x4208, 0x4208, 0x4208, 0x4208, 0x4208, 0x4208, 0x4208, 
  0x4208, 0x4208, 0x4208, 0x4208, 0x4208, 0x4208, 0x4208, 0x4208, 0x4208, 0x4208, 0x4208, 0x4208, 0x4208, 0x4208, 0x4208, 0x4208, 
  0x4208, 0x4208, 0x4208, 0x4208, 0x4208, 0x4208, 0x4208, 0x4208, 0x4208, 0x4208, 0x4208, 0x4208, 0x0000, 0xa534, 0x8430, 0x4208, 
  0x4208, 0x8430, 0xa534, 0x0000, 0x4208, 0x4208, 0x4208, 0x4208, 0x4208, 0x4208, 0x4208, 0x4208, 0x4208, 0x4208, 0x4208, 0x4208, 
  0x4208, 0x4208, 0x4208, 0x4208, 0x4208, 0x4208, 0x4208, 0x4208, 0x4208, 0x4208, 0x4208, 0x4208, 0x4208, 0x4208, 0x4208, 0x4208, 
  0x4208, 0x4208, 0x4208, 0x4208, 0x4208, 0x4208, 0x4208, 0x4208, 0x4208, 0x4208, 0x4208, 0x4208, 0x0000, 0xa534, 0x8430, 0x4208, 
  0x4208, 0x8430, 0xa534, 0x0000, 0x4208, 0x4208, 0x4208, 0x4208, 0x4208, 0x4208, 0x4208, 0x4208, 0x4208, 0x4208, 0x4208, 0x4208, 
  0x4208, 0x4208, 0x4208, 0x4208, 0x4208, 0x4208, 0x4208, 0x4208, 0x4208, 0x4208, 0x4208, 0x4208, 0x4208, 0x4208, 0x4208, 0x4208, 
  0x4208, 0x4208, 0x4208, 0x4208, 0x4208, 0x4208, 0x4208, 0x4208, 0x4208, 0x4208, 0x4208, 0x4208, 0x0000, 0xa534, 0x8430, 0x4208, 
  0x4208, 0x8430, 0xa534, 0x0000, 0x4208, 0x4208, 0x4208, 0x4208, 0x4208, 0x4208, 0x4208, 0x4208, 0x4208, 0x4208, 0x4208, 0x4208, 
  0x4208, 0x4208, 0x4208, 0x4208, 0x4208, 0x4208, 0x4208, 0x4208, 0x4208, 0x4208, 0x4208, 0x4208, 0x4208, 0x4208, 0x4208, 0x4208, 
  0x4208, 0x4208, 0x4208, 0x4208, 0x4208, 0x4208, 0x4208, 0x4208, 0x4208, 0x4208, 0x4208, 0x4208, 0x0000, 0xa534, 0x8430, 0x4208, 
  0x4208, 0x8430, 0xa534, 0x0000, 0x4208, 0x4208, 0x4208, 0x4208, 0x4208, 0x4208, 0x4208, 0x4208, 0x4208, 0x4208, 0x4208, 0x4208, 
  0x4208, 0x4208, 0x4208, 0x4208, 0x4208, 0x4208, 0x4208, 0x4208, 0x4208, 0x4208, 0x4208, 0x4208, 0x4208, 0x4208, 0x4208, 0x4208, 
  0x4208, 0x4208, 0x4208, 0x4208, 0x4208, 0x4208, 0x4208, 0x4208, 0x4208, 0x4208, 0x4208, 0x4208, 0x0000, 0xa534, 0x8430, 0x4208, 
  0x4208, 0x8430, 0xa534, 0x0000, 0x4208, 0x4208, 0x4208, 0x4208, 0x4208, 0x4208, 0x4208, 0x4208, 0x4208, 0x4208, 0x4208, 0x4208, 
  0x4208, 0x4208, 0x4208, 0x4208, 0x4208, 0x4208, 0x4208, 0x4208, 0x4208, 0x4208, 0x4208, 0x4208, 0x4208, 0x4208, 0x4208, 0x4208, 
  0x4208, 0x4208, 0x4208, 0x4208, 0x4208, 0x4208, 0x4208, 0x4208, 0x4208, 0x4208, 0x4208, 0x4208, 0x0000, 0xa534, 0x8430, 0x4208, 
  0x4208, 0x8430, 0xa534, 0x0000, 0x4208, 0x4208, 0x4208, 0x4208, 0x4208, 0x4208, 0x4208, 0x4208, 0x4208, 0x4208, 0x4208, 0x4208, 
  0x4208, 0x4208, 0x4208, 0x4208, 0x4208, 0x4208, 0x4208, 0x4208, 0x4208, 0x4208, 0x4208, 0x4208, 0x4208, 0x4208, 0x4208, 0x4208, 
  0x4208, 0x4208, 0x4208, 0x4208, 0x4208, 0x4208, 0x4208, 0x4208, 0x4208, 0x4208, 0x4208, 0x4208, 0x0000, 0xa534, 0x8430, 0x4208, 
  0x4208, 0x8430, 0xa534, 0x0000, 0x4208, 0x4208, 0x4208, 0x4208, 0x4208, 0x4208, 0x4208, 0x4208, 0x4208, 0x4208, 0x4208, 0x4208, 
  0x4208, 0x4208, 0x4208, 0x4208, 0x4208, 0x4208, 0x4208, 0x4208, 0x4208, 0x4208, 0x4208, 0x4208, 0x4208, 0x4208, 0x4208, 0x4208, 
  0x4208, 0x4208, 0x4208, 0x4208, 0x4208, 0x4208, 0x4208, 0x4208, 0x4208, 0x4208, 0x4208, 0x4208, 0x0000, 0xa534, 0x8430, 0x4208, 
  0x4208, 0x8430, 0xa534, 0x0000, 0x4208, 0x4208, 0x4208, 0x4208, 0x4208, 0x4208, 0x4208, 0x4208, 0x4208, 0x4208, 0x4208, 0x4208, 
  0x4208, 0x4208, 0x4208, 0x4208, 0x4208, 0x4208, 0x4208, 0x4208, 0x4208, 0x4208, 0x4208, 0x4208, 0x4208, 0x4208, 0x4208, 0x4208, 
  0x4208, 0x4208, 0x4208, 0x4208, 0x4208, 0x4208, 0x4208, 0x4208, 0x4208, 0x4208, 0x4208, 0x4208, 0x0000, 0xa534, 0x8430, 0x4208, 
  0x4208, 0x8430, 0xa534, 0x0000, 0x4208, 0x4208, 0x4208, 0x4208, 0x4208, 0x4208, 0x4208, 0x4208, 0x4208, 0x4208, 0x4208, 0x4208, 
  0x4208, 0x4208, 0x4208, 0x4208, 0x4208, 0x4208, 0x4208, 0x4208, 0x4208, 0x4208, 0x4208, 0x4208, 0x4208, 0x4208, 0x4208, 0x4208, 
  0x4208, 0x4208, 0x4208, 0x4208, 0x4208, 0x4208, 0x4208, 0x4208, 0x4208, 0x4208, 0x4208, 0x4208, 0x0000, 0xa534, 0x8430, 0x4208, 
  0x4208, 0x8430, 0xa534, 0x0000, 0x4208, 0x4208, 0x4208, 0x4208, 0x4208, 0x4208, 0x4208, 0x4208, 0x4208, 0x4208, 0x4208, 0x4208, 
  0x4208, 0x4208, 0x4208, 0x4208, 0x4208, 0x4208, 0x4208, 0x4208, 0x4208, 0x4208, 0x4208, 0x4208, 0x4208, 0x4208, 0x4208, 0x4208, 
  0x4208, 0x4208, 0x4208, 0x4208, 0x4208, 0x4208, 0x4208, 0x4208, 0x4208, 0x4208, 0x4208, 0x4208, 0x0000, 0xa534, 0x8430, 0x4208, 
  0x4208, 0x8430, 0xa534, 0xe73c, 0x4208, 0x4208, 0x4208, 0x4208, 0x4208, 0x4208, 0x4208, 0x4208, 0x4208, 0x4208, 0x4208, 0x4208, 
  0x4208, 0x4208, 0x4208, 0x4208, 0x4208, 0x4208, 0x4208, 0x4208, 0x4208, 0x4208, 0x4208, 0x4208, 0x4208, 0x4208, 0x4208, 0x4208, 
  0x4208, 0x4208, 0x4208, 0x4208, 0x4208, 0x4208, 0x4208, 0x4208, 0x4208, 0x4208, 0x4208, 0x4208, 0xe73c, 0xa534, 0x8430, 0x4208, 
  0x4208, 0x8430, 0x8430, 0xa534, 0xe73c, 0xe73c, 0xe73c, 0xe73c, 0xe73c, 0xe73c, 0xe73c, 0xe73c, 0xe73c, 0xe73c, 0xe73c, 0xe73c, 
  0xe73c, 0xe73c, 0xe73c, 0xe73c, 0xe73c, 0xe73c, 0xe73c, 0xe73c, 0xe73c, 0xe73c, 0xe73c, 0xe73c, 0xe73c, 0xe73c, 0xe73c, 0xe73c, 
  0xe73c, 0xe73c, 0xe73c, 0xe73c, 0xe73c, 0xe73c, 0xe73c, 0xe73c, 0xe73c, 0xe73c, 0xe73c, 0xe73c, 0xa534, 0x8430, 0x8430, 0x4208, 
  0x067d, 0x0000, 0x8430, 0x8430, 0x8430, 0x8430, 0x8430, 0x8430, 0x8430, 0x8430, 0x8430, 0x8430, 0x8430, 0x8430, 0x8430, 0x8430, 
  0x8430, 0x8430, 0x8430, 0x8430, 0x8430, 0x8430, 0x8430, 0x8430, 0x8430, 0x8430, 0x8430, 0x8430, 0x8430, 0x8430, 0x8430, 0x8430, 
  0x8430, 0x8430, 0x8430, 0x8430, 0x8430, 0x8430, 0x8430, 0x8430, 0x8430, 0x8430, 0x8430, 0x8430, 0x8430, 0x8430, 0x0000, 0x067d, 
  0x067d, 0x067d, 0x0000, 0x0000, 0x0000, 0x0000, 0x0000, 0x0000, 0x0000, 0x0000, 0x0000, 0x0000, 0x0000, 0x0000, 0x0000, 0x0000, 
  0x0000, 0x0000, 0x0000, 0x0000, 0x0000, 0x0000, 0x0000, 0x0000, 0x0000, 0x0000, 0x0000, 0x0000, 0x0000, 0x0000, 0x0000, 0x0000, 
  0x0000, 0x0000, 0x0000, 0x0000, 0x0000, 0x0000, 0x0000, 0x0000, 0x0000, 0x0000, 0x0000, 0x0000, 0x0000, 0x0000, 0x067d, 0x067d
};
// 'SONIC_SIGN_BASE2', 6x16px
const uint16_t SONIC_SIGN_BASE2 [] PROGMEM = {
  0x4208, 0x4208, 0xa534, 0x8430, 0x4208, 0x4208, 0x4208, 0x4208, 0xa534, 0x8430, 0x4208, 0x4208, 0x4208, 0x8430, 0xe73c, 0xa534, 
  0x8430, 0x4208, 0x4208, 0x8430, 0xe73c, 0xa534, 0x8430, 0x4208, 0x4208, 0x8430, 0xe73c, 0xa534, 0x8430, 0x4208, 0x4208, 0x8430, 
  0xe73c, 0xa534, 0x8430, 0x4208, 0x4208, 0x8430, 0xe73c, 0xa534, 0x8430, 0x4208, 0x4208, 0x8430, 0xe73c, 0xa534, 0x8430, 0x4208, 
  0x4208, 0x8430, 0xe73c, 0xa534, 0x8430, 0x4208, 0x4208, 0x8430, 0xe73c, 0xa534, 0x8430, 0x4208, 0x4208, 0x8430, 0xe73c, 0xa534, 
  0x8430, 0x4208, 0x4208, 0x8430, 0xe73c, 0xa534, 0x8430, 0x4208, 0x4208, 0x8430, 0xe73c, 0xa534, 0x8430, 0x4208, 0x4208, 0x8430, 
  0xe73c, 0xa534, 0x8430, 0x4208, 0x4208, 0x8430, 0xe73c, 0xa534, 0x8430, 0x4208, 0x4208, 0x8430, 0xe73c, 0xa534, 0x8430, 0x4208
};
// 'SONIC_SIGN3', 8x31px
const uint16_t SONIC_SIGN3 [] PROGMEM = {
  0x067d, 0x4208, 0x8430, 0xa534, 0xe73c, 0x8430, 0x4208, 0x067d, 0x067d, 0xa534, 0xe73c, 0xe73c, 0xe73c, 0xe73c, 0xa534, 0x067d, 
  0x8430, 0xa534, 0xe73c, 0xe73c, 0xe73c, 0xe73c, 0xa534, 0x8430, 0x8430, 0x8430, 0xa534, 0xa534, 0xa534, 0xa534, 0x8430, 0x8430, 
  0x4208, 0x8430, 0xa534, 0xa534, 0xa534, 0xa534, 0x8430, 0x4208, 0x4208, 0x8430, 0xa534, 0xa534, 0xa534, 0xa534, 0x8430, 0x4208, 
  0x4208, 0x8430, 0xa534, 0xa534, 0xa534, 0xa534, 0x8430, 0x4208, 0x4208, 0x8430, 0xa534, 0xa534, 0xa534, 0xa534, 0x8430, 0x4208, 
  0x4208, 0x8430, 0xa534, 0xa534, 0xa534, 0xa534, 0x8430, 0x4208, 0x4208, 0x8430, 0xa534, 0xa534, 0xa534, 0xa534, 0x8430, 0x4208, 
  0x4208, 0x8430, 0xa534, 0xa534, 0xa534, 0xa534, 0x8430, 0x4208, 0x4208, 0x8430, 0xa534, 0xa534, 0xa534, 0xa534, 0x8430, 0x4208, 
  0x4208, 0x8430, 0xa534, 0xa534, 0xa534, 0xa534, 0x8430, 0x4208, 0x4208, 0x8430, 0xa534, 0xa534, 0xa534, 0xa534, 0x8430, 0x4208, 
  0x4208, 0x8430, 0xa534, 0xa534, 0xa534, 0xa534, 0x8430, 0x4208, 0x4208, 0x8430, 0xa534, 0xa534, 0xa534, 0xa534, 0x8430, 0x4208, 
  0x4208, 0x8430, 0xa534, 0xa534, 0xa534, 0xa534, 0x8430, 0x4208, 0x4208, 0x8430, 0xa534, 0xa534, 0xa534, 0xa534, 0x8430, 0x4208, 
  0x4208, 0x8430, 0xa534, 0xa534, 0xa534, 0xa534, 0x8430, 0x4208, 0x4208, 0x8430, 0xa534, 0xa534, 0xa534, 0xa534, 0x8430, 0x4208, 
  0x4208, 0x8430, 0xa534, 0xa534, 0xa534, 0xa534, 0x8430, 0x4208, 0x4208, 0x8430, 0xa534, 0xa534, 0xa534, 0xa534, 0x8430, 0x4208, 
  0x4208, 0x8430, 0xa534, 0xa534, 0xa534, 0xa534, 0x8430, 0x4208, 0x4208, 0x8430, 0xa534, 0xa534, 0xa534, 0xa534, 0x8430, 0x4208, 
  0x4208, 0x8430, 0xa534, 0xa534, 0xa534, 0xa534, 0x8430, 0x4208, 0x4208, 0x8430, 0xa534, 0xa534, 0xa534, 0xa534, 0x8430, 0x4208, 
  0x4208, 0x8430, 0xa534, 0xa534, 0xa534, 0xa534, 0x8430, 0x4208, 0x4208, 0x8430, 0xa534, 0xa534, 0xa534, 0xa534, 0x8430, 0x4208, 
  0x4208, 0x8430, 0xa534, 0xa534, 0xa534, 0xa534, 0x8430, 0x4208, 0x0000, 0x8430, 0xa534, 0xa534, 0xa534, 0xa534, 0x8430, 0x0000, 
  0x067d, 0x0000, 0x0000, 0x0000, 0x0000, 0x0000, 0x0000, 0x067d
};
// 'SONIC_SIGN4', 48x30px
const uint16_t SONIC_SIGN4 [] PROGMEM = {
  0x067d, 0x067d, 0xe73c, 0xe73c, 0xe73c, 0xe73c, 0xe73c, 0xe73c, 0xe73c, 0xe73c, 0xe73c, 0xe73c, 0xe73c, 0xe73c, 0xe73c, 0xe73c, 
  0xe73c, 0xe73c, 0xe73c, 0xe73c, 0xe73c, 0xe73c, 0xe73c, 0xe73c, 0xe73c, 0xe73c, 0xe73c, 0xe73c, 0xe73c, 0xe73c, 0xe73c, 0xe73c, 
  0xe73c, 0xe73c, 0xe73c, 0xe73c, 0xe73c, 0xe73c, 0xe73c, 0xe73c, 0xe73c, 0xe73c, 0xe73c, 0xe73c, 0xe73c, 0xe73c, 0x067d, 0x067d, 
  0x067d, 0xe73c, 0xa534, 0xa534, 0xa534, 0xa534, 0xa534, 0xa534, 0xa534, 0xa534, 0xa534, 0xa534, 0xa534, 0xa534, 0xa534, 0xa534, 
  0xa534, 0xa534, 0xa534, 0xa534, 0xa534, 0xa534, 0xa534, 0xa534, 0xa534, 0xa534, 0xa534, 0xa534, 0xa534, 0xa534, 0xa534, 0xa534, 
  0xa534, 0xa534, 0xa534, 0xa534, 0xa534, 0xa534, 0xa534, 0xa534, 0xa534, 0xa534, 0xa534, 0xa534, 0xa534, 0xa534, 0xe73c, 0x067d, 
  0x4208, 0xa534, 0x8430, 0x8430, 0x0000, 0x0000, 0x0000, 0x0000, 0x0000, 0x0000, 0x0000, 0x0000, 0x0000, 0x0000, 0x0000, 0x0000, 
  0x0000, 0x0000, 0x0000, 0x0000, 0x0000, 0x0000, 0x0000, 0x0000, 0x0000, 0x0000, 0x0000, 0x0000, 0x0000, 0x0000, 0x0000, 0x0000, 
  0x0000, 0x0000, 0x0000, 0x0000, 0x0000, 0x0000, 0x0000, 0x0000, 0x0000, 0x0000, 0x0000, 0x0000, 0x8430, 0x8430, 0xa534, 0x4208, 
  0x4208, 0xa534, 0x8430, 0x0000, 0xe720, 0xe720, 0xe720, 0xe720, 0xe720, 0xe720, 0xe720, 0xe720, 0xe720, 0xe720, 0xe720, 0xe720, 
  0xe720, 0xe720, 0xe720, 0xe720, 0xe720, 0xe720, 0xe720, 0xe720, 0xe720, 0xe720, 0xe720, 0xe720, 0xe720, 0xe720, 0xe720, 0xe720, 
  0xe720, 0xe720, 0xe720, 0xe720, 0xe720, 0xe720, 0xe720, 0xe720, 0xe720, 0xe720, 0xe720, 0xe720, 0x0000, 0x8430, 0xa534, 0x4208, 
  0x4208, 0xa534, 0xa534, 0x0000, 0xe720, 0xe720, 0xe720, 0xe720, 0xe720, 0xe720, 0xe720, 0xe720, 0xe720, 0xe720, 0xe720, 0xe720, 
  0xe720, 0xe720, 0xe720, 0xe720, 0xe720, 0xa308, 0xa308, 0xa308, 0xa308, 0xa308, 0xa308, 0xe720, 0xe720, 0xe720, 0xe720, 0xe720, 
  0xe720, 0xe720, 0xe720, 0xe720, 0xe720, 0xe720, 0xe720, 0xe720, 0xe720, 0xe720, 0xe720, 0xe720, 0x0000, 0xa534, 0xa534, 0x4208, 
  0x4208, 0xa534, 0xa534, 0x0000, 0xe720, 0xe720, 0xe720, 0xe720, 0xe720, 0xe720, 0xe720, 0xe720, 0xe720, 0xe720, 0xe720, 0xe720, 
  0xe720, 0xe720, 0xe720, 0xa308, 0xa308, 0xe530, 0xe530, 0xe530, 0xe530, 0xe530, 0xe530, 0xa308, 0xa308, 0xe720, 0xe720, 0xe720, 
  0xe720, 0xe720, 0xe720, 0xe720, 0xe720, 0xe720, 0xe720, 0xe720, 0xe720, 0xe720, 0xe720, 0xe720, 0x0000, 0xa534, 0xa534, 0x4208, 
  0x4208, 0x8430, 0xa534, 0x0000, 0xe720, 0xe720, 0xe720, 0xe720, 0xe720, 0xe720, 0xe720, 0xe720, 0xe720, 0xe720, 0xe720, 0xe720, 
  0xe720, 0xe720, 0xa308, 0xe530, 0xe530, 0xe530, 0xe530, 0xe530, 0xe530, 0xe530, 0xe530, 0xe530, 0xe530, 0xa308, 0xe720, 0xe720, 
  0xe720, 0xe720, 0xe720, 0xe720, 0xe720, 0xe720, 0xe720, 0xe720, 0xe720, 0xe720, 0xe720, 0xe720, 0x0000, 0xa534, 0x8430, 0x4208, 
  0x4208, 0x8430, 0xa534, 0x0000, 0xe720, 0xe720, 0xe720, 0xe720, 0xe720, 0xe720, 0xe720, 0xe720, 0xe720, 0xe720, 0xe720, 0xe720, 
  0xe720, 0xa308, 0xe530, 0xe530, 0xe530, 0xe530, 0xe530, 0xe73c, 0xe73c, 0xe530, 0xe530, 0xe530, 0xe530, 0xe530, 0xa308, 0xe720, 
  0xe720, 0xe720, 0xe720, 0xe720, 0xe720, 0xe720, 0xe720, 0xe720, 0xe720, 0xe720, 0xe720, 0xe720, 0x0000, 0xa534, 0x8430, 0x4208, 
  0x4208, 0x8430, 0xa534, 0x0000, 0xe720, 0xe720, 0xe720, 0xe720, 0xe720, 0xe720, 0xe720, 0xe720, 0xe720, 0xe720, 0xe720, 0xe720, 
  0xe720, 0xa308, 0xe530, 0xe530, 0xe530, 0xe530, 0xe530, 0xe73c, 0xe73c, 0xe530, 0xe530, 0xe530, 0xe530, 0xe530, 0xa308, 0xe720, 
  0xe720, 0xe720, 0xe720, 0xe720, 0xe720, 0xe720, 0xe720, 0xe720, 0xe720, 0xe720, 0xe720, 0xe720, 0x0000, 0xa534, 0x8430, 0x4208, 
  0x4208, 0x8430, 0xa534, 0x0000, 0xe720, 0xe720, 0xe720, 0xe720, 0xe720, 0xe720, 0xe720, 0xe720, 0xe720, 0xe720, 0xe720, 0xe720, 
  0xa308, 0xe530, 0xe530, 0x2110, 0x2110, 0x4214, 0xe530, 0xe530, 0xe530, 0xe530, 0x4214, 0x2110, 0x2110, 0xe530, 0xe530, 0xa308, 
  0xe720, 0xe720, 0xe720, 0xe720, 0xe720, 0xe720, 0xe720, 0xe720, 0xe720, 0xe720, 0xe720, 0xe720, 0x0000, 0xa534, 0x8430, 0x4208, 
  0x4208, 0x0000, 0x8000, 0x8000, 0x8000, 0x8000, 0x8000, 0x8000, 0xe720, 0xe720, 0xe720, 0xe720, 0xe720, 0xe720, 0xe720, 0xe720, 
  0xa308, 0xe530, 0x2110, 0x4214, 0x4214, 0x6318, 0x6318, 0xe530, 0xe530, 0x6318, 0x6318, 0x4214, 0x4214, 0x2110, 0xe530, 0xa308, 
  0xe720, 0xe720, 0xe720, 0xe720, 0xe720, 0xe720, 0xe720, 0xe720, 0x8000, 0x8000, 0x8000, 0x8000, 0x8000, 0x8000, 0x0000, 0x4208, 
  0x4208, 0x8430, 0x0000, 0x4000, 0x8000, 0x8000, 0x8000, 0x8000, 0x8000, 0x8000, 0x8000, 0x8000, 0x8000, 0x8000, 0xe720, 0xe720, 
  0xa308, 0xe530, 0x2110, 0x4214, 0x4214, 0x843c, 0x6318, 0xe530, 0xe530, 0x6318, 0x843c, 0x4214, 0x4214, 0x2110, 0xe530, 0xa308, 
  0xe720, 0xe720, 0x8000, 0x8000, 0x8000, 0x8000, 0x8000, 0x8000, 0x8000, 0x8000, 0x8000, 0x8000, 0x4000, 0x0000, 0x8430, 0x4208, 
  0x4208, 0x8430, 0xa534, 0x0000, 0x0000, 0x4000, 0x8000, 0x8000, 0x8000, 0x4000, 0x4000, 0x4000, 0x8000, 0x8000, 0x8000, 0x8000, 
  0x8000, 0xe530, 0x2110, 0x4214, 0x4214, 0x4214, 0x2110, 0xe530, 0xe530, 0x2110, 0x4214, 0x4214, 0x4214, 0x2110, 0xe530, 0x8000, 
  0x8000, 0x8000, 0x8000, 0x8000, 0x4000, 0x4000, 0x4000, 0x8000, 0x8000, 0x8000, 0x4000, 0x0000, 0x0000, 0xa534, 0x8430, 0x4208, 
  0x4208, 0x8430, 0xa534, 0x0000, 0xe720, 0x0000, 0x0000, 0x4000, 0x8000, 0x8000, 0x8000, 0x4000, 0x4000, 0x4000, 0x4000, 0x4000, 
  0x4000, 0x8000, 0x8000, 0x2110, 0x2110, 0x2110, 0xe530, 0xe000, 0xe000, 0xe530, 0x2110, 0x2110, 0x2110, 0x8000, 0x8000, 0x4000, 
  0x4000, 0x4000, 0x4000, 0x4000, 0x4000, 0x8000, 0x8000, 0x8000, 0x4000, 0x0000, 0x0000, 0xe720, 0x0000, 0xa534, 0x8430, 0x4208, 
  0x4208, 0x8430, 0xa534, 0x0000, 0xe720, 0xe720, 0xe720, 0x0000, 0x4000, 0x8000, 0x8000, 0x8000, 0x8000, 0x8000, 0x4000, 0x4000, 
  0x4000, 0x8000, 0x8000, 0x8000, 0x8000, 0x8000, 0xe000, 0xe530, 0xe530, 0xe000, 0x8000, 0x8000, 0x8000, 0x8000, 0x8000, 0x4000, 
  0x4000, 0x4000, 0x8000, 0x8000, 0x8000, 0x8000, 0x8000, 0x4000, 0x0000, 0xe720, 0xe720, 0xe720, 0x0000, 0xa534, 0x8430, 0x4208, 
  0x4208, 0x8430, 0xa534, 0x0000, 0x8000, 0x8000, 0x8000, 0x8000, 0x4000, 0x4000, 0x4000, 0x8000, 0x8000, 0x8000, 0x8000, 0x4000, 
  0x4000, 0x4000, 0x4000, 0x4000, 0x4000, 0x4000, 0x0000, 0xe000, 0xe000, 0x0000, 0x4000, 0x4000, 0x4000, 0x4000, 0x4000, 0x4000, 
  0x4000, 0x8000, 0x8000, 0x8000, 0x8000, 0x4000, 0x4000, 0x4000, 0x8000, 0x8000, 0x8000, 0x8000, 0x0000, 0xa534, 0x8430, 0x4208, 
  0x4208, 0x8430, 0x0000, 0x8000, 0x8000, 0x4000, 0x4000, 0x8000, 0x8000, 0x8000, 0x8000, 0x4000, 0x4000, 0x4000, 0x4000, 0x4000, 
  0x4000, 0x4000, 0x4000, 0x4000, 0x4000, 0x4000, 0x4000, 0x0000, 0x0000, 0x4000, 0x4000, 0x4000, 0x4000, 0x4000, 0x4000, 0x4000, 
  0x4000, 0x4000, 0x4000, 0x4000, 0x4000, 0x8000, 0x8000, 0x8000, 0x8000, 0x4000, 0x4000, 0x8000, 0x8000, 0x0000, 0x8430, 0x4208, 
  0x4208, 0x8430, 0xa534, 0x0000, 0x0000, 0x0000, 0x4000, 0x4000, 0x4000, 0x4000, 0x4000, 0x8000, 0x4000, 0x4000, 0x4000, 0x4000, 
  0x4000, 0x4000, 0x4000, 0x4000, 0x0000, 0x0000, 0x0000, 0x0000, 0x0000, 0x0000, 0x0000, 0x0000, 0x4000, 0x4000, 0x4000, 0x4000, 
  0x4000, 0x4000, 0x4000, 0x4000, 0x8000, 0x4000, 0x4000, 0x4000, 0x4000, 0x4000, 0x0000, 0x0000, 0x0000, 0xa534, 0x8430, 0x4208, 
  0x4208, 0x8430, 0xa534, 0x0000, 0xe720, 0x8000, 0x0000, 0x0000, 0x0000, 0x4000, 0x4000, 0x4000, 0x4000, 0x4000, 0x4000, 0x0000, 
  0x0000, 0x0000, 0x0000, 0x0000, 0x4208, 0xa534, 0xe73c, 0xe73c, 0xe73c, 0xe73c, 0xa534, 0x4208, 0x0000, 0x0000, 0x0000, 0x0000, 
  0x0000, 0x4000, 0x4000, 0x4000, 0x4000, 0x4000, 0x4000, 0x0000, 0x0000, 0x0000, 0x8000, 0xe720, 0x0000, 0xa534, 0x8430, 0x4208, 
  0x4208, 0x8430, 0xa534, 0x0000, 0x8000, 0x8000, 0x8000, 0x8000, 0x8000, 0x0000, 0x0000, 0x0000, 0x0000, 0x0000, 0x0000, 0x8000, 
  0x8000, 0xa308, 0xa308, 0xa308, 0x0000, 0x4208, 0xa534, 0xe73c, 0xe73c, 0xa534, 0x4208, 0x0000, 0xa308, 0xa308, 0xa308, 0x8000, 
  0x8000, 0x0000, 0x0000, 0x0000, 0x0000, 0x0000, 0x0000, 0x8000, 0x8000, 0x8000, 0x8000, 0x8000, 0x0000, 0xa534, 0x8430, 0x4208, 
  0x4208, 0x8430, 0xa534, 0x0000, 0x8000, 0x8000, 0x8000, 0x8000, 0xe000, 0xe000, 0xe000, 0x8000, 0x8000, 0x8000, 0x8000, 0x8000, 
  0x8000, 0x4000, 0xa308, 0xa308, 0xa308, 0xa308, 0xa308, 0xa308, 0xa308, 0xa308, 0xa308, 0xa308, 0xa308, 0xa308, 0x4000, 0x8000, 
  0x8000, 0x8000, 0x8000, 0x8000, 0x8000, 0xe000, 0xe000, 0xe000, 0x8000, 0x8000, 0x8000, 0x8000, 0x0000, 0xa534, 0x8430, 0x4208, 
  0x4208, 0x8430, 0xa534, 0x0000, 0x8000, 0x8000, 0x8000, 0xe000, 0xe000, 0xe000, 0xe000, 0xe000, 0xe000, 0xe000, 0x8000, 0x8000, 
  0x8000, 0x8000, 0x4000, 0x4000, 0x8000, 0xa308, 0xe530, 0xe530, 0xe530, 0xe530, 0xa308, 0x8000, 0x4000, 0x4000, 0x8000, 0x8000, 
  0x8000, 0x8000, 0xe000, 0xe000, 0xe000, 0xe000, 0xe000, 0xe000, 0xe000, 0x8000, 0x8000, 0x8000, 0x0000, 0xa534, 0x8430, 0x4208, 
  0x4208, 0x8430, 0xa534, 0x0000, 0x8000, 0x8000, 0x8000, 0xe000, 0xe000, 0xe000, 0xe000, 0xe000, 0xe000, 0xe000, 0xe000, 0xe000, 
  0x8000, 0x8000, 0x8000, 0x8000, 0x4000, 0x4000, 0x4000, 0x4000, 0x4000, 0x4000, 0x4000, 0x4000, 0x8000, 0x8000, 0x8000, 0x8000, 
  0xe000, 0xe000, 0xe000, 0xe000, 0xe000, 0xe000, 0xe000, 0xe000, 0xe000, 0x8000, 0x8000, 0x8000, 0x0000, 0xa534, 0x8430, 0x4208, 
  0x4208, 0x8430, 0xa534, 0x0000, 0x8000, 0x0000, 0x8000, 0xe000, 0xe000, 0xe000, 0xe000, 0xe000, 0xe000, 0xe000, 0xe000, 0xe000, 
  0xe000, 0x8000, 0x8000, 0x8000, 0x8000, 0x4000, 0x4000, 0x4000, 0x4000, 0x4000, 0x4000, 0x8000, 0x8000, 0x8000, 0x8000, 0xe000, 
  0xe000, 0xe000, 0xe000, 0xe000, 0xe000, 0xe000, 0xe000, 0xe000, 0xe000, 0x8000, 0x0000, 0x8000, 0x0000, 0xa534, 0x8430, 0x4208, 
  0x4208, 0x8430, 0xa534, 0x0000, 0x0000, 0x8000, 0x8000, 0x8000, 0x8000, 0xe000, 0xe000, 0xe000, 0xe000, 0xe000, 0xe000, 0xe000, 
  0xe000, 0xe000, 0x8000, 0x8000, 0x8000, 0x8000, 0x8000, 0x8000, 0x8000, 0x8000, 0x8000, 0x8000, 0x8000, 0x8000, 0xe000, 0xe000, 
  0xe000, 0xe000, 0xe000, 0xe000, 0xe000, 0xe000, 0xe000, 0x8000, 0x8000, 0x8000, 0x8000, 0x0000, 0x0000, 0xa534, 0x8430, 0x4208, 
  0x4208, 0x8430, 0xa534, 0x0000, 0x0000, 0x8000, 0x8000, 0x8000, 0x8000, 0x8000, 0x8000, 0xe000, 0xe000, 0xe000, 0xe000, 0xe000, 
  0xe000, 0xe000, 0xe000, 0xe000, 0x8000, 0x8000, 0x8000, 0x8000, 0x8000, 0x8000, 0x8000, 0x8000, 0xe000, 0xe000, 0xe000, 0xe000, 
  0xe000, 0xe000, 0xe000, 0xe000, 0xe000, 0x8000, 0x8000, 0x8000, 0x8000, 0x8000, 0x8000, 0x0000, 0x0000, 0xa534, 0x8430, 0x4208, 
  0x4208, 0x8430, 0xa534, 0xe73c, 0x8000, 0x8000, 0x8000, 0x8000, 0x8000, 0x8000, 0x8000, 0x8000, 0x8000, 0x8000, 0x8000, 0xe000, 
  0xe000, 0xe000, 0xe000, 0xe000, 0xe000, 0xe000, 0xe000, 0xe000, 0xe000, 0xe000, 0xe000, 0xe000, 0xe000, 0xe000, 0xe000, 0xe000, 
  0xe000, 0x8000, 0x8000, 0x8000, 0x8000, 0x8000, 0x8000, 0x8000, 0x8000, 0x8000, 0x8000, 0x8000, 0xe73c, 0xa534, 0x8430, 0x4208, 
  0x4208, 0x8430, 0x8430, 0xa534, 0xe73c, 0xe73c, 0xe73c, 0xe73c, 0xe73c, 0xe73c, 0xe73c, 0xe73c, 0xe73c, 0xe73c, 0xe73c, 0xe73c, 
  0xe73c, 0xe73c, 0xe73c, 0xe73c, 0xe73c, 0xe73c, 0xe73c, 0xe73c, 0xe73c, 0xe73c, 0xe73c, 0xe73c, 0xe73c, 0xe73c, 0xe73c, 0xe73c, 
  0xe73c, 0xe73c, 0xe73c, 0xe73c, 0xe73c, 0xe73c, 0xe73c, 0xe73c, 0xe73c, 0xe73c, 0xe73c, 0xe73c, 0xa534, 0x8430, 0x8430, 0x4208, 
  0x067d, 0x0000, 0x8430, 0x8430, 0x8430, 0x8430, 0x8430, 0x8430, 0x8430, 0x8430, 0x8430, 0x8430, 0x8430, 0x8430, 0x8430, 0x8430, 
  0x8430, 0x8430, 0x8430, 0x8430, 0x8430, 0x8430, 0x8430, 0x8430, 0x8430, 0x8430, 0x8430, 0x8430, 0x8430, 0x8430, 0x8430, 0x8430, 
  0x8430, 0x8430, 0x8430, 0x8430, 0x8430, 0x8430, 0x8430, 0x8430, 0x8430, 0x8430, 0x8430, 0x8430, 0x8430, 0x8430, 0x0000, 0x067d, 
  0x067d, 0x067d, 0x0000, 0x0000, 0x0000, 0x0000, 0x0000, 0x0000, 0x0000, 0x0000, 0x0000, 0x0000, 0x0000, 0x0000, 0x0000, 0x0000, 
  0x0000, 0x0000, 0x0000, 0x0000, 0x0000, 0x0000, 0x0000, 0x0000, 0x0000, 0x0000, 0x0000, 0x0000, 0x0000, 0x0000, 0x0000, 0x0000, 
  0x0000, 0x0000, 0x0000, 0x0000, 0x0000, 0x0000, 0x0000, 0x0000, 0x0000, 0x0000, 0x0000, 0x0000, 0x0000, 0x0000, 0x067d, 0x067d
};
// 'SONIC_SIGN5', 48x30px
const uint16_t SONIC_SIGN5 [] PROGMEM = {
  0x067d, 0x067d, 0xe73c, 0xe73c, 0xe73c, 0xe73c, 0xe73c, 0xe73c, 0xe73c, 0xe73c, 0xe73c, 0x4214, 0x4214, 0x4214, 0x4214, 0x4214, 
  0x4214, 0x4214, 0x4214, 0xe73c, 0xe73c, 0xe73c, 0xe73c, 0xe73c, 0xe73c, 0xe73c, 0xe73c, 0xe73c, 0xe73c, 0xe73c, 0xe73c, 0xe73c, 
  0xe73c, 0xe73c, 0xe73c, 0xe73c, 0xe73c, 0xe73c, 0xe73c, 0xe73c, 0xe73c, 0xe73c, 0xe73c, 0xe73c, 0xe73c, 0xe73c, 0x067d, 0x067d, 
  0x067d, 0xe73c, 0xa534, 0xa534, 0xa534, 0xa534, 0xa534, 0xa534, 0x4214, 0x4214, 0x4214, 0x6318, 0x6318, 0x6318, 0x6318, 0x6318, 
  0x6318, 0x6318, 0x6318, 0x4214, 0x4214, 0x4214, 0x4214, 0xa534, 0xa534, 0xa534, 0xa534, 0xa534, 0xa534, 0xa534, 0xa534, 0xa534, 
  0xa534, 0xa534, 0xa534, 0xa534, 0xa534, 0xa534, 0xa534, 0xa534, 0xa534, 0xa534, 0xa534, 0xa534, 0xa534, 0xa534, 0xe73c, 0x067d, 
  0x4208, 0xa534, 0x8430, 0x8430, 0x0000, 0x0000, 0x4214, 0x4214, 0x4214, 0x4214, 0x4214, 0x4214, 0x4214, 0x6318, 0x6318, 0x6318, 
  0x6318, 0x6318, 0x6318, 0x6318, 0x6318, 0x6318, 0x6318, 0x4214, 0x4214, 0x4214, 0x0000, 0x0000, 0x0000, 0x0000, 0x0000, 0x2110, 
  0x2110, 0x0000, 0x0000, 0x0000, 0x0000, 0x0000, 0x0000, 0x0000, 0x0000, 0x0000, 0x0000, 0x0000, 0x8430, 0x8430, 0xa534, 0x4208, 
  0x4208, 0xa534, 0x8430, 0x0000, 0xe720, 0x4214, 0x2110, 0x2110, 0x2110, 0x2110, 0x2110, 0x2110, 0x4214, 0x4214, 0xa308, 0xa308, 
  0x6318, 0x6318, 0x6318, 0x6318, 0x6318, 0x6318, 0x6318, 0x6318, 0x6318, 0x6318, 0x4214, 0x4214, 0xe720, 0xe720, 0x2110, 0x2110, 
  0x2110, 0xe720, 0xe720, 0xe720, 0xe720, 0xe720, 0xe720, 0xe720, 0xe720, 0xe720, 0xe720, 0xe720, 0x0000, 0x8430, 0xa534, 0x4208, 
  0x4208, 0xa534, 0xa534, 0x0000, 0xe720, 0x2110, 0x2110, 0x2110, 0x2110, 0x2110, 0x2110, 0x2110, 0x2110, 0x2110, 0xe530, 0xe530, 
  0xa308, 0x6318, 0x6318, 0x6318, 0x843c, 0x843c, 0x6318, 0x6318, 0x6318, 0x6318, 0x6318, 0x6318, 0x6318, 0x2110, 0x2110, 0x2110, 
  0x2110, 0xe720, 0xe720, 0xe720, 0xe720, 0xe720, 0xe720, 0xe720, 0xe720, 0xe720, 0xe720, 0xe720, 0x0000, 0xa534, 0xa534, 0x4208, 
  0x4208, 0xa534, 0xa534, 0x0000, 0x2110, 0x2110, 0x2110, 0x2110, 0x2110, 0x2110, 0x2110, 0x2110, 0x2110, 0x2110, 0xe530, 0xe530, 
  0xe530, 0xa308, 0x6318, 0x6318, 0x6318, 0x6318, 0x843c, 0x843c, 0x843c, 0x6318, 0x6318, 0x6318, 0x6318, 0x6318, 0x4214, 0x2110, 
  0x2110, 0xe720, 0xe720, 0xe720, 0xe720, 0xe720, 0xe720, 0xe720, 0xe720, 0xe720, 0xe720, 0xe720, 0x0000, 0xa534, 0xa534, 0x4208, 
  0x4208, 0x8430, 0xa534, 0x0000, 0x2110, 0xe720, 0xe720, 0xe720, 0x2110, 0x2110, 0x2110, 0x2110, 0x2110, 0x2110, 0xe530, 0xe530, 
  0xe530, 0xe530, 0xa308, 0x6318, 0x6318, 0x6318, 0x843c, 0x843c, 0x843c, 0x6318, 0x6318, 0x6318, 0x6318, 0x6318, 0x6318, 0x2110, 
  0x2110, 0xe720, 0xe720, 0xe720, 0xe720, 0xe720, 0xe720, 0xe720, 0xe720, 0xe720, 0xe720, 0xe720, 0x0000, 0xa534, 0x8430, 0x4208, 
  0x4208, 0x8430, 0xa534, 0x0000, 0xe720, 0xe720, 0xe720, 0xe720, 0xe720, 0xe720, 0x2110, 0x2110, 0x2110, 0x2110, 0xe530, 0xe530, 
  0xe530, 0xa308, 0x6318, 0x6318, 0x843c, 0x843c, 0x843c, 0x843c, 0x843c, 0x843c, 0x843c, 0x6318, 0x6318, 0x6318, 0x6318, 0x4214, 
  0x2110, 0xe720, 0xe720, 0xe720, 0xe720, 0xe720, 0xe720, 0xe720, 0xe720, 0xe720, 0xe720, 0xe720, 0x0000, 0xa534, 0x8430, 0x4208, 
  0x4208, 0x8430, 0xa534, 0x0000, 0xe720, 0xe720, 0xe720, 0xe720, 0xe720, 0xe720, 0xe720, 0x4214, 0x4214, 0x4214, 0xe530, 0xa308, 
  0x6318, 0x6318, 0x6318, 0x843c, 0x843c, 0x843c, 0x843c, 0x6318, 0x843c, 0x843c, 0x843c, 0x6318, 0x6318, 0x6318, 0x6318, 0x6318, 
  0x4214, 0xe720, 0xe720, 0xe720, 0xe720, 0xe720, 0xe720, 0x4208, 0x4208, 0xe720, 0xe720, 0xe720, 0x0000, 0xa534, 0x8430, 0x4208, 
  0x4208, 0x8430, 0xa534, 0x0000, 0xe720, 0xe720, 0xe720, 0xe720, 0xe720, 0x4214, 0x4214, 0x4214, 0x4214, 0x4214, 0xa308, 0x6318, 
  0x6318, 0x6318, 0x843c, 0xe73c, 0xe73c, 0xe73c, 0xe73c, 0x843c, 0x6318, 0x843c, 0x843c, 0x6318, 0x6318, 0x843c, 0x843c, 0x6318, 
  0x4214, 0xe720, 0x4208, 0x4208, 0xe720, 0xe720, 0xe720, 0xa534, 0xe73c, 0x4208, 0xe720, 0xe720, 0x0000, 0xa534, 0x8430, 0x4208, 
  0x4208, 0x8430, 0xa534, 0x0000, 0xe720, 0xe720, 0xe720, 0x4214, 0x4214, 0x2110, 0x2110, 0x2110, 0x4214, 0x4214, 0x4214, 0x4214, 
  0x6318, 0x6318, 0xe73c, 0xe73c, 0xe73c, 0xe73c, 0xe73c, 0xe73c, 0x843c, 0x6318, 0x843c, 0x843c, 0x6318, 0xe73c, 0xe73c, 0x843c, 
  0x6318, 0x4214, 0xe73c, 0xa534, 0x4208, 0xe720, 0xe720, 0xe73c, 0xa534, 0x4208, 0xe720, 0xe720, 0x0000, 0xa534, 0x8430, 0x4208, 
  0x4208, 0x8430, 0xa534, 0x0000, 0xe720, 0xe720, 0x4214, 0x2110, 0x2110, 0x2110, 0x2110, 0x2110, 0x4214, 0x4214, 0x4214, 0x4214, 
  0x4214, 0x843c, 0xe73c, 0x8430, 0x4208, 0x8430, 0xe73c, 0xe73c, 0xe73c, 0x843c, 0x6318, 0x843c, 0x6318, 0x8430, 0xe73c, 0xe73c, 
  0x6318, 0x4208, 0xe73c, 0xe73c, 0x4208, 0xe720, 0xe720, 0xe73c, 0xa534, 0x4208, 0xe720, 0xe720, 0x0000, 0xa534, 0x8430, 0x4208, 
  0x4208, 0x8430, 0xa534, 0x0000, 0xe720, 0x4214, 0x2110, 0x2110, 0x2110, 0x2110, 0x2110, 0x2110, 0x4214, 0x4214, 0x4214, 0x4214, 
  0x4214, 0x843c, 0xe73c, 0x4208, 0x0000, 0x4208, 0xe73c, 0xe73c, 0xe73c, 0x843c, 0x4214, 0x6318, 0x2110, 0x4208, 0xe73c, 0xe73c, 
  0x6318, 0x4208, 0xa534, 0xe73c, 0xa534, 0x4208, 0xe720, 0xe73c, 0xa534, 0x4208, 0xe720, 0xe720, 0x0000, 0xa534, 0x8430, 0x4208, 
  0x4208, 0x8430, 0xa534, 0x0000, 0x4214, 0x2110, 0x2110, 0x2110, 0x2110, 0x2110, 0x2110, 0x2110, 0x4214, 0x4214, 0x4214, 0x4214, 
  0x4214, 0x843c, 0xe73c, 0x0000, 0x0000, 0x0000, 0xe73c, 0xe73c, 0xe73c, 0xe73c, 0x4214, 0x2110, 0x0000, 0x0000, 0xe73c, 0xe73c, 
  0x843c, 0x4214, 0x4208, 0xe73c, 0xe73c, 0x4208, 0xe720, 0xe73c, 0x8430, 0x4208, 0xe720, 0xe720, 0x0000, 0xa534, 0x8430, 0x4208, 
  0x4208, 0x8430, 0xa534, 0x0000, 0x4214, 0x2110, 0x2110, 0x2110, 0x2110, 0x2110, 0x2110, 0x2110, 0x2110, 0x4214, 0x4214, 0x4214, 
  0x4214, 0x843c, 0xe73c, 0x0000, 0x0000, 0x0000, 0xe73c, 0xe73c, 0xe73c, 0xe73c, 0x843c, 0x0000, 0x0000, 0x0000, 0xe73c, 0xe73c, 
  0xe73c, 0x4214, 0xe720, 0x4208, 0xe73c, 0x4208, 0xe720, 0xe73c, 0x8430, 0x4208, 0xe720, 0xe720, 0x0000, 0xa534, 0x8430, 0x4208, 
  0x4208, 0x8430, 0xa534, 0x2110, 0x2110, 0x2110, 0x2110, 0x2110, 0x2110, 0x2110, 0x2110, 0x2110, 0x2110, 0x4214, 0x4214, 0x4214, 
  0x4214, 0x843c, 0xe73c, 0x0000, 0x0000, 0x0000, 0xe73c, 0xe73c, 0xe73c, 0xe73c, 0xe73c, 0x0000, 0x0000, 0x0000, 0xe73c, 0xe73c, 
  0xe73c, 0x4214, 0xe720, 0x4208, 0xa534, 0xe73c, 0x4208, 0xa534, 0x4208, 0x4208, 0xe720, 0xe720, 0x0000, 0xa534, 0x8430, 0x4208, 
  0x4208, 0x8430, 0xa534, 0x2110, 0x2110, 0x2110, 0xe720, 0xe720, 0x2110, 0x2110, 0x2110, 0x2110, 0x2110, 0x4214, 0x4214, 0x4214, 
  0x4214, 0x4214, 0xe73c, 0x4208, 0x0000, 0x4208, 0xe73c, 0xe73c, 0xe73c, 0xe73c, 0xe73c, 0x4208, 0x0000, 0x4208, 0xe73c, 0xe73c, 
  0x843c, 0x4214, 0xe720, 0xe720, 0x4208, 0xa534, 0x4208, 0xa534, 0xe73c, 0xe73c, 0x4208, 0xe720, 0x0000, 0xa534, 0x8430, 0x4208, 
  0x4208, 0x8430, 0xa534, 0x2110, 0xe720, 0xe720, 0xe720, 0xe720, 0xe720, 0x2110, 0x2110, 0x2110, 0x2110, 0x2110, 0x4214, 0x4214, 
  0x4214, 0x4214, 0x843c, 0x8430, 0x4208, 0x8430, 0xe73c, 0xe73c, 0xe73c, 0xe73c, 0xe73c, 0x8430, 0x4208, 0x8430, 0xe73c, 0xe73c, 
  0x6318, 0x2110, 0xe720, 0xe720, 0x4208, 0x4208, 0xa534, 0xe73c, 0xe73c, 0xa534, 0x4208, 0xe720, 0x0000, 0xa534, 0x8430, 0x4208, 
  0x4208, 0x8430, 0xa534, 0x0000, 0xe720, 0xe720, 0xe720, 0xe720, 0xe720, 0x2110, 0x2110, 0x2110, 0x2110, 0x2110, 0x2110, 0x2110, 
  0x4214, 0x4214, 0x843c, 0xe73c, 0xe73c, 0xe73c, 0xe73c, 0xe73c, 0xe73c, 0xe73c, 0xa308, 0x4208, 0x8430, 0x8430, 0x4208, 0x0000, 
  0xa308, 0x2110, 0xe720, 0x4208, 0xe73c, 0xe73c, 0x4208, 0xe73c, 0xa534, 0xe73c, 0xe73c, 0x4208, 0x0000, 0xa534, 0x8430, 0x4208, 
  0x4208, 0x8430, 0xa534, 0x0000, 0xe720, 0xe720, 0xe720, 0xe720, 0x2110, 0x2110, 0x2110, 0x2110, 0x2110, 0x2110, 0x2110, 0x2110, 
  0x2110, 0xa308, 0xa308, 0x843c, 0xe73c, 0xe73c, 0xe73c, 0xe73c, 0xe530, 0xe530, 0x8000, 0x0000, 0x0000, 0x0000, 0x0000, 0x8000, 
  0xe530, 0xa308, 0x4208, 0xe73c, 0xe73c, 0xe73c, 0x4208, 0xe73c, 0xe73c, 0xe73c, 0xe73c, 0x4208, 0x0000, 0xa534, 0x8430, 0x4208, 
  0x4208, 0x8430, 0xa534, 0x0000, 0xe720, 0xe720, 0xe720, 0x2110, 0x2110, 0x2110, 0x2110, 0x2110, 0x2110, 0x2110, 0x2110, 0x2110, 
  0xa308, 0xe530, 0xe530, 0xe530, 0xe530, 0xe530, 0xe530, 0xe530, 0xe530, 0xe530, 0xe530, 0x8000, 0x8000, 0x8000, 0x8000, 0xe530, 
  0xe530, 0xa308, 0x4208, 0xa534, 0xa534, 0x4208, 0x4208, 0x4208, 0xe73c, 0x4208, 0xe73c, 0x4208, 0x0000, 0xa534, 0x8430, 0x4208, 
  0x4208, 0x8430, 0xa534, 0x0000, 0xe720, 0xe720, 0xe720, 0x2110, 0x2110, 0x2110, 0x2110, 0x2110, 0x2110, 0x2110, 0x2110, 0x2110, 
  0xa308, 0xe530, 0xe530, 0xa308, 0x4000, 0x4000, 0x4000, 0xa308, 0xa308, 0xe530, 0xe530, 0xe530, 0xe530, 0xe530, 0xe530, 0xe530, 
  0x8000, 0xe720, 0xe720, 0x4208, 0x4208, 0x8430, 0x8430, 0x4208, 0x4208, 0x4208, 0xa534, 0x4208, 0x0000, 0xa534, 0x8430, 0x4208, 
  0x4208, 0x8430, 0xa534, 0x0000, 0xe720, 0xe720, 0x2110, 0x2110, 0x2110, 0x2110, 0x2110, 0x2110, 0x2110, 0x2110, 0x2110, 0x2110, 
  0xa308, 0xe530, 0xe530, 0xe530, 0x4000, 0xe000, 0xe000, 0xe000, 0xe000, 0x4000, 0x4000, 0xe530, 0xe530, 0xe530, 0xe530, 0xa308, 
  0x8000, 0xe720, 0xe720, 0x4208, 0x8430, 0xa534, 0xa534, 0x4208, 0x8430, 0x8430, 0xa534, 0x4208, 0x0000, 0xa534, 0x8430, 0x4208, 
  0x4208, 0x8430, 0xa534, 0x0000, 0xe720, 0xe720, 0x2110, 0x2110, 0x2110, 0x2110, 0x2110, 0x2110, 0x2110, 0x2110, 0x0000, 0x2110, 
  0x2110, 0xa308, 0xe530, 0xe530, 0xe530, 0x4000, 0xe000, 0xe000, 0xe000, 0xe530, 0xe530, 0xe530, 0xe530, 0xa308, 0xa308, 0x8000, 
  0xe720, 0xe720, 0xe720, 0xe720, 0x4208, 0xa534, 0xa534, 0x8430, 0xa534, 0xa534, 0x4208, 0xe720, 0x0000, 0xa534, 0x8430, 0x4208, 
  0x4208, 0x8430, 0xa534, 0x0000, 0xe720, 0x2110, 0x2110, 0x2110, 0x2110, 0x2110, 0x2110, 0x2110, 0x2110, 0x2110, 0x2110, 0x0000, 
  0x0000, 0x2110, 0xa308, 0xe530, 0xe530, 0xe530, 0x4000, 0x4000, 0x4000, 0xe530, 0xe530, 0xa308, 0xa308, 0x8000, 0x8000, 0xe720, 
  0xe720, 0xe720, 0xe720, 0x4208, 0x8430, 0x4208, 0x4208, 0x8430, 0x8430, 0x4208, 0xe720, 0xe720, 0x0000, 0xa534, 0x8430, 0x4208, 
  0x4208, 0x8430, 0xa534, 0x0000, 0xe720, 0x2110, 0x2110, 0x2110, 0x2110, 0x2110, 0x2110, 0x2110, 0x2110, 0x2110, 0x2110, 0x2110, 
  0x2110, 0x2110, 0x2110, 0x2110, 0xa308, 0xa308, 0xa308, 0xa308, 0xa308, 0xa308, 0xa308, 0x8000, 0x8000, 0xe720, 0xe720, 0xe720, 
  0xe720, 0xe720, 0xe720, 0x4208, 0x8430, 0x8430, 0x4208, 0x8430, 0x4208, 0x4208, 0xe720, 0xe720, 0x0000, 0xa534, 0x8430, 0x4208, 
  0x4208, 0x8430, 0xa534, 0xe73c, 0xe720, 0x2110, 0x2110, 0xe720, 0xe720, 0xe720, 0xe720, 0x2110, 0x2110, 0x2110, 0x2110, 0x2110, 
  0x4214, 0x4214, 0x2110, 0x2110, 0x2110, 0x8000, 0x8000, 0x8000, 0x8000, 0x8000, 0x8000, 0xe720, 0xe720, 0xe720, 0xe720, 0xe720, 
  0xe720, 0xe720, 0xe720, 0x4208, 0x4208, 0x4208, 0x4208, 0x4208, 0x4208, 0xe720, 0xe720, 0xe720, 0xe73c, 0xa534, 0x8430, 0x4208, 
  0x4208, 0x8430, 0x8430, 0xa534, 0xe73c, 0xe73c, 0xe73c, 0xe73c, 0xe73c, 0xe73c, 0xe73c, 0xe73c, 0xe73c, 0xe73c, 0xe73c, 0xe73c, 
  0xe73c, 0xe73c, 0xe73c, 0xe73c, 0xe73c, 0xe73c, 0xe73c, 0xe73c, 0xe73c, 0xe73c, 0xe73c, 0xe73c, 0xe73c, 0xe73c, 0xe73c, 0xe73c, 
  0xe73c, 0xe73c, 0xe73c, 0xe73c, 0xe73c, 0xe73c, 0xe73c, 0xe73c, 0xe73c, 0xe73c, 0xe73c, 0xe73c, 0xa534, 0x8430, 0x8430, 0x4208, 
  0x067d, 0x0000, 0x8430, 0x8430, 0x8430, 0x8430, 0x8430, 0x8430, 0x8430, 0x8430, 0x8430, 0x8430, 0x8430, 0x8430, 0x8430, 0x8430, 
  0x8430, 0x8430, 0x8430, 0x8430, 0x8430, 0x8430, 0x8430, 0x8430, 0x8430, 0x8430, 0x8430, 0x8430, 0x8430, 0x8430, 0x8430, 0x8430, 
  0x8430, 0x8430, 0x8430, 0x8430, 0x8430, 0x8430, 0x8430, 0x8430, 0x8430, 0x8430, 0x8430, 0x8430, 0x8430, 0x8430, 0x0000, 0x067d, 
  0x067d, 0x067d, 0x0000, 0x0000, 0x0000, 0x0000, 0x0000, 0x0000, 0x0000, 0x0000, 0x0000, 0x0000, 0x0000, 0x0000, 0x0000, 0x0000, 
  0x0000, 0x0000, 0x0000, 0x0000, 0x0000, 0x0000, 0x0000, 0x0000, 0x0000, 0x0000, 0x0000, 0x0000, 0x0000, 0x0000, 0x0000, 0x0000, 
  0x0000, 0x0000, 0x0000, 0x0000, 0x0000, 0x0000, 0x0000, 0x0000, 0x0000, 0x0000, 0x0000, 0x0000, 0x0000, 0x0000, 0x067d, 0x067d
};


 // 'SONIC_TREE', 30x60px
const uint16_t SONIC_TREE [] PROGMEM = {
 0x067d, 0x067d, 0x067d, 0x067d, 0x067d, 0x067d, 0x067d, 0x067d, 0x067d, 0x067d, 0x067d, 0x067d, 0x067d, 0x067d, 0x067d, 0x067d, 
  0x067d, 0x067d, 0x97e0, 0x4da0, 0x0360, 0x0360, 0x0360, 0x0240, 0x067d, 0x067d, 0x067d, 0x067d, 0x067d, 0x067d, 0x067d, 0x067d, 
  0x067d, 0x067d, 0x067d, 0x067d, 0x067d, 0x067d, 0x067d, 0x067d, 0x067d, 0x067d, 0x067d, 0x067d, 0x067d, 0x067d, 0x067d, 0x97e0, 
  0x97e0, 0x97e0, 0x97e0, 0x4da0, 0x0360, 0x0360, 0x0360, 0x0360, 0x0360, 0x0360, 0x0360, 0x067d, 0x067d, 0x067d, 0x067d, 0x067d, 
  0x067d, 0x067d, 0x067d, 0x067d, 0x067d, 0x067d, 0x067d, 0x067d, 0x067d, 0x067d, 0x067d, 0x067d, 0x97e0, 0x97e0, 0x97e0, 0x97e0, 
  0x97e0, 0x97e0, 0x97e0, 0x4da0, 0x0360, 0x067d, 0x067d, 0x067d, 0x067d, 0x067d, 0x067d, 0x067d, 0x067d, 0x067d, 0x067d, 0x067d, 
  0x067d, 0x067d, 0x067d, 0x067d, 0x067d, 0x067d, 0x067d, 0x067d, 0x067d, 0x97e0, 0x97e0, 0x97e0, 0x97e0, 0x97e0, 0x97e0, 0x4da0, 
  0x067d, 0x067d, 0x067d, 0x067d, 0x067d, 0x067d, 0x067d, 0x067d, 0x067d, 0x067d, 0x067d, 0x067d, 0x067d, 0x067d, 0x067d, 0x067d, 
  0x067d, 0x067d, 0x067d, 0x067d, 0x067d, 0x067d, 0x97e0, 0x97e0, 0x97e0, 0x97e0, 0x97e0, 0x97e0, 0x067d, 0x067d, 0x0360, 0x067d, 
  0x067d, 0x067d, 0x067d, 0x067d, 0x067d, 0x067d, 0x067d, 0x067d, 0x067d, 0x067d, 0x067d, 0x97e0, 0x97e0, 0x067d, 0x067d, 0x067d, 
  0x067d, 0x067d, 0x067d, 0x4da0, 0x97e0, 0x97e0, 0x97e0, 0x97e0, 0xffff, 0x0240, 0x0360, 0x0360, 0xffff, 0x0360, 0x067d, 0x067d, 
  0x067d, 0x067d, 0x067d, 0x067d, 0x067d, 0x067d, 0x067d, 0x067d, 0x067d, 0x97e0, 0x4da0, 0x4da0, 0x067d, 0x067d, 0x067d, 0x067d, 
  0x067d, 0x4da0, 0x4da0, 0x4da0, 0x4da0, 0x4da0, 0x4da0, 0x0360, 0x0360, 0x97e0, 0x0360, 0x0360, 0x0360, 0x067d, 0x067d, 0x067d, 
  0x067d, 0x067d, 0x067d, 0x067d, 0x067d, 0x97e0, 0x4da0, 0x4da0, 0x4da0, 0x4da0, 0x4da0, 0x4da0, 0x4da0, 0x067d, 0x067d, 0x0360, 
  0x4da0, 0x4da0, 0x4da0, 0x4da0, 0x0240, 0x0360, 0x97e0, 0x97e0, 0x0360, 0x0360, 0x0360, 0x067d, 0x067d, 0x067d, 0x067d, 0x067d, 
  0x067d, 0x067d, 0x4da0, 0x4da0, 0x4da0, 0xffff, 0xffff, 0x97e0, 0xffff, 0x97e0, 0x97e0, 0x97e0, 0x0360, 0x067d, 0x4da0, 0x4da0, 
  0x4da0, 0x4da0, 0x0360, 0x0360, 0x97e0, 0x97e0, 0x067d, 0x067d, 0x0240, 0x0360, 0x067d, 0x067d, 0x067d, 0x067d, 0x4da0, 0x0360, 
  0x067d, 0xffff, 0x97e0, 0x97e0, 0x97e0, 0x97e0, 0x97e0, 0x97e0, 0x0240, 0x0240, 0x0240, 0x0360, 0x4da0, 0x97e0, 0xffff, 0xffff, 
  0x97e0, 0xffff, 0x97e0, 0x067d, 0x4da0, 0x4da0, 0x97e0, 0x067d, 0x067d, 0x067d, 0x067d, 0x067d, 0x4da0, 0x067d, 0x067d, 0x97e0, 
  0x97e0, 0x97e0, 0x97e0, 0x97e0, 0x97e0, 0x0240, 0x0240, 0x0240, 0x0240, 0x0360, 0x97e0, 0x97e0, 0x97e0, 0x97e0, 0xffff, 0xffff, 
  0x97e0, 0x4da0, 0x97e0, 0x97e0, 0x97e0, 0x97e0, 0x067d, 0x067d, 0x067d, 0x067d, 0x067d, 0x067d, 0x97e0, 0x97e0, 0x97e0, 0x97e0, 
  0x97e0, 0x97e0, 0x067d, 0x067d, 0x0240, 0x0240, 0x0240, 0x97e0, 0x97e0, 0x97e0, 0x4da0, 0x4da0, 0x4da0, 0x4da0, 0x97e0, 0x97e0, 
  0x97e0, 0x97e0, 0x97e0, 0x97e0, 0x97e0, 0xffff, 0x067d, 0x067d, 0x067d, 0x97e0, 0x97e0, 0x97e0, 0x97e0, 0x97e0, 0x97e0, 0x4da0, 
  0x067d, 0x067d, 0x067d, 0x0240, 0x0240, 0x4da0, 0x4da0, 0x4da0, 0x4da0, 0x4da0, 0x4da0, 0x4da0, 0x4da0, 0x97e0, 0x97e0, 0x97e0, 
  0x97e0, 0xffff, 0xffff, 0xffff, 0xffff, 0x067d, 0x97e0, 0x97e0, 0x97e0, 0x97e0, 0x97e0, 0x97e0, 0x067d, 0x067d, 0x0360, 0x0360, 
  0x0360, 0x0360, 0x0240, 0x0240, 0x4da0, 0x4da0, 0x4da0, 0x4da0, 0x4da0, 0x4da0, 0x4da0, 0x97e0, 0x97e0, 0x97e0, 0x4da0, 0x067d, 
  0x0240, 0x0240, 0x0240, 0x0240, 0x4da0, 0x4da0, 0x97e0, 0x97e0, 0x97e0, 0x97e0, 0x067d, 0x067d, 0x4da0, 0x0360, 0x0360, 0x0360, 
  0x0360, 0x0240, 0x4da0, 0x4da0, 0x4da0, 0x4da0, 0x4da0, 0x4da0, 0x4da0, 0x97e0, 0x067d, 0x067d, 0x067d, 0x067d, 0x067d, 0x0240, 
  0x0240, 0x0240, 0x4da0, 0x4da0, 0x4da0, 0x4da0, 0x067d, 0x067d, 0x067d, 0x4da0, 0x4da0, 0x4da0, 0x4da0, 0x0360, 0x0360, 0x067d, 
  0x0360, 0x4da0, 0x4da0, 0x4da0, 0x4da0, 0x4da0, 0x4da0, 0x4da0, 0x067d, 0x067d, 0x067d, 0x067d, 0x067d, 0x067d, 0x0360, 0x0360, 
  0x4da0, 0x4da0, 0x4da0, 0x0360, 0x067d, 0x067d, 0x4da0, 0x4da0, 0x4da0, 0x4da0, 0x4da0, 0x4da0, 0x067d, 0x6920, 0x2000, 0x4da0, 
  0x4da0, 0x4da0, 0x4da0, 0x4da0, 0x4da0, 0x4da0, 0x067d, 0x067d, 0x067d, 0x067d, 0x067d, 0x067d, 0x0360, 0x0360, 0x4da0, 0x4da0, 
  0x0360, 0x067d, 0x067d, 0x4da0, 0x4da0, 0x4da0, 0x4da0, 0x97e0, 0x97e0, 0x067d, 0x6920, 0x9240, 0x6920, 0x4da0, 0x4da0, 0x4da0, 
  0x4da0, 0x0360, 0x0360, 0x0360, 0x0240, 0x067d, 0x067d, 0x067d, 0x067d, 0x067d, 0x0360, 0x0360, 0x4da0, 0x4da0, 0x067d, 0x067d, 
  0x067d, 0x97e0, 0x4da0, 0x4da0, 0x4da0, 0x97e0, 0x4da0, 0x067d, 0x9240, 0x9240, 0x6920, 0x0360, 0x4da0, 0x0360, 0x0360, 0x0360, 
  0x0360, 0x0360, 0x0240, 0x067d, 0x067d, 0x067d, 0x067d, 0x067d, 0x0360, 0x0240, 0x4da0, 0x4da0, 0x067d, 0x067d, 0x067d, 0x4da0, 
  0x4da0, 0x4da0, 0x97e0, 0x97e0, 0x067d, 0x067d, 0x9240, 0x9240, 0x9240, 0x2000, 0x0360, 0x0360, 0x0360, 0x0360, 0x0360, 0x0360, 
  0x0240, 0x067d, 0x067d, 0x067d, 0x067d, 0x067d, 0x0360, 0x067d, 0x4da0, 0x067d, 0x067d, 0x067d, 0x4da0, 0x4da0, 0x97e0, 0x97e0, 
  0x97e0, 0x4da0, 0x067d, 0x0360, 0x9240, 0xdb60, 0x9240, 0x9240, 0x9240, 0x0360, 0x0360, 0x0360, 0x0360, 0x0240, 0x0240, 0x0240, 
  0x067d, 0x067d, 0x067d, 0x067d, 0x0360, 0x067d, 0x067d, 0x067d, 0x067d, 0x067d, 0x97e0, 0x97e0, 0x97e0, 0x97e0, 0x067d, 0x067d, 
  0x067d, 0x067d, 0xdb60, 0xdb60, 0x9240, 0x2000, 0x9240, 0x2000, 0x0360, 0x0360, 0x0360, 0x067d, 0x0240, 0x0240, 0x067d, 0x067d, 
  0x067d, 0x067d, 0x067d, 0x067d, 0x067d, 0x067d, 0x067d, 0x067d, 0x97e0, 0x97e0, 0x97e0, 0x97e0, 0x067d, 0x067d, 0x067d, 0x067d, 
  0xdb60, 0xdb60, 0x9240, 0x9240, 0x9240, 0x2000, 0x0360, 0x0360, 0x0360, 0x067d, 0x0240, 0x0240, 0x067d, 0x067d, 0x067d, 0x067d, 
  0x067d, 0x067d, 0x067d, 0x067d, 0x067d, 0x067d, 0x067d, 0x4da0, 0xffff, 0xffff, 0x067d, 0x067d, 0x067d, 0x067d, 0xdb60, 0xdb60, 
  0x9240, 0x2000, 0x9240, 0x2000, 0x0360, 0x0360, 0x0360, 0x067d, 0x0240, 0x0240, 0x067d, 0x067d, 0x067d, 0x067d, 0x067d, 0x067d, 
  0x067d, 0x067d, 0x067d, 0x067d, 0x067d, 0x4da0, 0x4da0, 0x067d, 0x067d, 0x067d, 0x067d, 0x067d, 0x9240, 0x9240, 0x6920, 0x6920, 
  0x6920, 0x2000, 0x067d, 0x0360, 0x0240, 0x067d, 0x067d, 0x0240, 0x067d, 0x067d, 0x067d, 0x067d, 0x067d, 0x067d, 0x067d, 0x067d, 
  0x067d, 0x067d, 0x067d, 0x067d, 0x4da0, 0x0360, 0x067d, 0x067d, 0x067d, 0x067d, 0x067d, 0x9240, 0x9240, 0x2000, 0x2000, 0x2000, 
  0x067d, 0x0240, 0x067d, 0x067d, 0x067d, 0x0240, 0x067d, 0x067d, 0x067d, 0x067d, 0x067d, 0x067d, 0x067d, 0x067d, 0x067d, 0x067d, 
  0x067d, 0x067d, 0x4da0, 0x4da0, 0x067d, 0x067d, 0x067d, 0x067d, 0x067d, 0x067d, 0x9240, 0x6920, 0x2000, 0x067d, 0x067d, 0x067d, 
  0x067d, 0x067d, 0x067d, 0x0240, 0x067d, 0x067d, 0x067d, 0x067d, 0x067d, 0x067d, 0x067d, 0x067d, 0x067d, 0x067d, 0x067d, 0x067d, 
  0x067d, 0x067d, 0x067d, 0x067d, 0x067d, 0x067d, 0x067d, 0x067d, 0x9240, 0xdb60, 0x2000, 0x067d, 0x067d, 0x067d, 0x067d, 0x067d, 
  0x067d, 0x067d, 0x067d, 0x067d, 0x067d, 0x067d, 0x067d, 0x067d, 0x067d, 0x067d, 0x067d, 0x067d, 0x067d, 0x067d, 0x067d, 0x067d, 
  0x4da0, 0x067d, 0x067d, 0x067d, 0x067d, 0x067d, 0xdb60, 0x9240, 0x9240, 0x067d, 0x067d, 0x067d, 0x067d, 0x067d, 0x067d, 0x067d, 
  0x067d, 0x067d, 0x067d, 0x067d, 0x067d, 0x067d, 0x067d, 0x067d, 0x067d, 0x067d, 0x067d, 0x067d, 0x067d, 0x067d, 0x067d, 0x067d, 
  0x067d, 0x067d, 0x067d, 0x067d, 0x2000, 0x2000, 0x2000, 0x067d, 0x067d, 0x067d, 0x067d, 0x067d, 0x067d, 0x067d, 0x067d, 0x067d, 
  0x067d, 0x067d, 0x067d, 0x067d, 0x067d, 0x067d, 0x067d, 0x067d, 0x067d, 0x067d, 0x067d, 0x067d, 0x067d, 0x067d, 0x067d, 0x067d, 
  0x067d, 0x067d, 0x9240, 0x9240, 0x9240, 0x067d, 0x067d, 0x067d, 0x067d, 0x067d, 0x067d, 0x067d, 0x067d, 0x067d, 0x067d, 0x067d, 
  0x067d, 0x067d, 0x067d, 0x067d, 0x067d, 0x067d, 0x067d, 0x067d, 0x067d, 0x067d, 0x067d, 0x067d, 0x067d, 0x067d, 0x067d, 0x067d, 
  0x9240, 0xdb60, 0x9240, 0x067d, 0x067d, 0x067d, 0x067d, 0x067d, 0x067d, 0x067d, 0x067d, 0x067d, 0x067d, 0x067d, 0x067d, 0x067d, 
  0x067d, 0x067d, 0x067d, 0x067d, 0x067d, 0x067d, 0x067d, 0x067d, 0x067d, 0x067d, 0x067d, 0x067d, 0x067d, 0x067d, 0x9240, 0xdb60, 
  0x9240, 0x067d, 0x067d, 0x067d, 0x067d, 0x067d, 0x067d, 0x067d, 0x067d, 0x067d, 0x067d, 0x067d, 0x067d, 0x067d, 0x067d, 0x067d, 
  0x067d, 0x067d, 0x067d, 0x067d, 0x067d, 0x067d, 0x067d, 0x067d, 0x067d, 0x067d, 0x067d, 0x067d, 0x9240, 0xdb60, 0x9240, 0x067d, 
  0x067d, 0x067d, 0x067d, 0x067d, 0x067d, 0x067d, 0x067d, 0x067d, 0x067d, 0x067d, 0x067d, 0x067d, 0x067d, 0x067d, 0x067d, 0x067d, 
  0x067d, 0x067d, 0x067d, 0x067d, 0x067d, 0x067d, 0x067d, 0x067d, 0x067d, 0x067d, 0x9240, 0xdb60, 0x9240, 0x067d, 0x067d, 0x067d, 
  0x067d, 0x067d, 0x067d, 0x067d, 0x067d, 0x067d, 0x067d, 0x067d, 0x067d, 0x067d, 0x067d, 0x067d, 0x067d, 0x067d, 0x067d, 0x067d, 
  0x067d, 0x067d, 0x067d, 0x067d, 0x067d, 0x067d, 0x067d, 0x067d, 0x9240, 0xdb60, 0x9240, 0x067d, 0x067d, 0x067d, 0x067d, 0x067d, 
  0x067d, 0x067d, 0x067d, 0x067d, 0x067d, 0x067d, 0x067d, 0x067d, 0x067d, 0x067d, 0x067d, 0x067d, 0x067d, 0x067d, 0x067d, 0x067d, 
  0x067d, 0x067d, 0x067d, 0x067d, 0x067d, 0x067d, 0x9240, 0x9240, 0x9240, 0x067d, 0x067d, 0x067d, 0x067d, 0x067d, 0x067d, 0x067d, 
  0x067d, 0x067d, 0x067d, 0x067d, 0x067d, 0x067d, 0x067d, 0x067d, 0x067d, 0x067d, 0x067d, 0x067d, 0x067d, 0x067d, 0x067d, 0x067d, 
  0x067d, 0x067d, 0x067d, 0x067d, 0x2000, 0x2000, 0x2000, 0x067d, 0x067d, 0x067d, 0x067d, 0x067d, 0x067d, 0x067d, 0x067d, 0x067d, 
  0x067d, 0x067d, 0x067d, 0x067d, 0x067d, 0x067d, 0x067d, 0x067d, 0x067d, 0x067d, 0x067d, 0x067d, 0x067d, 0x067d, 0x067d, 0x067d, 
  0x067d, 0x067d, 0x9240, 0x9240, 0x9240, 0x067d, 0x067d, 0x067d, 0x067d, 0x067d, 0x067d, 0x067d, 0x067d, 0x067d, 0x067d, 0x067d, 
  0x067d, 0x067d, 0x067d, 0x067d, 0x067d, 0x067d, 0x067d, 0x067d, 0x067d, 0x067d, 0x067d, 0x067d, 0x067d, 0x067d, 0x067d, 0x067d, 
  0x9240, 0xdb60, 0x9240, 0x067d, 0x067d, 0x067d, 0x067d, 0x067d, 0x067d, 0x067d, 0x067d, 0x067d, 0x067d, 0x067d, 0x067d, 0x067d, 
  0x067d, 0x067d, 0x067d, 0x067d, 0x067d, 0x067d, 0x067d, 0x067d, 0x067d, 0x067d, 0x067d, 0x067d, 0x067d, 0x067d, 0x9240, 0xdb60, 
  0x9240, 0x067d, 0x067d, 0x067d, 0x067d, 0x067d, 0x067d, 0x067d, 0x067d, 0x067d, 0x067d, 0x067d, 0x067d, 0x067d, 0x067d, 0x067d, 
  0x067d, 0x067d, 0x067d, 0x067d, 0x067d, 0x067d, 0x067d, 0x067d, 0x067d, 0x067d, 0x067d, 0x067d, 0x9240, 0xdb60, 0x9240, 0x067d, 
  0x067d, 0x067d, 0x067d, 0x067d, 0x067d, 0x067d, 0x067d, 0x067d, 0x067d, 0x067d, 0x067d, 0x067d, 0x067d, 0x067d, 0x067d, 0x067d, 
  0x067d, 0x067d, 0x067d, 0x067d, 0x067d, 0x067d, 0x067d, 0x067d, 0x067d, 0x067d, 0x9240, 0xdb60, 0x9240, 0x067d, 0x067d, 0x067d, 
  0x067d, 0x067d, 0x067d, 0x067d, 0x067d, 0x067d, 0x067d, 0x067d, 0x067d, 0x067d, 0x067d, 0x067d, 0x067d, 0x067d, 0x067d, 0x067d, 
  0x067d, 0x067d, 0x067d, 0x067d, 0x067d, 0x067d, 0x067d, 0x067d, 0x9240, 0xdb60, 0x9240, 0x067d, 0x067d, 0x067d, 0x067d, 0x067d, 
  0x067d, 0x067d, 0x067d, 0x067d, 0x067d, 0x067d, 0x067d, 0x067d, 0x067d, 0x067d, 0x067d, 0x067d, 0x067d, 0x067d, 0x067d, 0x067d, 
  0x067d, 0x067d, 0x067d, 0x067d, 0x067d, 0x067d, 0x9240, 0x9240, 0x9240, 0x067d, 0x067d, 0x067d, 0x067d, 0x067d, 0x067d, 0x067d, 
  0x067d, 0x067d, 0x067d, 0x067d, 0x067d, 0x067d, 0x067d, 0x067d, 0x067d, 0x067d, 0x067d, 0x067d, 0x067d, 0x067d, 0x067d, 0x067d, 
  0x067d, 0x067d, 0x067d, 0x067d, 0x2000, 0x2000, 0x2000, 0x067d, 0x067d, 0x067d, 0x067d, 0x067d, 0x067d, 0x067d, 0x067d, 0x067d, 
  0x067d, 0x067d, 0x067d, 0x067d, 0x067d, 0x067d, 0x067d, 0x067d, 0x067d, 0x067d, 0x067d, 0x067d, 0x067d, 0x067d, 0x067d, 0x067d, 
  0x067d, 0x067d, 0x9240, 0x9240, 0x9240, 0x067d, 0x067d, 0x067d, 0x067d, 0x067d, 0x067d, 0x067d, 0x067d, 0x067d, 0x067d, 0x067d, 
  0x067d, 0x067d, 0x067d, 0x067d, 0x067d, 0x067d, 0x067d, 0x067d, 0x067d, 0x067d, 0x067d, 0x067d, 0x067d, 0x067d, 0x067d, 0x067d, 
  0x9240, 0xdb60, 0x9240, 0x067d, 0x067d, 0x067d, 0x067d, 0x067d, 0x067d, 0x067d, 0x067d, 0x067d, 0x067d, 0x067d, 0x067d, 0x067d, 
  0x067d, 0x067d, 0x067d, 0x067d, 0x067d, 0x067d, 0x067d, 0x067d, 0x067d, 0x067d, 0x067d, 0x067d, 0x067d, 0x067d, 0x9240, 0xdb60, 
  0x9240, 0x067d, 0x067d, 0x067d, 0x067d, 0x067d, 0x067d, 0x067d, 0x067d, 0x067d, 0x067d, 0x067d, 0x067d, 0x067d, 0x067d, 0x067d, 
  0x067d, 0x067d, 0x067d, 0x067d, 0x067d, 0x067d, 0x067d, 0x067d, 0x067d, 0x067d, 0x067d, 0x067d, 0x9240, 0xdb60, 0x9240, 0x067d, 
  0x067d, 0x067d, 0x067d, 0x067d, 0x067d, 0x067d, 0x067d, 0x067d, 0x067d, 0x067d, 0x067d, 0x067d, 0x067d, 0x067d, 0x067d, 0x067d, 
  0x067d, 0x067d, 0x067d, 0x067d, 0x067d, 0x067d, 0x067d, 0x067d, 0x067d, 0x067d, 0x9240, 0xdb60, 0x9240, 0x067d, 0x067d, 0x067d, 
  0x067d, 0x067d, 0x067d, 0x067d, 0x067d, 0x067d, 0x067d, 0x067d, 0x067d, 0x067d, 0x067d, 0x067d, 0x067d, 0x067d, 0x067d, 0x067d, 
  0x067d, 0x067d, 0x067d, 0x067d, 0x067d, 0x067d, 0x067d, 0x067d, 0x9240, 0xdb60, 0x9240, 0x067d, 0x067d, 0x067d, 0x067d, 0x067d, 
  0x067d, 0x067d, 0x067d, 0x067d, 0x067d, 0x067d, 0x067d, 0x067d, 0x067d, 0x067d, 0x067d, 0x067d, 0x067d, 0x067d, 0x067d, 0x067d, 
  0x067d, 0x067d, 0x067d, 0x067d, 0x067d, 0x067d, 0x9240, 0x9240, 0x9240, 0x067d, 0x067d, 0x067d, 0x067d, 0x067d, 0x067d, 0x067d, 
  0x067d, 0x067d, 0x067d, 0x067d, 0x067d, 0x067d, 0x067d, 0x067d, 0x067d, 0x067d, 0x067d, 0x067d, 0x067d, 0x067d, 0x067d, 0x067d, 
  0x067d, 0x067d, 0x067d, 0x067d, 0x2000, 0x2000, 0x2000, 0x067d, 0x067d, 0x067d, 0x067d, 0x067d, 0x067d, 0x067d, 0x067d, 0x067d, 
  0x067d, 0x067d, 0x067d, 0x067d, 0x067d, 0x067d, 0x067d, 0x067d, 0x067d, 0x067d, 0x067d, 0x067d, 0x067d, 0x067d, 0x067d, 0x067d, 
  0x067d, 0x067d, 0x9240, 0x9240, 0x9240, 0x067d, 0x067d, 0x067d, 0x067d, 0x067d, 0x067d, 0x067d, 0x067d, 0x067d, 0x067d, 0x067d, 
  0x067d, 0x067d, 0x067d, 0x067d, 0x067d, 0x067d, 0x067d, 0x067d, 0x067d, 0x067d, 0x067d, 0x067d, 0x067d, 0x067d, 0x067d, 0x067d, 
  0x9240, 0xdb60, 0x9240, 0x067d, 0x067d, 0x067d, 0x067d, 0x067d, 0x067d, 0x067d, 0x067d, 0x067d, 0x067d, 0x067d, 0x067d, 0x067d, 
  0x067d, 0x067d, 0x067d, 0x067d, 0x067d, 0x067d, 0x067d, 0x067d, 0x067d, 0x067d, 0x067d, 0x067d, 0x067d, 0x067d, 0x9240, 0xdb60, 
  0x9240, 0x067d, 0x067d, 0x067d, 0x067d, 0x067d, 0x067d, 0x067d, 0x067d, 0x067d, 0x067d, 0x067d, 0x067d, 0x067d, 0x067d, 0x067d, 
  0x067d, 0x067d, 0x067d, 0x067d, 0x067d, 0x067d, 0x067d, 0x067d, 0x067d, 0x067d, 0x067d, 0x067d, 0x9240, 0xdb60, 0x9240, 0x067d, 
  0x067d, 0x067d, 0x067d, 0x067d, 0x067d, 0x067d, 0x067d, 0x067d, 0x067d, 0x067d, 0x067d, 0x067d, 0x067d, 0x067d, 0x067d, 0x067d, 
  0x067d, 0x067d, 0x067d, 0x067d, 0x067d, 0x067d, 0x067d, 0x067d, 0x067d, 0x067d, 0x9240, 0xdb60, 0x9240, 0x067d, 0x067d, 0x067d, 
  0x067d, 0x067d, 0x067d, 0x067d, 0x067d, 0x067d, 0x067d, 0x067d, 0x067d, 0x067d, 0x067d, 0x067d, 0x067d, 0x067d, 0x067d, 0x067d, 
  0x067d, 0x067d, 0x067d, 0x067d, 0x067d, 0x067d, 0x067d, 0x067d, 0x9240, 0xdb60, 0x9240, 0x067d, 0x067d, 0x067d, 0x067d, 0x067d, 
  0x067d, 0x067d, 0x067d, 0x067d, 0x067d, 0x067d, 0x067d, 0x067d
};

// 'SONIC_RING', 32x16px
const uint16_t SONIC_RING [] PROGMEM = {
  0x067d, 0x067d, 0x067d, 0x067d, 0x067d, 0xe73c, 0xe73c, 0xe73c, 0xe73c, 0xe720, 0x8420, 0x067d, 0x067d, 0x067d, 0x067d, 0x067d, 
  0x067d, 0x067d, 0x067d, 0x067d, 0x067d, 0x067d, 0x067d, 0x067d, 0x067d, 0x067d, 0x067d, 0x067d, 0x067d, 0x067d, 0x067d, 0x067d, 
  0x067d, 0x067d, 0x067d, 0xe73c, 0xe73c, 0xe720, 0xe720, 0xe720, 0xe720, 0xe720, 0xe720, 0xe720, 0x8420, 0x067d, 0x067d, 0x067d, 
  0x067d, 0x067d, 0x067d, 0x067d, 0x067d, 0x067d, 0x067d, 0x067d, 0x067d, 0x067d, 0x067d, 0x4200, 0x067d, 0x067d, 0x067d, 0x067d, 
  0x067d, 0x067d, 0xe73c, 0xe73c, 0xe720, 0x8420, 0x4200, 0x4200, 0x4200, 0x4200, 0x8420, 0xe720, 0xe720, 0x8420, 0x067d, 0x067d, 
  0x067d, 0x067d, 0x067d, 0x067d, 0x067d, 0x067d, 0x067d, 0x067d, 0x067d, 0x067d, 0x067d, 0x8420, 0x067d, 0x067d, 0x067d, 0x067d, 
  0x067d, 0xe73c, 0xe73c, 0x8420, 0x4200, 0x4200, 0x067d, 0x067d, 0x067d, 0x067d, 0x4200, 0x8420, 0xe720, 0x8420, 0x4200, 0x067d, 
  0x067d, 0x067d, 0x067d, 0x067d, 0x4200, 0x067d, 0x067d, 0x067d, 0x067d, 0x067d, 0x4200, 0xe720, 0x4200, 0x067d, 0x067d, 0x067d, 
  0x067d, 0xe73c, 0xe720, 0x4200, 0x067d, 0x067d, 0x067d, 0x067d, 0x067d, 0x067d, 0x067d, 0x067d, 0x8420, 0xe720, 0x4200, 0x067d, 
  0x067d, 0x067d, 0x067d, 0x067d, 0x8420, 0x067d, 0x067d, 0x067d, 0x067d, 0x067d, 0x067d, 0x8420, 0x067d, 0x067d, 0x067d, 0x067d, 
  0xe73c, 0xe720, 0x8420, 0x4200, 0x067d, 0x067d, 0x067d, 0x067d, 0x067d, 0x067d, 0x067d, 0x067d, 0x4200, 0xe720, 0x8420, 0x4200, 
  0x067d, 0x067d, 0x067d, 0x067d, 0xe720, 0x067d, 0x067d, 0x067d, 0x067d, 0x067d, 0x067d, 0x4200, 0x067d, 0x067d, 0x067d, 0x067d, 
  0xe73c, 0xe720, 0x4200, 0x067d, 0x067d, 0x067d, 0x067d, 0x067d, 0x067d, 0x067d, 0x067d, 0x067d, 0x067d, 0xe720, 0xe720, 0x4200, 
  0x067d, 0x067d, 0x067d, 0x4200, 0xe73c, 0x4200, 0x067d, 0x067d, 0x067d, 0x067d, 0x067d, 0x067d, 0x067d, 0x067d, 0x067d, 0x067d, 
  0xe73c, 0xe720, 0x4200, 0x067d, 0x067d, 0x067d, 0x067d, 0x067d, 0x067d, 0x067d, 0x067d, 0x067d, 0x067d, 0xe73c, 0xe720, 0x4200, 
  0x067d, 0x067d, 0x4200, 0x8420, 0xe73c, 0x8420, 0x4200, 0x067d, 0x067d, 0x067d, 0x067d, 0x067d, 0x4200, 0x067d, 0x067d, 0x067d, 
  0xe73c, 0xe720, 0x4200, 0x067d, 0x067d, 0x067d, 0x067d, 0x067d, 0x067d, 0x067d, 0x067d, 0x067d, 0x067d, 0xe73c, 0xe720, 0x4200, 
  0x4200, 0x8420, 0xe720, 0xe73c, 0xe73c, 0xe73c, 0xe720, 0x8420, 0x4200, 0x067d, 0x067d, 0x067d, 0x8420, 0x067d, 0x067d, 0x067d, 
  0xe720, 0xe720, 0x4200, 0x067d, 0x067d, 0x067d, 0x067d, 0x067d, 0x067d, 0x067d, 0x067d, 0x067d, 0x067d, 0xe73c, 0xe720, 0x4200, 
  0x067d, 0x067d, 0x4200, 0x8420, 0xe73c, 0x8420, 0x4200, 0x067d, 0x067d, 0x067d, 0x067d, 0x4200, 0xe720, 0x4200, 0x067d, 0x067d, 
  0x8420, 0xe720, 0x8420, 0x4200, 0x067d, 0x067d, 0x067d, 0x067d, 0x067d, 0x067d, 0x067d, 0x067d, 0xe720, 0xe73c, 0x8420, 0x4200, 
  0x067d, 0x067d, 0x067d, 0x4200, 0xe73c, 0x4200, 0x067d, 0x067d, 0x067d, 0x4200, 0x8420, 0xe720, 0xe73c, 0xe720, 0x8420, 0x4200, 
  0x067d, 0xe720, 0xe720, 0x8420, 0x067d, 0x067d, 0x067d, 0x067d, 0x067d, 0x067d, 0x067d, 0x067d, 0xe73c, 0xe720, 0x4200, 0x067d, 
  0x067d, 0x067d, 0x067d, 0x067d, 0xe720, 0x067d, 0x067d, 0x067d, 0x067d, 0x067d, 0x067d, 0x4200, 0xe720, 0x4200, 0x067d, 0x067d, 
  0x067d, 0x8420, 0xe720, 0xe720, 0x8420, 0x4200, 0x067d, 0x067d, 0x067d, 0x067d, 0xe720, 0xe73c, 0xe720, 0x8420, 0x4200, 0x067d, 
  0x067d, 0x067d, 0x067d, 0x067d, 0x8420, 0x067d, 0x067d, 0x067d, 0x067d, 0x067d, 0x067d, 0x067d, 0x8420, 0x067d, 0x067d, 0x067d, 
  0x067d, 0x067d, 0x8420, 0x8420, 0xe720, 0xe720, 0xe720, 0xe73c, 0xe73c, 0xe73c, 0xe73c, 0xe720, 0x8420, 0x4200, 0x067d, 0x067d, 
  0x067d, 0x067d, 0x067d, 0x067d, 0x4200, 0x067d, 0x067d, 0x067d, 0x067d, 0x067d, 0x067d, 0x067d, 0x4200, 0x067d, 0x067d, 0x067d, 
  0x067d, 0x067d, 0x067d, 0x4200, 0x4200, 0x8420, 0xe720, 0xe720, 0xe720, 0xe720, 0x8420, 0x4200, 0x4200, 0x067d, 0x067d, 0x067d, 
  0x067d, 0x067d, 0x067d, 0x067d, 0x067d, 0x067d, 0x067d, 0x067d, 0x067d, 0x067d, 0x067d, 0x067d, 0x067d, 0x067d, 0x067d, 0x067d, 
  0x067d, 0x067d, 0x067d, 0x067d, 0x067d, 0x4200, 0x4200, 0x4200, 0x4200, 0x4200, 0x4200, 0x067d, 0x067d, 0x067d, 0x067d, 0x067d, 
  0x067d, 0x067d, 0x067d, 0x067d, 0x067d, 0x067d, 0x067d, 0x067d, 0x067d, 0x067d, 0x067d, 0x067d, 0x067d, 0x067d, 0x067d, 0x067d
};

// 'SONIC_GN0', 16x3px
const uint16_t SONIC_GN0 [] PROGMEM = {
  0x2000, 0x6920, 0x2000, 0x6920, 0x2000, 0x6920, 0x2000, 0x6920, 0x2000, 0x6920, 0x2000, 0x6920, 0x2000, 0x6920, 0x2000, 0x6920, 
  0x6920, 0x2000, 0x6920, 0x2000, 0x6920, 0x2000, 0x6920, 0x2000, 0x6920, 0x2000, 0x6920, 0x2000, 0x6920, 0x2000, 0x6920, 0x2000, 
  0x2000, 0x6920, 0x2000, 0x6920, 0x2000, 0x6920, 0x2000, 0x6920, 0x2000, 0x6920, 0x2000, 0x6920, 0x2000, 0x6920, 0x2000, 0x6920
};



// 'SONIC_MONITOR', 24x14px
const uint16_t SONIC_MONITOR [] PROGMEM = {
  0xe73c, 0xe73c, 0xe73c, 0xe73c, 0xe73c, 0xe73c, 0xe73c, 0xe73c, 0xe73c, 0xe73c, 0xe73c, 0xe73c, 0xe73c, 0xe73c, 0xe73c, 0xe73c, 
  0xe73c, 0xe73c, 0xe73c, 0xe73c, 0xe73c, 0xe73c, 0xe73c, 0xe73c, 0x8430, 0x8430, 0x8430, 0x8430, 0x8430, 0x8430, 0x8430, 0x8430, 
  0x8430, 0x8430, 0x8430, 0x8430, 0x8430, 0x8430, 0x8430, 0x8430, 0x8430, 0x8430, 0x8430, 0x8430, 0x8430, 0x8430, 0x8430, 0x8430, 
  0x8430, 0x0000, 0x0000, 0x0000, 0x0000, 0x0000, 0x0000, 0x0000, 0x0000, 0x0000, 0x0000, 0x8430, 0x8430, 0x0000, 0x0000, 0x0000, 
  0x0000, 0x0000, 0x0000, 0x0000, 0x0000, 0x0000, 0x0000, 0x8430, 0x8430, 0x0000, 0x0000, 0x0000, 0xffe0, 0xffe0, 0xffe0, 0x0000, 
  0x0000, 0x0000, 0x0000, 0x8430, 0x8430, 0x0000, 0x843c, 0x2110, 0x843c, 0x2110, 0x843c, 0x2110, 0x843c, 0x2110, 0x0000, 0x8430, 
  0x8430, 0x0000, 0x0000, 0xffe0, 0x0000, 0x0000, 0x0000, 0xffe0, 0x0000, 0x0000, 0x0000, 0x8430, 0x8430, 0x0000, 0x2110, 0xe73c, 
  0x2110, 0xe73c, 0x2110, 0xe73c, 0x2110, 0xe73c, 0x0000, 0x8430, 0x8430, 0x0000, 0x0000, 0xffe0, 0x0000, 0x0000, 0x0000, 0xffe0, 
  0x0000, 0x0000, 0x0000, 0x8430, 0x8430, 0x0000, 0xe73c, 0x843c, 0xe73c, 0x843c, 0xe73c, 0x843c, 0xe73c, 0x843c, 0x0000, 0x8430, 
  0x8430, 0x0000, 0x0000, 0xffe0, 0x0000, 0x0000, 0x0000, 0xffe0, 0x0000, 0x0000, 0x0000, 0x8430, 0x8430, 0x0000, 0x843c, 0x2110, 
  0x843c, 0x2110, 0x843c, 0x2110, 0x843c, 0x2110, 0x0000, 0x8430, 0x8430, 0x0000, 0x0000, 0x0000, 0xffe0, 0xffe0, 0xffe0, 0x0000, 
  0x0000, 0x0000, 0x0000, 0x8430, 0x8430, 0x0000, 0x2110, 0xe73c, 0x2110, 0xe73c, 0x2110, 0xe73c, 0x2110, 0xe73c, 0x0000, 0x8430, 
  0x8430, 0x0000, 0x0000, 0x0000, 0x0000, 0x0000, 0x0000, 0x0000, 0x0000, 0x0000, 0x0000, 0x8430, 0x8430, 0x0000, 0x0000, 0x0000, 
  0x0000, 0x0000, 0x0000, 0x0000, 0x0000, 0x0000, 0x0000, 0x8430, 0x8430, 0xa534, 0xe73c, 0xe73c, 0xe73c, 0xe73c, 0xe73c, 0xe73c, 
  0xe73c, 0xe73c, 0xa534, 0x8430, 0x8430, 0xa534, 0xe73c, 0xe73c, 0xe73c, 0xe73c, 0xe73c, 0xe73c, 0xe73c, 0xe73c, 0xa534, 0x8430, 
  0x8430, 0x8430, 0x8430, 0x8430, 0x8430, 0x8430, 0x8430, 0x8430, 0x8430, 0x8430, 0x8430, 0x8430, 0x8430, 0x8430, 0x8430, 0x8430, 
  0x8430, 0x8430, 0x8430, 0x8430, 0x8430, 0x8430, 0x8430, 0x8430, 0x067d, 0x067d, 0x067d, 0x8430, 0x8430, 0x8430, 0x8430, 0x8430, 
  0x8430, 0x067d, 0x067d, 0x067d, 0x067d, 0x067d, 0x067d, 0x8430, 0x8430, 0x8430, 0x8430, 0x8430, 0x8430, 0x067d, 0x067d, 0x067d, 
  0x067d, 0x067d, 0x067d, 0x067d, 0x8430, 0xa534, 0xa534, 0x8430, 0x067d, 0x067d, 0x067d, 0x067d, 0x067d, 0x067d, 0x067d, 0x067d, 
  0x8430, 0xa534, 0xa534, 0x8430, 0x067d, 0x067d, 0x067d, 0x067d, 0x067d, 0x067d, 0x0000, 0x0000, 0x0000, 0x0000, 0x0000, 0x0000, 
  0x0000, 0x0000, 0x067d, 0x067d, 0x067d, 0x067d, 0x0000, 0x0000, 0x0000, 0x0000, 0x0000, 0x0000, 0x0000, 0x0000, 0x067d, 0x067d
};
