


// 'SPACE_BG', 16x320px
const uint16_t SPACE_BG [] PROGMEM = {
  0x0000, 0x1849, 0x0000, 0x1849, 0x0000, 0x1849, 0x0000, 0x1849, 0x0000, 0x1849, 0x0000, 0x1849, 0x0000, 0x1849, 0x0000, 0x1849, 
  0x1849, 0x0000, 0x1849, 0x0000, 0x1849, 0x0000, 0x1849, 0x0000, 0x1849, 0x0000, 0x1849, 0x0000, 0x1849, 0x0000, 0x1849, 0x0000, 
  0x0000, 0x1849, 0x0000, 0x1849, 0x0000, 0x1849, 0x0000, 0x1849, 0x0000, 0x1849, 0x0000, 0x1849, 0x0000, 0x1849, 0x0000, 0x1849, 
  0x1849, 0x0000, 0x1849, 0x0000, 0x1849, 0x0000, 0x1849, 0x0000, 0x1849, 0x0000, 0x1849, 0x0000, 0x1849, 0x0000, 0x1849, 0x0000, 
  0x0000, 0x1849, 0x0000, 0x1849, 0x0000, 0x1849, 0x0000, 0x1849, 0x0000, 0x1849, 0x0000, 0x1849, 0x0000, 0x1849, 0x0000, 0x1849, 
  0x1849, 0x0000, 0x1849, 0x0000, 0x1849, 0x0000, 0x1849, 0x0000, 0x1849, 0x0000, 0x1849, 0x0000, 0x1849, 0x0000, 0x1849, 0x0000, 
  0x0000, 0x1849, 0x0000, 0x1849, 0x0000, 0x1849, 0x0000, 0x1849, 0x0000, 0x1849, 0x0000, 0x1849, 0x0000, 0x1849, 0x0000, 0x1849, 
  0x1849, 0x0000, 0x1849, 0x0000, 0x1849, 0x0000, 0x1849, 0x0000, 0x1849, 0x0000, 0x1849, 0x0000, 0x1849, 0x0000, 0x1849, 0x0000, 
  0x0000, 0x1849, 0x0000, 0x1849, 0x0000, 0x1849, 0x0000, 0x1849, 0x0000, 0x1849, 0x0000, 0x1849, 0x0000, 0x1849, 0x0000, 0x1849, 
  0x1849, 0x0000, 0x1849, 0x0000, 0x1849, 0x0000, 0x1849, 0x0000, 0x1849, 0x0000, 0x1849, 0x0000, 0x1849, 0x0000, 0x1849, 0x0000, 
  0x0000, 0x1849, 0x0000, 0x1849, 0x0000, 0x1849, 0x0000, 0x1849, 0x0000, 0x1849, 0x0000, 0x1849, 0x0000, 0x1849, 0x0000, 0x1849, 
  0x1849, 0x0000, 0x1849, 0x0000, 0x1849, 0x0000, 0x1849, 0x0000, 0x1849, 0x0000, 0x1849, 0x0000, 0x1849, 0x0000, 0x1849, 0x0000, 
  0x0000, 0x1849, 0x0000, 0x1849, 0x0000, 0x1849, 0x0000, 0x1849, 0x0000, 0x1849, 0x0000, 0x1849, 0x0000, 0x1849, 0x0000, 0x1849, 
  0x1849, 0x0000, 0x1849, 0x0000, 0x1849, 0x0000, 0x1849, 0x0000, 0x1849, 0x0000, 0x1849, 0x0000, 0x1849, 0x0000, 0x1849, 0x0000, 
  0x0000, 0x1849, 0x0000, 0x1849, 0x0000, 0x1849, 0x0000, 0x1849, 0x0000, 0x1849, 0x0000, 0x1849, 0x0000, 0x1849, 0x0000, 0x1849, 
  0x1849, 0x0000, 0x1849, 0x0000, 0x1849, 0x0000, 0x1849, 0x0000, 0x1849, 0x0000, 0x1849, 0x0000, 0x1849, 0x0000, 0x1849, 0x0000, 
  0x1849, 0x1849, 0x1849, 0x1849, 0x1849, 0x1849, 0x1849, 0x1849, 0x1849, 0x1849, 0x1849, 0x1849, 0x1849, 0x1849, 0x1849, 0x1849, 
  0x1849, 0x1849, 0x1849, 0x1849, 0x1849, 0x1849, 0x1849, 0x1849, 0x1849, 0x1849, 0x1849, 0x1849, 0x1849, 0x1849, 0x1849, 0x1849, 
  0x1849, 0x1849, 0x1849, 0x1849, 0x1849, 0x1849, 0x1849, 0x1849, 0x1849, 0x1849, 0x1849, 0x1849, 0x1849, 0x1849, 0x1849, 0x1849, 
  0x1849, 0x1849, 0x1849, 0x1849, 0x1849, 0x1849, 0x1849, 0x1849, 0x1849, 0x1849, 0x1849, 0x1849, 0x1849, 0x1849, 0x1849, 0x1849, 
  0x1849, 0x1849, 0x1849, 0x1849, 0x1849, 0x1849, 0x1849, 0x1849, 0x1849, 0x1849, 0x1849, 0x1849, 0x1849, 0x1849, 0x1849, 0x1849, 
  0x1849, 0x1849, 0x1849, 0x1849, 0x1849, 0x1849, 0x1849, 0x1849, 0x1849, 0x1849, 0x1849, 0x1849, 0x1849, 0x1849, 0x1849, 0x1849, 
  0x1849, 0x1849, 0x1849, 0x1849, 0x1849, 0x1849, 0x1849, 0x1849, 0x1849, 0x1849, 0x1849, 0x1849, 0x1849, 0x1849, 0x1849, 0x1849, 
  0x1849, 0x1849, 0x1849, 0x1849, 0x1849, 0x1849, 0x1849, 0x1849, 0x1849, 0x1849, 0x1849, 0x1849, 0x1849, 0x1849, 0x1849, 0x1849, 
  0x1849, 0x1849, 0x1849, 0x1849, 0x1849, 0x1849, 0x1849, 0x1849, 0x1849, 0x1849, 0x1849, 0x1849, 0x1849, 0x1849, 0x1849, 0x1849, 
  0x1849, 0x1849, 0x1849, 0x1849, 0x1849, 0x1849, 0x1849, 0x1849, 0x1849, 0x1849, 0x1849, 0x1849, 0x1849, 0x1849, 0x1849, 0x1849, 
  0x1849, 0x1849, 0x1849, 0x1849, 0x1849, 0x1849, 0x1849, 0x1849, 0x1849, 0x1849, 0x1849, 0x1849, 0x1849, 0x1849, 0x1849, 0x1849, 
  0x1849, 0x1849, 0x1849, 0x1849, 0x1849, 0x1849, 0x1849, 0x1849, 0x1849, 0x1849, 0x1849, 0x1849, 0x1849, 0x1849, 0x1849, 0x1849, 
  0x1849, 0x1849, 0x1849, 0x1849, 0x1849, 0x1849, 0x1849, 0x1849, 0x1849, 0x1849, 0x1849, 0x1849, 0x1849, 0x1849, 0x1849, 0x1849, 
  0x1849, 0x1849, 0x1849, 0x1849, 0x1849, 0x1849, 0x1849, 0x1849, 0x1849, 0x1849, 0x1849, 0x1849, 0x1849, 0x1849, 0x1849, 0x1849, 
  0x1849, 0x1849, 0x1849, 0x1849, 0x1849, 0x1849, 0x1849, 0x1849, 0x1849, 0x1849, 0x1849, 0x1849, 0x1849, 0x1849, 0x1849, 0x1849, 
  0x1849, 0x1849, 0x1849, 0x1849, 0x1849, 0x1849, 0x1849, 0x1849, 0x1849, 0x1849, 0x1849, 0x1849, 0x1849, 0x1849, 0x1849, 0x1849, 
  0x1849, 0x0192, 0x1849, 0x0192, 0x1849, 0x0192, 0x1849, 0x0192, 0x1849, 0x0192, 0x1849, 0x0192, 0x1849, 0x0192, 0x1849, 0x0192, 
  0x0192, 0x1849, 0x0192, 0x1849, 0x0192, 0x1849, 0x0192, 0x1849, 0x0192, 0x1849, 0x0192, 0x1849, 0x0192, 0x1849, 0x0192, 0x1849, 
  0x1849, 0x0192, 0x1849, 0x0192, 0x1849, 0x0192, 0x1849, 0x0192, 0x1849, 0x0192, 0x1849, 0x0192, 0x1849, 0x0192, 0x1849, 0x0192, 
  0x0192, 0x1849, 0x0192, 0x1849, 0x0192, 0x1849, 0x0192, 0x1849, 0x0192, 0x1849, 0x0192, 0x1849, 0x0192, 0x1849, 0x0192, 0x1849, 
  0x1849, 0x0192, 0x1849, 0x0192, 0x1849, 0x0192, 0x1849, 0x0192, 0x1849, 0x0192, 0x1849, 0x0192, 0x1849, 0x0192, 0x1849, 0x0192, 
  0x0192, 0x1849, 0x0192, 0x1849, 0x0192, 0x1849, 0x0192, 0x1849, 0x0192, 0x1849, 0x0192, 0x1849, 0x0192, 0x1849, 0x0192, 0x1849, 
  0x1849, 0x0192, 0x1849, 0x0192, 0x1849, 0x0192, 0x1849, 0x0192, 0x1849, 0x0192, 0x1849, 0x0192, 0x1849, 0x0192, 0x1849, 0x0192, 
  0x0192, 0x1849, 0x0192, 0x1849, 0x0192, 0x1849, 0x0192, 0x1849, 0x0192, 0x1849, 0x0192, 0x1849, 0x0192, 0x1849, 0x0192, 0x1849, 
  0x1849, 0x0192, 0x1849, 0x0192, 0x1849, 0x0192, 0x1849, 0x0192, 0x1849, 0x0192, 0x1849, 0x0192, 0x1849, 0x0192, 0x1849, 0x0192, 
  0x0192, 0x1849, 0x0192, 0x1849, 0x0192, 0x1849, 0x0192, 0x1849, 0x0192, 0x1849, 0x0192, 0x1849, 0x0192, 0x1849, 0x0192, 0x1849, 
  0x1849, 0x0192, 0x1849, 0x0192, 0x1849, 0x0192, 0x1849, 0x0192, 0x1849, 0x0192, 0x1849, 0x0192, 0x1849, 0x0192, 0x1849, 0x0192, 
  0x0192, 0x1849, 0x0192, 0x1849, 0x0192, 0x1849, 0x0192, 0x1849, 0x0192, 0x1849, 0x0192, 0x1849, 0x0192, 0x1849, 0x0192, 0x1849, 
  0x1849, 0x0192, 0x1849, 0x0192, 0x1849, 0x0192, 0x1849, 0x0192, 0x1849, 0x0192, 0x1849, 0x0192, 0x1849, 0x0192, 0x1849, 0x0192, 
  0x0192, 0x1849, 0x0192, 0x1849, 0x0192, 0x1849, 0x0192, 0x1849, 0x0192, 0x1849, 0x0192, 0x1849, 0x0192, 0x1849, 0x0192, 0x1849, 
  0x1849, 0x0192, 0x1849, 0x0192, 0x1849, 0x0192, 0x1849, 0x0192, 0x1849, 0x0192, 0x1849, 0x0192, 0x1849, 0x0192, 0x1849, 0x0192, 
  0x0192, 0x1849, 0x0192, 0x1849, 0x0192, 0x1849, 0x0192, 0x1849, 0x0192, 0x1849, 0x0192, 0x1849, 0x0192, 0x1849, 0x0192, 0x1849, 
  0x0192, 0x0192, 0x0192, 0x0192, 0x0192, 0x0192, 0x0192, 0x0192, 0x0192, 0x0192, 0x0192, 0x0192, 0x0192, 0x0192, 0x0192, 0x0192, 
  0x0192, 0x0192, 0x0192, 0x0192, 0x0192, 0x0192, 0x0192, 0x0192, 0x0192, 0x0192, 0x0192, 0x0192, 0x0192, 0x0192, 0x0192, 0x0192, 
  0x0192, 0x0192, 0x0192, 0x0192, 0x0192, 0x0192, 0x0192, 0x0192, 0x0192, 0x0192, 0x0192, 0x0192, 0x0192, 0x0192, 0x0192, 0x0192, 
  0x0192, 0x0192, 0x0192, 0x0192, 0x0192, 0x0192, 0x0192, 0x0192, 0x0192, 0x0192, 0x0192, 0x0192, 0x0192, 0x0192, 0x0192, 0x0192, 
  0x0192, 0x0192, 0x0192, 0x0192, 0x0192, 0x0192, 0x0192, 0x0192, 0x0192, 0x0192, 0x0192, 0x0192, 0x0192, 0x0192, 0x0192, 0x0192, 
  0x0192, 0x0192, 0x0192, 0x0192, 0x0192, 0x0192, 0x0192, 0x0192, 0x0192, 0x0192, 0x0192, 0x0192, 0x0192, 0x0192, 0x0192, 0x0192, 
  0x0192, 0x0192, 0x0192, 0x0192, 0x0192, 0x0192, 0x0192, 0x0192, 0x0192, 0x0192, 0x0192, 0x0192, 0x0192, 0x0192, 0x0192, 0x0192, 
  0x0192, 0x0192, 0x0192, 0x0192, 0x0192, 0x0192, 0x0192, 0x0192, 0x0192, 0x0192, 0x0192, 0x0192, 0x0192, 0x0192, 0x0192, 0x0192, 
  0x0192, 0x0192, 0x0192, 0x0192, 0x0192, 0x0192, 0x0192, 0x0192, 0x0192, 0x0192, 0x0192, 0x0192, 0x0192, 0x0192, 0x0192, 0x0192, 
  0x0192, 0x0192, 0x0192, 0x0192, 0x0192, 0x0192, 0x0192, 0x0192, 0x0192, 0x0192, 0x0192, 0x0192, 0x0192, 0x0192, 0x0192, 0x0192, 
  0x0192, 0x0192, 0x0192, 0x0192, 0x0192, 0x0192, 0x0192, 0x0192, 0x0192, 0x0192, 0x0192, 0x0192, 0x0192, 0x0192, 0x0192, 0x0192, 
  0x0192, 0x0192, 0x0192, 0x0192, 0x0192, 0x0192, 0x0192, 0x0192, 0x0192, 0x0192, 0x0192, 0x0192, 0x0192, 0x0192, 0x0192, 0x0192, 
  0x0192, 0x0192, 0x0192, 0x0192, 0x0192, 0x0192, 0x0192, 0x0192, 0x0192, 0x0192, 0x0192, 0x0192, 0x0192, 0x0192, 0x0192, 0x0192, 
  0x0192, 0x0192, 0x0192, 0x0192, 0x0192, 0x0192, 0x0192, 0x0192, 0x0192, 0x0192, 0x0192, 0x0192, 0x0192, 0x0192, 0x0192, 0x0192, 
  0x0192, 0x0192, 0x0192, 0x0192, 0x0192, 0x0192, 0x0192, 0x0192, 0x0192, 0x0192, 0x0192, 0x0192, 0x0192, 0x0192, 0x0192, 0x0192, 
  0x0192, 0x0192, 0x0192, 0x0192, 0x0192, 0x0192, 0x0192, 0x0192, 0x0192, 0x0192, 0x0192, 0x0192, 0x0192, 0x0192, 0x0192, 0x0192, 
  0x0238, 0x0192, 0x0238, 0x0192, 0x0238, 0x0192, 0x0238, 0x0192, 0x0238, 0x0192, 0x0238, 0x0192, 0x0238, 0x0192, 0x0238, 0x0192, 
  0x0192, 0x0238, 0x0192, 0x0238, 0x0192, 0x0238, 0x0192, 0x0238, 0x0192, 0x0238, 0x0192, 0x0238, 0x0192, 0x0238, 0x0192, 0x0238, 
  0x0238, 0x0192, 0x0238, 0x0192, 0x0238, 0x0192, 0x0238, 0x0192, 0x0238, 0x0192, 0x0238, 0x0192, 0x0238, 0x0192, 0x0238, 0x0192, 
  0x0192, 0x0238, 0x0192, 0x0238, 0x0192, 0x0238, 0x0192, 0x0238, 0x0192, 0x0238, 0x0192, 0x0238, 0x0192, 0x0238, 0x0192, 0x0238, 
  0x0238, 0x0192, 0x0238, 0x0192, 0x0238, 0x0192, 0x0238, 0x0192, 0x0238, 0x0192, 0x0238, 0x0192, 0x0238, 0x0192, 0x0238, 0x0192, 
  0x0192, 0x0238, 0x0192, 0x0238, 0x0192, 0x0238, 0x0192, 0x0238, 0x0192, 0x0238, 0x0192, 0x0238, 0x0192, 0x0238, 0x0192, 0x0238, 
  0x0238, 0x0192, 0x0238, 0x0192, 0x0238, 0x0192, 0x0238, 0x0192, 0x0238, 0x0192, 0x0238, 0x0192, 0x0238, 0x0192, 0x0238, 0x0192, 
  0x0192, 0x0238, 0x0192, 0x0238, 0x0192, 0x0238, 0x0192, 0x0238, 0x0192, 0x0238, 0x0192, 0x0238, 0x0192, 0x0238, 0x0192, 0x0238, 
  0x0238, 0x0192, 0x0238, 0x0192, 0x0238, 0x0192, 0x0238, 0x0192, 0x0238, 0x0192, 0x0238, 0x0192, 0x0238, 0x0192, 0x0238, 0x0192, 
  0x0192, 0x0238, 0x0192, 0x0238, 0x0192, 0x0238, 0x0192, 0x0238, 0x0192, 0x0238, 0x0192, 0x0238, 0x0192, 0x0238, 0x0192, 0x0238, 
  0x0238, 0x0192, 0x0238, 0x0192, 0x0238, 0x0192, 0x0238, 0x0192, 0x0238, 0x0192, 0x0238, 0x0192, 0x0238, 0x0192, 0x0238, 0x0192, 
  0x0192, 0x0238, 0x0192, 0x0238, 0x0192, 0x0238, 0x0192, 0x0238, 0x0192, 0x0238, 0x0192, 0x0238, 0x0192, 0x0238, 0x0192, 0x0238, 
  0x0238, 0x0192, 0x0238, 0x0192, 0x0238, 0x0192, 0x0238, 0x0192, 0x0238, 0x0192, 0x0238, 0x0192, 0x0238, 0x0192, 0x0238, 0x0192, 
  0x0192, 0x0238, 0x0192, 0x0238, 0x0192, 0x0238, 0x0192, 0x0238, 0x0192, 0x0238, 0x0192, 0x0238, 0x0192, 0x0238, 0x0192, 0x0238, 
  0x0238, 0x0192, 0x0238, 0x0192, 0x0238, 0x0192, 0x0238, 0x0192, 0x0238, 0x0192, 0x0238, 0x0192, 0x0238, 0x0192, 0x0238, 0x0192, 
  0x0192, 0x0238, 0x0192, 0x0238, 0x0192, 0x0238, 0x0192, 0x0238, 0x0192, 0x0238, 0x0192, 0x0238, 0x0192, 0x0238, 0x0192, 0x0238, 
  0x0238, 0x0238, 0x0238, 0x0238, 0x0238, 0x0238, 0x0238, 0x0238, 0x0238, 0x0238, 0x0238, 0x0238, 0x0238, 0x0238, 0x0238, 0x0238, 
  0x0238, 0x0238, 0x0238, 0x0238, 0x0238, 0x0238, 0x0238, 0x0238, 0x0238, 0x0238, 0x0238, 0x0238, 0x0238, 0x0238, 0x0238, 0x0238, 
  0x0238, 0x0238, 0x0238, 0x0238, 0x0238, 0x0238, 0x0238, 0x0238, 0x0238, 0x0238, 0x0238, 0x0238, 0x0238, 0x0238, 0x0238, 0x0238, 
  0x0238, 0x0238, 0x0238, 0x0238, 0x0238, 0x0238, 0x0238, 0x0238, 0x0238, 0x0238, 0x0238, 0x0238, 0x0238, 0x0238, 0x0238, 0x0238, 
  0x0238, 0x0238, 0x0238, 0x0238, 0x0238, 0x0238, 0x0238, 0x0238, 0x0238, 0x0238, 0x0238, 0x0238, 0x0238, 0x0238, 0x0238, 0x0238, 
  0x0238, 0x0238, 0x0238, 0x0238, 0x0238, 0x0238, 0x0238, 0x0238, 0x0238, 0x0238, 0x0238, 0x0238, 0x0238, 0x0238, 0x0238, 0x0238, 
  0x0238, 0x0238, 0x0238, 0x0238, 0x0238, 0x0238, 0x0238, 0x0238, 0x0238, 0x0238, 0x0238, 0x0238, 0x0238, 0x0238, 0x0238, 0x0238, 
  0x0238, 0x0238, 0x0238, 0x0238, 0x0238, 0x0238, 0x0238, 0x0238, 0x0238, 0x0238, 0x0238, 0x0238, 0x0238, 0x0238, 0x0238, 0x0238, 
  0x0238, 0x0238, 0x0238, 0x0238, 0x0238, 0x0238, 0x0238, 0x0238, 0x0238, 0x0238, 0x0238, 0x0238, 0x0238, 0x0238, 0x0238, 0x0238, 
  0x0238, 0x0238, 0x0238, 0x0238, 0x0238, 0x0238, 0x0238, 0x0238, 0x0238, 0x0238, 0x0238, 0x0238, 0x0238, 0x0238, 0x0238, 0x0238, 
  0x0238, 0x0238, 0x0238, 0x0238, 0x0238, 0x0238, 0x0238, 0x0238, 0x0238, 0x0238, 0x0238, 0x0238, 0x0238, 0x0238, 0x0238, 0x0238, 
  0x0238, 0x0238, 0x0238, 0x0238, 0x0238, 0x0238, 0x0238, 0x0238, 0x0238, 0x0238, 0x0238, 0x0238, 0x0238, 0x0238, 0x0238, 0x0238, 
  0x0238, 0x0238, 0x0238, 0x0238, 0x0238, 0x0238, 0x0238, 0x0238, 0x0238, 0x0238, 0x0238, 0x0238, 0x0238, 0x0238, 0x0238, 0x0238, 
  0x0238, 0x0238, 0x0238, 0x0238, 0x0238, 0x0238, 0x0238, 0x0238, 0x0238, 0x0238, 0x0238, 0x0238, 0x0238, 0x0238, 0x0238, 0x0238, 
  0x0238, 0x0238, 0x0238, 0x0238, 0x0238, 0x0238, 0x0238, 0x0238, 0x0238, 0x0238, 0x0238, 0x0238, 0x0238, 0x0238, 0x0238, 0x0238, 
  0x0238, 0x0238, 0x0238, 0x0238, 0x0238, 0x0238, 0x0238, 0x0238, 0x0238, 0x0238, 0x0238, 0x0238, 0x0238, 0x0238, 0x0238, 0x0238, 
  0x049f, 0x0238, 0x049f, 0x0238, 0x049f, 0x0238, 0x049f, 0x0238, 0x049f, 0x0238, 0x049f, 0x0238, 0x049f, 0x0238, 0x049f, 0x0238, 
  0x0238, 0x049f, 0x0238, 0x049f, 0x0238, 0x049f, 0x0238, 0x049f, 0x0238, 0x049f, 0x0238, 0x049f, 0x0238, 0x049f, 0x0238, 0x049f, 
  0x049f, 0x0238, 0x049f, 0x0238, 0x049f, 0x0238, 0x049f, 0x0238, 0x049f, 0x0238, 0x049f, 0x0238, 0x049f, 0x0238, 0x049f, 0x0238, 
  0x0238, 0x049f, 0x0238, 0x049f, 0x0238, 0x049f, 0x0238, 0x049f, 0x0238, 0x049f, 0x0238, 0x049f, 0x0238, 0x049f, 0x0238, 0x049f, 
  0x049f, 0x0238, 0x049f, 0x0238, 0x049f, 0x0238, 0x049f, 0x0238, 0x049f, 0x0238, 0x049f, 0x0238, 0x049f, 0x0238, 0x049f, 0x0238, 
  0x0238, 0x049f, 0x0238, 0x049f, 0x0238, 0x049f, 0x0238, 0x049f, 0x0238, 0x049f, 0x0238, 0x049f, 0x0238, 0x049f, 0x0238, 0x049f, 
  0x049f, 0x0238, 0x049f, 0x0238, 0x049f, 0x0238, 0x049f, 0x0238, 0x049f, 0x0238, 0x049f, 0x0238, 0x049f, 0x0238, 0x049f, 0x0238, 
  0x0238, 0x049f, 0x0238, 0x049f, 0x0238, 0x049f, 0x0238, 0x049f, 0x0238, 0x049f, 0x0238, 0x049f, 0x0238, 0x049f, 0x0238, 0x049f, 
  0x049f, 0x0238, 0x049f, 0x0238, 0x049f, 0x0238, 0x049f, 0x0238, 0x049f, 0x0238, 0x049f, 0x0238, 0x049f, 0x0238, 0x049f, 0x0238, 
  0x0238, 0x049f, 0x0238, 0x049f, 0x0238, 0x049f, 0x0238, 0x049f, 0x0238, 0x049f, 0x0238, 0x049f, 0x0238, 0x049f, 0x0238, 0x049f, 
  0x049f, 0x0238, 0x049f, 0x0238, 0x049f, 0x0238, 0x049f, 0x0238, 0x049f, 0x0238, 0x049f, 0x0238, 0x049f, 0x0238, 0x049f, 0x0238, 
  0x0238, 0x049f, 0x0238, 0x049f, 0x0238, 0x049f, 0x0238, 0x049f, 0x0238, 0x049f, 0x0238, 0x049f, 0x0238, 0x049f, 0x0238, 0x049f, 
  0x049f, 0x0238, 0x049f, 0x0238, 0x049f, 0x0238, 0x049f, 0x0238, 0x049f, 0x0238, 0x049f, 0x0238, 0x049f, 0x0238, 0x049f, 0x0238, 
  0x0238, 0x049f, 0x0238, 0x049f, 0x0238, 0x049f, 0x0238, 0x049f, 0x0238, 0x049f, 0x0238, 0x049f, 0x0238, 0x049f, 0x0238, 0x049f, 
  0x049f, 0x0238, 0x049f, 0x0238, 0x049f, 0x0238, 0x049f, 0x0238, 0x049f, 0x0238, 0x049f, 0x0238, 0x049f, 0x0238, 0x049f, 0x0238, 
  0x0238, 0x049f, 0x0238, 0x049f, 0x0238, 0x049f, 0x0238, 0x049f, 0x0238, 0x049f, 0x0238, 0x049f, 0x0238, 0x049f, 0x0238, 0x049f, 
  0x049f, 0x049f, 0x049f, 0x049f, 0x049f, 0x049f, 0x049f, 0x049f, 0x049f, 0x049f, 0x049f, 0x049f, 0x049f, 0x049f, 0x049f, 0x049f, 
  0x049f, 0x049f, 0x049f, 0x049f, 0x049f, 0x049f, 0x049f, 0x049f, 0x049f, 0x049f, 0x049f, 0x049f, 0x049f, 0x049f, 0x049f, 0x049f, 
  0x049f, 0x049f, 0x049f, 0x049f, 0x049f, 0x049f, 0x049f, 0x049f, 0x049f, 0x049f, 0x049f, 0x049f, 0x049f, 0x049f, 0x049f, 0x049f, 
  0x049f, 0x049f, 0x049f, 0x049f, 0x049f, 0x049f, 0x049f, 0x049f, 0x049f, 0x049f, 0x049f, 0x049f, 0x049f, 0x049f, 0x049f, 0x049f, 
  0x049f, 0x049f, 0x049f, 0x049f, 0x049f, 0x049f, 0x049f, 0x049f, 0x049f, 0x049f, 0x049f, 0x049f, 0x049f, 0x049f, 0x049f, 0x049f, 
  0x049f, 0x049f, 0x049f, 0x049f, 0x049f, 0x049f, 0x049f, 0x049f, 0x049f, 0x049f, 0x049f, 0x049f, 0x049f, 0x049f, 0x049f, 0x049f, 
  0x049f, 0x049f, 0x049f, 0x049f, 0x049f, 0x049f, 0x049f, 0x049f, 0x049f, 0x049f, 0x049f, 0x049f, 0x049f, 0x049f, 0x049f, 0x049f, 
  0x049f, 0x049f, 0x049f, 0x049f, 0x049f, 0x049f, 0x049f, 0x049f, 0x049f, 0x049f, 0x049f, 0x049f, 0x049f, 0x049f, 0x049f, 0x049f, 
  0x049f, 0x049f, 0x049f, 0x049f, 0x049f, 0x049f, 0x049f, 0x049f, 0x049f, 0x049f, 0x049f, 0x049f, 0x049f, 0x049f, 0x049f, 0x049f, 
  0x049f, 0x049f, 0x049f, 0x049f, 0x049f, 0x049f, 0x049f, 0x049f, 0x049f, 0x049f, 0x049f, 0x049f, 0x049f, 0x049f, 0x049f, 0x049f, 
  0x049f, 0x049f, 0x049f, 0x049f, 0x049f, 0x049f, 0x049f, 0x049f, 0x049f, 0x049f, 0x049f, 0x049f, 0x049f, 0x049f, 0x049f, 0x049f, 
  0x049f, 0x049f, 0x049f, 0x049f, 0x049f, 0x049f, 0x049f, 0x049f, 0x049f, 0x049f, 0x049f, 0x049f, 0x049f, 0x049f, 0x049f, 0x049f, 
  0x049f, 0x049f, 0x049f, 0x049f, 0x049f, 0x049f, 0x049f, 0x049f, 0x049f, 0x049f, 0x049f, 0x049f, 0x049f, 0x049f, 0x049f, 0x049f, 
  0x049f, 0x049f, 0x049f, 0x049f, 0x049f, 0x049f, 0x049f, 0x049f, 0x049f, 0x049f, 0x049f, 0x049f, 0x049f, 0x049f, 0x049f, 0x049f, 
  0x049f, 0x049f, 0x049f, 0x049f, 0x049f, 0x049f, 0x049f, 0x049f, 0x049f, 0x049f, 0x049f, 0x049f, 0x049f, 0x049f, 0x049f, 0x049f, 
  0x049f, 0x049f, 0x049f, 0x049f, 0x049f, 0x049f, 0x049f, 0x049f, 0x049f, 0x049f, 0x049f, 0x049f, 0x049f, 0x049f, 0x049f, 0x049f, 
  0xdfff, 0x049f, 0xdfff, 0x049f, 0xdfff, 0x049f, 0xdfff, 0x049f, 0xdfff, 0x049f, 0xdfff, 0x049f, 0xdfff, 0x049f, 0xdfff, 0x049f, 
  0x049f, 0xdfff, 0x049f, 0xdfff, 0x049f, 0xdfff, 0x049f, 0xdfff, 0x049f, 0xdfff, 0x049f, 0xdfff, 0x049f, 0xdfff, 0x049f, 0xdfff, 
  0xdfff, 0x049f, 0xdfff, 0x049f, 0xdfff, 0x049f, 0xdfff, 0x049f, 0xdfff, 0x049f, 0xdfff, 0x049f, 0xdfff, 0x049f, 0xdfff, 0x049f, 
  0x049f, 0xdfff, 0x049f, 0xdfff, 0x049f, 0xdfff, 0x049f, 0xdfff, 0x049f, 0xdfff, 0x049f, 0xdfff, 0x049f, 0xdfff, 0x049f, 0xdfff, 
  0xdfff, 0x049f, 0xdfff, 0x049f, 0xdfff, 0x049f, 0xdfff, 0x049f, 0xdfff, 0x049f, 0xdfff, 0x049f, 0xdfff, 0x049f, 0xdfff, 0x049f, 
  0x049f, 0xdfff, 0x049f, 0xdfff, 0x049f, 0xdfff, 0x049f, 0xdfff, 0x049f, 0xdfff, 0x049f, 0xdfff, 0x049f, 0xdfff, 0x049f, 0xdfff, 
  0xdfff, 0x049f, 0xdfff, 0x049f, 0xdfff, 0x049f, 0xdfff, 0x049f, 0xdfff, 0x049f, 0xdfff, 0x049f, 0xdfff, 0x049f, 0xdfff, 0x049f, 
  0x049f, 0xdfff, 0x049f, 0xdfff, 0x049f, 0xdfff, 0x049f, 0xdfff, 0x049f, 0xdfff, 0x049f, 0xdfff, 0x049f, 0xdfff, 0x049f, 0xdfff, 
  0xdfff, 0x049f, 0xdfff, 0x049f, 0xdfff, 0x049f, 0xdfff, 0x049f, 0xdfff, 0x049f, 0xdfff, 0x049f, 0xdfff, 0x049f, 0xdfff, 0x049f, 
  0x049f, 0xdfff, 0x049f, 0xdfff, 0x049f, 0xdfff, 0x049f, 0xdfff, 0x049f, 0xdfff, 0x049f, 0xdfff, 0x049f, 0xdfff, 0x049f, 0xdfff, 
  0xdfff, 0x049f, 0xdfff, 0x049f, 0xdfff, 0x049f, 0xdfff, 0x049f, 0xdfff, 0x049f, 0xdfff, 0x049f, 0xdfff, 0x049f, 0xdfff, 0x049f, 
  0x049f, 0xdfff, 0x049f, 0xdfff, 0x049f, 0xdfff, 0x049f, 0xdfff, 0x049f, 0xdfff, 0x049f, 0xdfff, 0x049f, 0xdfff, 0x049f, 0xdfff, 
  0xdfff, 0x049f, 0xdfff, 0x049f, 0xdfff, 0x049f, 0xdfff, 0x049f, 0xdfff, 0x049f, 0xdfff, 0x049f, 0xdfff, 0x049f, 0xdfff, 0x049f, 
  0x049f, 0xdfff, 0x049f, 0xdfff, 0x049f, 0xdfff, 0x049f, 0xdfff, 0x049f, 0xdfff, 0x049f, 0xdfff, 0x049f, 0xdfff, 0x049f, 0xdfff, 
  0xdfff, 0x049f, 0xdfff, 0x049f, 0xdfff, 0x049f, 0xdfff, 0x049f, 0xdfff, 0x049f, 0xdfff, 0x049f, 0xdfff, 0x049f, 0xdfff, 0x049f, 
  0x049f, 0xdfff, 0x049f, 0xdfff, 0x049f, 0xdfff, 0x049f, 0xdfff, 0x049f, 0xdfff, 0x049f, 0xdfff, 0x049f, 0xdfff, 0x049f, 0xdfff, 
  0xdfff, 0xdfff, 0xdfff, 0xdfff, 0xdfff, 0xdfff, 0xdfff, 0xdfff, 0xdfff, 0xdfff, 0xdfff, 0xdfff, 0xdfff, 0xdfff, 0xdfff, 0xdfff, 
  0xdfff, 0xdfff, 0xdfff, 0xdfff, 0xdfff, 0xdfff, 0xdfff, 0xdfff, 0xdfff, 0xdfff, 0xdfff, 0xdfff, 0xdfff, 0xdfff, 0xdfff, 0xdfff, 
  0xdfff, 0xdfff, 0xdfff, 0xdfff, 0xdfff, 0xdfff, 0xdfff, 0xdfff, 0xdfff, 0xdfff, 0xdfff, 0xdfff, 0xdfff, 0xdfff, 0xdfff, 0xdfff, 
  0xdfff, 0xdfff, 0xdfff, 0xdfff, 0xdfff, 0xdfff, 0xdfff, 0xdfff, 0xdfff, 0xdfff, 0xdfff, 0xdfff, 0xdfff, 0xdfff, 0xdfff, 0xdfff, 
  0xdfff, 0xdfff, 0xdfff, 0xdfff, 0xdfff, 0xdfff, 0xdfff, 0xdfff, 0xdfff, 0xdfff, 0xdfff, 0xdfff, 0xdfff, 0xdfff, 0xdfff, 0xdfff, 
  0xdfff, 0xdfff, 0xdfff, 0xdfff, 0xdfff, 0xdfff, 0xdfff, 0xdfff, 0xdfff, 0xdfff, 0xdfff, 0xdfff, 0xdfff, 0xdfff, 0xdfff, 0xdfff, 
  0xdfff, 0xdfff, 0xdfff, 0xdfff, 0xdfff, 0xdfff, 0xdfff, 0xdfff, 0xdfff, 0xdfff, 0xdfff, 0xdfff, 0xdfff, 0xdfff, 0xdfff, 0xdfff, 
  0xdfff, 0xdfff, 0xdfff, 0xdfff, 0xdfff, 0xdfff, 0xdfff, 0xdfff, 0xdfff, 0xdfff, 0xdfff, 0xdfff, 0xdfff, 0xdfff, 0xdfff, 0xdfff, 
  0xdfff, 0xdfff, 0xdfff, 0xdfff, 0xdfff, 0xdfff, 0xdfff, 0xdfff, 0xdfff, 0xdfff, 0xdfff, 0xdfff, 0xdfff, 0xdfff, 0xdfff, 0xdfff, 
  0xdfff, 0xdfff, 0xdfff, 0xdfff, 0xdfff, 0xdfff, 0xdfff, 0xdfff, 0xdfff, 0xdfff, 0xdfff, 0xdfff, 0xdfff, 0xdfff, 0xdfff, 0xdfff, 
  0xdfff, 0xdfff, 0xdfff, 0xdfff, 0xdfff, 0xdfff, 0xdfff, 0xdfff, 0xdfff, 0xdfff, 0xdfff, 0xdfff, 0xdfff, 0xdfff, 0xdfff, 0xdfff, 
  0xdfff, 0xdfff, 0xdfff, 0xdfff, 0xdfff, 0xdfff, 0xdfff, 0xdfff, 0xdfff, 0xdfff, 0xdfff, 0xdfff, 0xdfff, 0xdfff, 0xdfff, 0xdfff, 
  0xdfff, 0xdfff, 0xdfff, 0xdfff, 0xdfff, 0xdfff, 0xdfff, 0xdfff, 0xdfff, 0xdfff, 0xdfff, 0xdfff, 0xdfff, 0xdfff, 0xdfff, 0xdfff, 
  0xdfff, 0xdfff, 0xdfff, 0xdfff, 0xdfff, 0xdfff, 0xdfff, 0xdfff, 0xdfff, 0xdfff, 0xdfff, 0xdfff, 0xdfff, 0xdfff, 0xdfff, 0xdfff, 
  0xdfff, 0xdfff, 0xdfff, 0xdfff, 0xdfff, 0xdfff, 0xdfff, 0xdfff, 0xdfff, 0xdfff, 0xdfff, 0xdfff, 0xdfff, 0xdfff, 0xdfff, 0xdfff, 
  0xdfff, 0xdfff, 0xdfff, 0xdfff, 0xdfff, 0xdfff, 0xdfff, 0xdfff, 0xdfff, 0xdfff, 0xdfff, 0xdfff, 0xdfff, 0xdfff, 0xdfff, 0xdfff, 
  0xdedb, 0xdfff, 0xdedb, 0xdfff, 0xdedb, 0xdfff, 0xdedb, 0xdfff, 0xdedb, 0xdfff, 0xdedb, 0xdfff, 0xdedb, 0xdfff, 0xdedb, 0xdfff, 
  0xdfff, 0xdedb, 0xdfff, 0xdedb, 0xdfff, 0xdedb, 0xdfff, 0xdedb, 0xdfff, 0xdedb, 0xdfff, 0xdedb, 0xdfff, 0xdedb, 0xdfff, 0xdedb, 
  0xdedb, 0xdfff, 0xdedb, 0xdfff, 0xdedb, 0xdfff, 0xdedb, 0xdfff, 0xdedb, 0xdfff, 0xdedb, 0xdfff, 0xdedb, 0xdfff, 0xdedb, 0xdfff, 
  0xdfff, 0xdedb, 0xdfff, 0xdedb, 0xdfff, 0xdedb, 0xdfff, 0xdedb, 0xdfff, 0xdedb, 0xdfff, 0xdedb, 0xdfff, 0xdedb, 0xdfff, 0xdedb, 
  0xdedb, 0xdfff, 0xdedb, 0xdfff, 0xdedb, 0xdfff, 0xdedb, 0xdfff, 0xdedb, 0xdfff, 0xdedb, 0xdfff, 0xdedb, 0xdfff, 0xdedb, 0xdfff, 
  0xdfff, 0xdedb, 0xdfff, 0xdedb, 0xdfff, 0xdedb, 0xdfff, 0xdedb, 0xdfff, 0xdedb, 0xdfff, 0xdedb, 0xdfff, 0xdedb, 0xdfff, 0xdedb, 
  0xdedb, 0xdfff, 0xdedb, 0xdfff, 0xdedb, 0xdfff, 0xdedb, 0xdfff, 0xdedb, 0xdfff, 0xdedb, 0xdfff, 0xdedb, 0xdfff, 0xdedb, 0xdfff, 
  0xdfff, 0xdedb, 0xdfff, 0xdedb, 0xdfff, 0xdedb, 0xdfff, 0xdedb, 0xdfff, 0xdedb, 0xdfff, 0xdedb, 0xdfff, 0xdedb, 0xdfff, 0xdedb, 
  0xdedb, 0xdfff, 0xdedb, 0xdfff, 0xdedb, 0xdfff, 0xdedb, 0xdfff, 0xdedb, 0xdfff, 0xdedb, 0xdfff, 0xdedb, 0xdfff, 0xdedb, 0xdfff, 
  0xdfff, 0xdedb, 0xdfff, 0xdedb, 0xdfff, 0xdedb, 0xdfff, 0xdedb, 0xdfff, 0xdedb, 0xdfff, 0xdedb, 0xdfff, 0xdedb, 0xdfff, 0xdedb, 
  0xdedb, 0xdfff, 0xdedb, 0xdfff, 0xdedb, 0xdfff, 0xdedb, 0xdfff, 0xdedb, 0xdfff, 0xdedb, 0xdfff, 0xdedb, 0xdfff, 0xdedb, 0xdfff, 
  0xdfff, 0xdedb, 0xdfff, 0xdedb, 0xdfff, 0xdedb, 0xdfff, 0xdedb, 0xdfff, 0xdedb, 0xdfff, 0xdedb, 0xdfff, 0xdedb, 0xdfff, 0xdedb, 
  0xdedb, 0xdfff, 0xdedb, 0xdfff, 0xdedb, 0xdfff, 0xdedb, 0xdfff, 0xdedb, 0xdfff, 0xdedb, 0xdfff, 0xdedb, 0xdfff, 0xdedb, 0xdfff, 
  0xdfff, 0xdedb, 0xdfff, 0xdedb, 0xdfff, 0xdedb, 0xdfff, 0xdedb, 0xdfff, 0xdedb, 0xdfff, 0xdedb, 0xdfff, 0xdedb, 0xdfff, 0xdedb, 
  0xdedb, 0xdfff, 0xdedb, 0xdfff, 0xdedb, 0xdfff, 0xdedb, 0xdfff, 0xdedb, 0xdfff, 0xdedb, 0xdfff, 0xdedb, 0xdfff, 0xdedb, 0xdfff, 
  0xdfff, 0xdedb, 0xdfff, 0xdedb, 0xdfff, 0xdedb, 0xdfff, 0xdedb, 0xdfff, 0xdedb, 0xdfff, 0xdedb, 0xdfff, 0xdedb, 0xdfff, 0xdedb, 
  0xded6, 0xdedb, 0xded6, 0xdedb, 0xded6, 0xdedb, 0xded6, 0xdedb, 0xded6, 0xdedb, 0xded6, 0xdedb, 0xded6, 0xdedb, 0xded6, 0xdedb, 
  0xdedb, 0xded6, 0xdedb, 0xded6, 0xdedb, 0xded6, 0xdedb, 0xded6, 0xdedb, 0xded6, 0xdedb, 0xded6, 0xdedb, 0xded6, 0xdedb, 0xded6, 
  0xded6, 0xdedb, 0xded6, 0xdedb, 0xded6, 0xdedb, 0xded6, 0xdedb, 0xded6, 0xdedb, 0xded6, 0xdedb, 0xded6, 0xdedb, 0xded6, 0xdedb, 
  0xdedb, 0xded6, 0xdedb, 0xded6, 0xdedb, 0xded6, 0xdedb, 0xded6, 0xdedb, 0xded6, 0xdedb, 0xded6, 0xdedb, 0xded6, 0xdedb, 0xded6, 
  0xded6, 0xdedb, 0xded6, 0xdedb, 0xded6, 0xdedb, 0xded6, 0xdedb, 0xded6, 0xdedb, 0xded6, 0xdedb, 0xded6, 0xdedb, 0xded6, 0xdedb, 
  0xdedb, 0xded6, 0xdedb, 0xded6, 0xdedb, 0xded6, 0xdedb, 0xded6, 0xdedb, 0xded6, 0xdedb, 0xded6, 0xdedb, 0xded6, 0xdedb, 0xded6, 
  0xded6, 0xdedb, 0xded6, 0xdedb, 0xded6, 0xdedb, 0xded6, 0xdedb, 0xded6, 0xdedb, 0xded6, 0xdedb, 0xded6, 0xdedb, 0xded6, 0xdedb, 
  0xdedb, 0xded6, 0xdedb, 0xded6, 0xdedb, 0xded6, 0xdedb, 0xded6, 0xdedb, 0xded6, 0xdedb, 0xded6, 0xdedb, 0xded6, 0xdedb, 0xded6, 
  0xded6, 0xdedb, 0xded6, 0xdedb, 0xded6, 0xdedb, 0xded6, 0xdedb, 0xded6, 0xdedb, 0xded6, 0xdedb, 0xded6, 0xdedb, 0xded6, 0xdedb, 
  0xdedb, 0xded6, 0xdedb, 0xded6, 0xdedb, 0xded6, 0xdedb, 0xded6, 0xdedb, 0xded6, 0xdedb, 0xded6, 0xdedb, 0xded6, 0xdedb, 0xded6, 
  0xded6, 0xdedb, 0xded6, 0xdedb, 0xded6, 0xdedb, 0xded6, 0xdedb, 0xded6, 0xdedb, 0xded6, 0xdedb, 0xded6, 0xdedb, 0xded6, 0xdedb, 
  0xdedb, 0xded6, 0xdedb, 0xded6, 0xdedb, 0xded6, 0xdedb, 0xded6, 0xdedb, 0xded6, 0xdedb, 0xded6, 0xdedb, 0xded6, 0xdedb, 0xded6, 
  0xded6, 0xdedb, 0xded6, 0xdedb, 0xded6, 0xdedb, 0xded6, 0xdedb, 0xded6, 0xdedb, 0xded6, 0xdedb, 0xded6, 0xdedb, 0xded6, 0xdedb, 
  0xdedb, 0xded6, 0xdedb, 0xded6, 0xdedb, 0xded6, 0xdedb, 0xded6, 0xdedb, 0xded6, 0xdedb, 0xded6, 0xdedb, 0xded6, 0xdedb, 0xded6, 
  0xded6, 0xdedb, 0xded6, 0xdedb, 0xded6, 0xdedb, 0xded6, 0xdedb, 0xded6, 0xdedb, 0xded6, 0xdedb, 0xded6, 0xdedb, 0xded6, 0xdedb, 
  0xdedb, 0xded6, 0xdedb, 0xded6, 0xdedb, 0xded6, 0xdedb, 0xded6, 0xdedb, 0xded6, 0xdedb, 0xded6, 0xdedb, 0xded6, 0xdedb, 0xded6, 
  0xded6, 0xded6, 0xded6, 0xded6, 0xded6, 0xded6, 0xded6, 0xded6, 0xded6, 0xded6, 0xded6, 0xded6, 0xded6, 0xded6, 0xded6, 0xded6, 
  0xded6, 0xded6, 0xded6, 0xded6, 0xded6, 0xded6, 0xded6, 0xded6, 0xded6, 0xded6, 0xded6, 0xded6, 0xded6, 0xded6, 0xded6, 0xded6, 
  0xded6, 0xded6, 0xded6, 0xded6, 0xded6, 0xded6, 0xded6, 0xded6, 0xded6, 0xded6, 0xded6, 0xded6, 0xded6, 0xded6, 0xded6, 0xded6, 
  0xded6, 0xded6, 0xded6, 0xded6, 0xded6, 0xded6, 0xded6, 0xded6, 0xded6, 0xded6, 0xded6, 0xded6, 0xded6, 0xded6, 0xded6, 0xded6, 
  0xded6, 0xded6, 0xded6, 0xded6, 0xded6, 0xded6, 0xded6, 0xded6, 0xded6, 0xded6, 0xded6, 0xded6, 0xded6, 0xded6, 0xded6, 0xded6, 
  0xded6, 0xded6, 0xded6, 0xded6, 0xded6, 0xded6, 0xded6, 0xded6, 0xded6, 0xded6, 0xded6, 0xded6, 0xded6, 0xded6, 0xded6, 0xded6, 
  0xded6, 0xded6, 0xded6, 0xded6, 0xded6, 0xded6, 0xded6, 0xded6, 0xded6, 0xded6, 0xded6, 0xded6, 0xded6, 0xded6, 0xded6, 0xded6, 
  0xded6, 0xded6, 0xded6, 0xded6, 0xded6, 0xded6, 0xded6, 0xded6, 0xded6, 0xded6, 0xded6, 0xded6, 0xded6, 0xded6, 0xded6, 0xded6, 
  0xded6, 0xded6, 0xded6, 0xded6, 0xded6, 0xded6, 0xded6, 0xded6, 0xded6, 0xded6, 0xded6, 0xded6, 0xded6, 0xded6, 0xded6, 0xded6, 
  0xded6, 0xded6, 0xded6, 0xded6, 0xded6, 0xded6, 0xded6, 0xded6, 0xded6, 0xded6, 0xded6, 0xded6, 0xded6, 0xded6, 0xded6, 0xded6, 
  0xded6, 0xded6, 0xded6, 0xded6, 0xded6, 0xded6, 0xded6, 0xded6, 0xded6, 0xded6, 0xded6, 0xded6, 0xded6, 0xded6, 0xded6, 0xded6, 
  0xded6, 0xded6, 0xded6, 0xded6, 0xded6, 0xded6, 0xded6, 0xded6, 0xded6, 0xded6, 0xded6, 0xded6, 0xded6, 0xded6, 0xded6, 0xded6, 
  0xded6, 0xded6, 0xded6, 0xded6, 0xded6, 0xded6, 0xded6, 0xded6, 0xded6, 0xded6, 0xded6, 0xded6, 0xded6, 0xded6, 0xded6, 0xded6, 
  0xded6, 0xded6, 0xded6, 0xded6, 0xded6, 0xded6, 0xded6, 0xded6, 0xded6, 0xded6, 0xded6, 0xded6, 0xded6, 0xded6, 0xded6, 0xded6, 
  0xded6, 0xded6, 0xded6, 0xded6, 0xded6, 0xded6, 0xded6, 0xded6, 0xded6, 0xded6, 0xded6, 0xded6, 0xded6, 0xded6, 0xded6, 0xded6, 
  0xded6, 0xded6, 0xded6, 0xded6, 0xded6, 0xded6, 0xded6, 0xded6, 0xded6, 0xded6, 0xded6, 0xded6, 0xded6, 0xded6, 0xded6, 0xded6, 
  0x8d6d, 0xded6, 0x8d6d, 0xded6, 0x8d6d, 0xded6, 0x8d6d, 0xded6, 0x8d6d, 0xded6, 0x8d6d, 0xded6, 0x8d6d, 0xded6, 0x8d6d, 0xded6, 
  0xded6, 0x8d6d, 0xded6, 0x8d6d, 0xded6, 0x8d6d, 0xded6, 0x8d6d, 0xded6, 0x8d6d, 0xded6, 0x8d6d, 0xded6, 0x8d6d, 0xded6, 0x8d6d, 
  0x8d6d, 0xded6, 0x8d6d, 0xded6, 0x8d6d, 0xded6, 0x8d6d, 0xded6, 0x8d6d, 0xded6, 0x8d6d, 0xded6, 0x8d6d, 0xded6, 0x8d6d, 0xded6, 
  0xded6, 0x8d6d, 0xded6, 0x8d6d, 0xded6, 0x8d6d, 0xded6, 0x8d6d, 0xded6, 0x8d6d, 0xded6, 0x8d6d, 0xded6, 0x8d6d, 0xded6, 0x8d6d, 
  0x8d6d, 0xded6, 0x8d6d, 0xded6, 0x8d6d, 0xded6, 0x8d6d, 0xded6, 0x8d6d, 0xded6, 0x8d6d, 0xded6, 0x8d6d, 0xded6, 0x8d6d, 0xded6, 
  0xded6, 0x8d6d, 0xded6, 0x8d6d, 0xded6, 0x8d6d, 0xded6, 0x8d6d, 0xded6, 0x8d6d, 0xded6, 0x8d6d, 0xded6, 0x8d6d, 0xded6, 0x8d6d, 
  0x8d6d, 0xded6, 0x8d6d, 0xded6, 0x8d6d, 0xded6, 0x8d6d, 0xded6, 0x8d6d, 0xded6, 0x8d6d, 0xded6, 0x8d6d, 0xded6, 0x8d6d, 0xded6, 
  0xded6, 0x8d6d, 0xded6, 0x8d6d, 0xded6, 0x8d6d, 0xded6, 0x8d6d, 0xded6, 0x8d6d, 0xded6, 0x8d6d, 0xded6, 0x8d6d, 0xded6, 0x8d6d, 
  0x8d6d, 0xded6, 0x8d6d, 0xded6, 0x8d6d, 0xded6, 0x8d6d, 0xded6, 0x8d6d, 0xded6, 0x8d6d, 0xded6, 0x8d6d, 0xded6, 0x8d6d, 0xded6, 
  0xded6, 0x8d6d, 0xded6, 0x8d6d, 0xded6, 0x8d6d, 0xded6, 0x8d6d, 0xded6, 0x8d6d, 0xded6, 0x8d6d, 0xded6, 0x8d6d, 0xded6, 0x8d6d, 
  0x8d6d, 0xded6, 0x8d6d, 0xded6, 0x8d6d, 0xded6, 0x8d6d, 0xded6, 0x8d6d, 0xded6, 0x8d6d, 0xded6, 0x8d6d, 0xded6, 0x8d6d, 0xded6, 
  0xded6, 0x8d6d, 0xded6, 0x8d6d, 0xded6, 0x8d6d, 0xded6, 0x8d6d, 0xded6, 0x8d6d, 0xded6, 0x8d6d, 0xded6, 0x8d6d, 0xded6, 0x8d6d, 
  0x8d6d, 0xded6, 0x8d6d, 0xded6, 0x8d6d, 0xded6, 0x8d6d, 0xded6, 0x8d6d, 0xded6, 0x8d6d, 0xded6, 0x8d6d, 0xded6, 0x8d6d, 0xded6, 
  0xded6, 0x8d6d, 0xded6, 0x8d6d, 0xded6, 0x8d6d, 0xded6, 0x8d6d, 0xded6, 0x8d6d, 0xded6, 0x8d6d, 0xded6, 0x8d6d, 0xded6, 0x8d6d, 
  0x8d6d, 0xded6, 0x8d6d, 0xded6, 0x8d6d, 0xded6, 0x8d6d, 0xded6, 0x8d6d, 0xded6, 0x8d6d, 0xded6, 0x8d6d, 0xded6, 0x8d6d, 0xded6, 
  0xded6, 0x8d6d, 0xded6, 0x8d6d, 0xded6, 0x8d6d, 0xded6, 0x8d6d, 0xded6, 0x8d6d, 0xded6, 0x8d6d, 0xded6, 0x8d6d, 0xded6, 0x8d6d, 
  0x8d6d, 0x8d6d, 0x8d6d, 0x8d6d, 0x8d6d, 0x8d6d, 0x8d6d, 0x8d6d, 0x8d6d, 0x8d6d, 0x8d6d, 0x8d6d, 0x8d6d, 0x8d6d, 0x8d6d, 0x8d6d, 
  0x8d6d, 0x8d6d, 0x8d6d, 0x8d6d, 0x8d6d, 0x8d6d, 0x8d6d, 0x8d6d, 0x8d6d, 0x8d6d, 0x8d6d, 0x8d6d, 0x8d6d, 0x8d6d, 0x8d6d, 0x8d6d, 
  0x8d6d, 0x8d6d, 0x8d6d, 0x8d6d, 0x8d6d, 0x8d6d, 0x8d6d, 0x8d6d, 0x8d6d, 0x8d6d, 0x8d6d, 0x8d6d, 0x8d6d, 0x8d6d, 0x8d6d, 0x8d6d, 
  0x8d6d, 0x8d6d, 0x8d6d, 0x8d6d, 0x8d6d, 0x8d6d, 0x8d6d, 0x8d6d, 0x8d6d, 0x8d6d, 0x8d6d, 0x8d6d, 0x8d6d, 0x8d6d, 0x8d6d, 0x8d6d, 
  0x8d6d, 0x8d6d, 0x8d6d, 0x8d6d, 0x8d6d, 0x8d6d, 0x8d6d, 0x8d6d, 0x8d6d, 0x8d6d, 0x8d6d, 0x8d6d, 0x8d6d, 0x8d6d, 0x8d6d, 0x8d6d, 
  0x8d6d, 0x8d6d, 0x8d6d, 0x8d6d, 0x8d6d, 0x8d6d, 0x8d6d, 0x8d6d, 0x8d6d, 0x8d6d, 0x8d6d, 0x8d6d, 0x8d6d, 0x8d6d, 0x8d6d, 0x8d6d, 
  0x8d6d, 0x8d6d, 0x8d6d, 0x8d6d, 0x8d6d, 0x8d6d, 0x8d6d, 0x8d6d, 0x8d6d, 0x8d6d, 0x8d6d, 0x8d6d, 0x8d6d, 0x8d6d, 0x8d6d, 0x8d6d, 
  0x8d6d, 0x8d6d, 0x8d6d, 0x8d6d, 0x8d6d, 0x8d6d, 0x8d6d, 0x8d6d, 0x8d6d, 0x8d6d, 0x8d6d, 0x8d6d, 0x8d6d, 0x8d6d, 0x8d6d, 0x8d6d, 
  0x8d6d, 0x8d6d, 0x8d6d, 0x8d6d, 0x8d6d, 0x8d6d, 0x8d6d, 0x8d6d, 0x8d6d, 0x8d6d, 0x8d6d, 0x8d6d, 0x8d6d, 0x8d6d, 0x8d6d, 0x8d6d, 
  0x8d6d, 0x8d6d, 0x8d6d, 0x8d6d, 0x8d6d, 0x8d6d, 0x8d6d, 0x8d6d, 0x8d6d, 0x8d6d, 0x8d6d, 0x8d6d, 0x8d6d, 0x8d6d, 0x8d6d, 0x8d6d, 
  0x8d6d, 0x8d6d, 0x8d6d, 0x8d6d, 0x8d6d, 0x8d6d, 0x8d6d, 0x8d6d, 0x8d6d, 0x8d6d, 0x8d6d, 0x8d6d, 0x8d6d, 0x8d6d, 0x8d6d, 0x8d6d, 
  0x8d6d, 0x8d6d, 0x8d6d, 0x8d6d, 0x8d6d, 0x8d6d, 0x8d6d, 0x8d6d, 0x8d6d, 0x8d6d, 0x8d6d, 0x8d6d, 0x8d6d, 0x8d6d, 0x8d6d, 0x8d6d, 
  0x8d6d, 0x8d6d, 0x8d6d, 0x8d6d, 0x8d6d, 0x8d6d, 0x8d6d, 0x8d6d, 0x8d6d, 0x8d6d, 0x8d6d, 0x8d6d, 0x8d6d, 0x8d6d, 0x8d6d, 0x8d6d, 
  0x8d6d, 0x8d6d, 0x8d6d, 0x8d6d, 0x8d6d, 0x8d6d, 0x8d6d, 0x8d6d, 0x8d6d, 0x8d6d, 0x8d6d, 0x8d6d, 0x8d6d, 0x8d6d, 0x8d6d, 0x8d6d, 
  0x8d6d, 0x8d6d, 0x8d6d, 0x8d6d, 0x8d6d, 0x8d6d, 0x8d6d, 0x8d6d, 0x8d6d, 0x8d6d, 0x8d6d, 0x8d6d, 0x8d6d, 0x8d6d, 0x8d6d, 0x8d6d, 
  0x8d6d, 0x8d6d, 0x8d6d, 0x8d6d, 0x8d6d, 0x8d6d, 0x8d6d, 0x8d6d, 0x8d6d, 0x8d6d, 0x8d6d, 0x8d6d, 0x8d6d, 0x8d6d, 0x8d6d, 0x8d6d, 
  0x8d6d, 0x4429, 0x8d6d, 0x4429, 0x8d6d, 0x4429, 0x8d6d, 0x4429, 0x8d6d, 0x4429, 0x8d6d, 0x4429, 0x8d6d, 0x4429, 0x8d6d, 0x4429, 
  0x4429, 0x8d6d, 0x4429, 0x8d6d, 0x4429, 0x8d6d, 0x4429, 0x8d6d, 0x4429, 0x8d6d, 0x4429, 0x8d6d, 0x4429, 0x8d6d, 0x4429, 0x8d6d, 
  0x8d6d, 0x4429, 0x8d6d, 0x4429, 0x8d6d, 0x4429, 0x8d6d, 0x4429, 0x8d6d, 0x4429, 0x8d6d, 0x4429, 0x8d6d, 0x4429, 0x8d6d, 0x4429, 
  0x4429, 0x8d6d, 0x4429, 0x8d6d, 0x4429, 0x8d6d, 0x4429, 0x8d6d, 0x4429, 0x8d6d, 0x4429, 0x8d6d, 0x4429, 0x8d6d, 0x4429, 0x8d6d, 
  0x8d6d, 0x4429, 0x8d6d, 0x4429, 0x8d6d, 0x4429, 0x8d6d, 0x4429, 0x8d6d, 0x4429, 0x8d6d, 0x4429, 0x8d6d, 0x4429, 0x8d6d, 0x4429, 
  0x4429, 0x8d6d, 0x4429, 0x8d6d, 0x4429, 0x8d6d, 0x4429, 0x8d6d, 0x4429, 0x8d6d, 0x4429, 0x8d6d, 0x4429, 0x8d6d, 0x4429, 0x8d6d, 
  0x8d6d, 0x4429, 0x8d6d, 0x4429, 0x8d6d, 0x4429, 0x8d6d, 0x4429, 0x8d6d, 0x4429, 0x8d6d, 0x4429, 0x8d6d, 0x4429, 0x8d6d, 0x4429, 
  0x4429, 0x8d6d, 0x4429, 0x8d6d, 0x4429, 0x8d6d, 0x4429, 0x8d6d, 0x4429, 0x8d6d, 0x4429, 0x8d6d, 0x4429, 0x8d6d, 0x4429, 0x8d6d, 
  0x8d6d, 0x4429, 0x8d6d, 0x4429, 0x8d6d, 0x4429, 0x8d6d, 0x4429, 0x8d6d, 0x4429, 0x8d6d, 0x4429, 0x8d6d, 0x4429, 0x8d6d, 0x4429, 
  0x4429, 0x8d6d, 0x4429, 0x8d6d, 0x4429, 0x8d6d, 0x4429, 0x8d6d, 0x4429, 0x8d6d, 0x4429, 0x8d6d, 0x4429, 0x8d6d, 0x4429, 0x8d6d, 
  0x8d6d, 0x4429, 0x8d6d, 0x4429, 0x8d6d, 0x4429, 0x8d6d, 0x4429, 0x8d6d, 0x4429, 0x8d6d, 0x4429, 0x8d6d, 0x4429, 0x8d6d, 0x4429, 
  0x4429, 0x8d6d, 0x4429, 0x8d6d, 0x4429, 0x8d6d, 0x4429, 0x8d6d, 0x4429, 0x8d6d, 0x4429, 0x8d6d, 0x4429, 0x8d6d, 0x4429, 0x8d6d, 
  0x8d6d, 0x4429, 0x8d6d, 0x4429, 0x8d6d, 0x4429, 0x8d6d, 0x4429, 0x8d6d, 0x4429, 0x8d6d, 0x4429, 0x8d6d, 0x4429, 0x8d6d, 0x4429, 
  0x4429, 0x8d6d, 0x4429, 0x8d6d, 0x4429, 0x8d6d, 0x4429, 0x8d6d, 0x4429, 0x8d6d, 0x4429, 0x8d6d, 0x4429, 0x8d6d, 0x4429, 0x8d6d, 
  0x8d6d, 0x4429, 0x8d6d, 0x4429, 0x8d6d, 0x4429, 0x8d6d, 0x4429, 0x8d6d, 0x4429, 0x8d6d, 0x4429, 0x8d6d, 0x4429, 0x8d6d, 0x4429, 
  0x4429, 0x8d6d, 0x4429, 0x8d6d, 0x4429, 0x8d6d, 0x4429, 0x8d6d, 0x4429, 0x8d6d, 0x4429, 0x8d6d, 0x4429, 0x8d6d, 0x4429, 0x8d6d, 
  0x4429, 0x4429, 0x4429, 0x4429, 0x4429, 0x4429, 0x4429, 0x4429, 0x4429, 0x4429, 0x4429, 0x4429, 0x4429, 0x4429, 0x4429, 0x4429, 
  0x4429, 0x4429, 0x4429, 0x4429, 0x4429, 0x4429, 0x4429, 0x4429, 0x4429, 0x4429, 0x4429, 0x4429, 0x4429, 0x4429, 0x4429, 0x4429, 
  0x4429, 0x4429, 0x4429, 0x4429, 0x4429, 0x4429, 0x4429, 0x4429, 0x4429, 0x4429, 0x4429, 0x4429, 0x4429, 0x4429, 0x4429, 0x4429, 
  0x4429, 0x4429, 0x4429, 0x4429, 0x4429, 0x4429, 0x4429, 0x4429, 0x4429, 0x4429, 0x4429, 0x4429, 0x4429, 0x4429, 0x4429, 0x4429, 
  0x4429, 0x4429, 0x4429, 0x4429, 0x4429, 0x4429, 0x4429, 0x4429, 0x4429, 0x4429, 0x4429, 0x4429, 0x4429, 0x4429, 0x4429, 0x4429, 
  0x4429, 0x4429, 0x4429, 0x4429, 0x4429, 0x4429, 0x4429, 0x4429, 0x4429, 0x4429, 0x4429, 0x4429, 0x4429, 0x4429, 0x4429, 0x4429, 
  0x4429, 0x4429, 0x4429, 0x4429, 0x4429, 0x4429, 0x4429, 0x4429, 0x4429, 0x4429, 0x4429, 0x4429, 0x4429, 0x4429, 0x4429, 0x4429, 
  0x4429, 0x4429, 0x4429, 0x4429, 0x4429, 0x4429, 0x4429, 0x4429, 0x4429, 0x4429, 0x4429, 0x4429, 0x4429, 0x4429, 0x4429, 0x4429, 
  0x4429, 0x4429, 0x4429, 0x4429, 0x4429, 0x4429, 0x4429, 0x4429, 0x4429, 0x4429, 0x4429, 0x4429, 0x4429, 0x4429, 0x4429, 0x4429, 
  0x4429, 0x4429, 0x4429, 0x4429, 0x4429, 0x4429, 0x4429, 0x4429, 0x4429, 0x4429, 0x4429, 0x4429, 0x4429, 0x4429, 0x4429, 0x4429, 
  0x4429, 0x4429, 0x4429, 0x4429, 0x4429, 0x4429, 0x4429, 0x4429, 0x4429, 0x4429, 0x4429, 0x4429, 0x4429, 0x4429, 0x4429, 0x4429, 
  0x4429, 0x4429, 0x4429, 0x4429, 0x4429, 0x4429, 0x4429, 0x4429, 0x4429, 0x4429, 0x4429, 0x4429, 0x4429, 0x4429, 0x4429, 0x4429, 
  0x4429, 0x4429, 0x4429, 0x4429, 0x4429, 0x4429, 0x4429, 0x4429, 0x4429, 0x4429, 0x4429, 0x4429, 0x4429, 0x4429, 0x4429, 0x4429, 
  0x4429, 0x4429, 0x4429, 0x4429, 0x4429, 0x4429, 0x4429, 0x4429, 0x4429, 0x4429, 0x4429, 0x4429, 0x4429, 0x4429, 0x4429, 0x4429, 
  0x4429, 0x4429, 0x4429, 0x4429, 0x4429, 0x4429, 0x4429, 0x4429, 0x4429, 0x4429, 0x4429, 0x4429, 0x4429, 0x4429, 0x4429, 0x4429, 
  0x4429, 0x4429, 0x4429, 0x4429, 0x4429, 0x4429, 0x4429, 0x4429, 0x4429, 0x4429, 0x4429, 0x4429, 0x4429, 0x4429, 0x4429, 0x4429, 
  0x0368, 0x4429, 0x0368, 0x4429, 0x0368, 0x4429, 0x0368, 0x4429, 0x0368, 0x4429, 0x0368, 0x4429, 0x0368, 0x4429, 0x0368, 0x4429, 
  0x4429, 0x0368, 0x4429, 0x0368, 0x4429, 0x0368, 0x4429, 0x0368, 0x4429, 0x0368, 0x4429, 0x0368, 0x4429, 0x0368, 0x4429, 0x0368, 
  0x0368, 0x4429, 0x0368, 0x4429, 0x0368, 0x4429, 0x0368, 0x4429, 0x0368, 0x4429, 0x0368, 0x4429, 0x0368, 0x4429, 0x0368, 0x4429, 
  0x4429, 0x0368, 0x4429, 0x0368, 0x4429, 0x0368, 0x4429, 0x0368, 0x4429, 0x0368, 0x4429, 0x0368, 0x4429, 0x0368, 0x4429, 0x0368, 
  0x0368, 0x4429, 0x0368, 0x4429, 0x0368, 0x4429, 0x0368, 0x4429, 0x0368, 0x4429, 0x0368, 0x4429, 0x0368, 0x4429, 0x0368, 0x4429, 
  0x4429, 0x0368, 0x4429, 0x0368, 0x4429, 0x0368, 0x4429, 0x0368, 0x4429, 0x0368, 0x4429, 0x0368, 0x4429, 0x0368, 0x4429, 0x0368, 
  0x0368, 0x4429, 0x0368, 0x4429, 0x0368, 0x4429, 0x0368, 0x4429, 0x0368, 0x4429, 0x0368, 0x4429, 0x0368, 0x4429, 0x0368, 0x4429, 
  0x4429, 0x0368, 0x4429, 0x0368, 0x4429, 0x0368, 0x4429, 0x0368, 0x4429, 0x0368, 0x4429, 0x0368, 0x4429, 0x0368, 0x4429, 0x0368, 
  0x0368, 0x4429, 0x0368, 0x4429, 0x0368, 0x4429, 0x0368, 0x4429, 0x0368, 0x4429, 0x0368, 0x4429, 0x0368, 0x4429, 0x0368, 0x4429, 
  0x4429, 0x0368, 0x4429, 0x0368, 0x4429, 0x0368, 0x4429, 0x0368, 0x4429, 0x0368, 0x4429, 0x0368, 0x4429, 0x0368, 0x4429, 0x0368, 
  0x0368, 0x4429, 0x0368, 0x4429, 0x0368, 0x4429, 0x0368, 0x4429, 0x0368, 0x4429, 0x0368, 0x4429, 0x0368, 0x4429, 0x0368, 0x4429, 
  0x4429, 0x0368, 0x4429, 0x0368, 0x4429, 0x0368, 0x4429, 0x0368, 0x4429, 0x0368, 0x4429, 0x0368, 0x4429, 0x0368, 0x4429, 0x0368, 
  0x0368, 0x4429, 0x0368, 0x4429, 0x0368, 0x4429, 0x0368, 0x4429, 0x0368, 0x4429, 0x0368, 0x4429, 0x0368, 0x4429, 0x0368, 0x4429, 
  0x4429, 0x0368, 0x4429, 0x0368, 0x4429, 0x0368, 0x4429, 0x0368, 0x4429, 0x0368, 0x4429, 0x0368, 0x4429, 0x0368, 0x4429, 0x0368, 
  0x0368, 0x4429, 0x0368, 0x4429, 0x0368, 0x4429, 0x0368, 0x4429, 0x0368, 0x4429, 0x0368, 0x4429, 0x0368, 0x4429, 0x0368, 0x4429, 
  0x4429, 0x0368, 0x4429, 0x0368, 0x4429, 0x0368, 0x4429, 0x0368, 0x4429, 0x0368, 0x4429, 0x0368, 0x4429, 0x0368, 0x4429, 0x0368, 
  0x0368, 0x4429, 0x0368, 0x4429, 0x0368, 0x4429, 0x0368, 0x4429, 0x0368, 0x4429, 0x0368, 0x4429, 0x0368, 0x4429, 0x0368, 0x4429, 
  0x4429, 0x0368, 0x4429, 0x0368, 0x4429, 0x0368, 0x4429, 0x0368, 0x4429, 0x0368, 0x4429, 0x0368, 0x4429, 0x0368, 0x4429, 0x0368, 
  0x0368, 0x4429, 0x0368, 0x4429, 0x0368, 0x4429, 0x0368, 0x4429, 0x0368, 0x4429, 0x0368, 0x4429, 0x0368, 0x4429, 0x0368, 0x4429, 
  0x4429, 0x0368, 0x4429, 0x0368, 0x4429, 0x0368, 0x4429, 0x0368, 0x4429, 0x0368, 0x4429, 0x0368, 0x4429, 0x0368, 0x4429, 0x0368, 
  0x0368, 0x4429, 0x0368, 0x4429, 0x0368, 0x4429, 0x0368, 0x4429, 0x0368, 0x4429, 0x0368, 0x4429, 0x0368, 0x4429, 0x0368, 0x4429, 
  0x4429, 0x0368, 0x4429, 0x0368, 0x4429, 0x0368, 0x4429, 0x0368, 0x4429, 0x0368, 0x4429, 0x0368, 0x4429, 0x0368, 0x4429, 0x0368, 
  0x0368, 0x0368, 0x0368, 0x0368, 0x0368, 0x0368, 0x0368, 0x0368, 0x0368, 0x0368, 0x0368, 0x0368, 0x0368, 0x0368, 0x0368, 0x0368, 
  0x0368, 0x0368, 0x0368, 0x0368, 0x0368, 0x0368, 0x0368, 0x0368, 0x0368, 0x0368, 0x0368, 0x0368, 0x0368, 0x0368, 0x0368, 0x0368, 
  0x0368, 0x0368, 0x0368, 0x0368, 0x0368, 0x0368, 0x0368, 0x0368, 0x0368, 0x0368, 0x0368, 0x0368, 0x0368, 0x0368, 0x0368, 0x0368, 
  0x0368, 0x0368, 0x0368, 0x0368, 0x0368, 0x0368, 0x0368, 0x0368, 0x0368, 0x0368, 0x0368, 0x0368, 0x0368, 0x0368, 0x0368, 0x0368, 
  0x0368, 0x0368, 0x0368, 0x0368, 0x0368, 0x0368, 0x0368, 0x0368, 0x0368, 0x0368, 0x0368, 0x0368, 0x0368, 0x0368, 0x0368, 0x0368, 
  0x0368, 0x0368, 0x0368, 0x0368, 0x0368, 0x0368, 0x0368, 0x0368, 0x0368, 0x0368, 0x0368, 0x0368, 0x0368, 0x0368, 0x0368, 0x0368, 
  0x0368, 0x0368, 0x0368, 0x0368, 0x0368, 0x0368, 0x0368, 0x0368, 0x0368, 0x0368, 0x0368, 0x0368, 0x0368, 0x0368, 0x0368, 0x0368, 
  0x0364, 0x0364, 0x0368, 0x0368, 0x0368, 0x0368, 0x0368, 0x0368, 0x2484, 0x2484, 0x0368, 0x0368, 0x0368, 0x0368, 0x0368, 0x0368, 
  0x2484, 0x0364, 0x0364, 0x0368, 0x0368, 0x0368, 0x0368, 0x4c89, 0x4c89, 0x2484, 0x2484, 0x0368, 0x0368, 0x0368, 0x0368, 0x2484, 
  0x4c89, 0x2484, 0x2484, 0x0364, 0x0368, 0x0368, 0x6da9, 0x6da9, 0x6da9, 0x4c89, 0x4c89, 0x2484, 0x0368, 0x0368, 0x4c89, 0x4c89, 
  0x4c89, 0x2484, 0x0364, 0x2484, 0x0368, 0x4c89, 0x6da9, 0x96cd, 0x6da9, 0x4c89, 0x2484, 0x4c89, 0x0368, 0x2484, 0x4c89, 0x6da9, 
  0x6da9, 0x6da9, 0x2484, 0x0364, 0x0364, 0x4c89, 0x96cd, 0x4c89, 0x96cd, 0x96cd, 0x4c89, 0x0364, 0x2484, 0x2484, 0x6da9, 0x2484, 
  0x4c89, 0x4c89, 0x2484, 0x0364, 0x4c89, 0x96cd, 0x96cd, 0x96cd, 0x6da9, 0x6da9, 0x4c89, 0x2484, 0x4c89, 0x6da9, 0x6da9, 0x6da9, 
  0x6da9, 0x4c89, 0x2484, 0x0364, 0x4c89, 0x96cd, 0x96cd, 0x96cd, 0x96cd, 0x6da9, 0x4c89, 0x2484, 0x0364, 0x6da9, 0x6da9, 0x6da9, 
  0x4c89, 0x2484, 0x4c89, 0x2484, 0x6da9, 0x6da9, 0x96cd, 0x96cd, 0x6da9, 0x4c89, 0x6da9, 0x4c89, 0x2484, 0x0364, 0x6da9, 0x6da9, 
  0x4c89, 0x4c89, 0x0364, 0x0364, 0x6da9, 0x96cd, 0x6da9, 0x6da9, 0x6da9, 0x6da9, 0x2484, 0x0364, 0x2484, 0x2484, 0x4c89, 0x4c89, 
  0x4c89, 0x2484, 0x2484, 0x4c89, 0x6da9, 0x96cd, 0x96cd, 0x96cd, 0x6da9, 0x4c89, 0x4c89, 0x2484, 0x2484, 0x2484, 0x6da9, 0x6da9, 
  0x4c89, 0x2484, 0x2484, 0x4c89, 0x6da9, 0x6da9, 0x6da9, 0x6da9, 0x6da9, 0x4c89, 0x4c89, 0x2484, 0x2484, 0x2484, 0x4c89, 0x4c89, 
  0x2484, 0x2484, 0x2484, 0x2484, 0x4c89, 0x6da9, 0x6da9, 0x6da9, 0x4c89, 0x4c89, 0x4c89, 0x2484, 0x2484, 0x2484, 0x4c89, 0x4c89, 
  0x2484, 0x2484, 0x0364, 0x0364, 0x4c89, 0x4c89, 0x4c89, 0x4c89, 0x4c89, 0x4c89, 0x2484, 0x2484, 0x2484, 0x2484, 0x2484, 0x2484, 
  0x2484, 0x0364, 0x0364, 0x0364, 0x2484, 0x2484, 0x4c89, 0x4c89, 0x4c89, 0x2484, 0x2484, 0x2484, 0x2484, 0x0364, 0x2484, 0x2484, 
  0x0364, 0x0364, 0x0364, 0x0364, 0x0364, 0x2484, 0x2484, 0x2484, 0x2484, 0x2484, 0x2484, 0x2484, 0x2484, 0x0364, 0x0364, 0x0364, 
  0x0364, 0x0364, 0x0364, 0x2129, 0x2129, 0x2129, 0x2484, 0x2484, 0x2484, 0x2484, 0x2484, 0x2129, 0x2129, 0x2129, 0x0364, 0x0364, 
  0xb129, 0xb129, 0x4a49, 0x4a49, 0x4a49, 0xb129, 0x4a49, 0x4a49, 0xb129, 0xb129, 0x4a49, 0x4a49, 0x4a49, 0xb129, 0x4a49, 0x4a49, 
  0xb129, 0x2129, 0x2129, 0x4a49, 0x4a49, 0x4a49, 0x2129, 0xa929, 0xa929, 0x2129, 0x2129, 0x4a49, 0x4a49, 0x4a49, 0x2129, 0xa929, 
  0xb129, 0x2129, 0x2129, 0x2129, 0x0124, 0x2129, 0x2129, 0x2129, 0xb129, 0x2129, 0x2129, 0x2129, 0x0124, 0x2129, 0x2129, 0x2129
};
// 'SPACE_ICON', 24x12px
const uint16_t SPACE_ICON [] PROGMEM = {
  0x001f, 0x001f, 0x001f, 0x1082, 0x1082, 0xf904, 0xf904, 0xf904, 0xf904, 0x1082, 0x001f, 0x001f, 0x001f, 0x001f, 0x001f, 0x1082, 
  0x1082, 0x6e88, 0x6e88, 0x6e88, 0x6e88, 0x1082, 0x001f, 0x001f, 0x001f, 0x001f, 0x1082, 0xf904, 0xf904, 0xf904, 0xfd80, 0xfd80, 
  0xfd80, 0xf904, 0x1082, 0x001f, 0x001f, 0x001f, 0x1082, 0x6e88, 0x6e88, 0x6e88, 0xfd80, 0xfd80, 0xfd80, 0x6e88, 0x1082, 0x001f, 
  0x001f, 0x1082, 0xf904, 0xf904, 0xa0c3, 0x1082, 0x1082, 0x1082, 0x1082, 0x1082, 0x1082, 0x1082, 0x001f, 0x1082, 0x6e88, 0x6e88, 
  0x2b82, 0x1082, 0x1082, 0x1082, 0x1082, 0x1082, 0x1082, 0x1082, 0x1082, 0xf904, 0xa0c3, 0xa0c3, 0x1082, 0x1082, 0x1082, 0x1082, 
  0x1082, 0x1082, 0x1082, 0x1082, 0x1082, 0x6e88, 0x2b82, 0x2b82, 0x1082, 0x1082, 0x1082, 0x1082, 0x1082, 0x1082, 0x1082, 0x1082, 
  0x1082, 0xa0c3, 0x1082, 0x1082, 0xfd8f, 0xffdf, 0xffdf, 0xfd8f, 0xffdf, 0xffdf, 0x1082, 0x1082, 0x1082, 0x2b82, 0x1082, 0x1082, 
  0xfd8f, 0xffdf, 0xffdf, 0xfd8f, 0xffdf, 0xffdf, 0x1082, 0x1082, 0x1082, 0x1082, 0x1082, 0xfd8f, 0xffdf, 0xffdf, 0x1082, 0xfd8f, 
  0x1082, 0xffdf, 0x1082, 0x001f, 0x1082, 0x1082, 0x1082, 0xfd8f, 0xffdf, 0xffdf, 0x1082, 0xfd8f, 0x1082, 0xffdf, 0x1082, 0x001f, 
  0xfd8f, 0x1082, 0x1082, 0xfd8f, 0xffdf, 0xffdf, 0x1082, 0xfd8f, 0x1082, 0xffdf, 0x1082, 0x001f, 0xfd8f, 0x1082, 0x1082, 0xfd8f, 
  0xffdf, 0xffdf, 0x1082, 0xfd8f, 0x1082, 0xffdf, 0x1082, 0x001f, 0xfd8f, 0x1082, 0x1082, 0x1082, 0xfd8f, 0xfd8f, 0xfd8f, 0xffdf, 
  0xffdf, 0xffdf, 0xffdf, 0x1082, 0xfd8f, 0x1082, 0x1082, 0x1082, 0xfd8f, 0xfd8f, 0xfd8f, 0xffdf, 0xffdf, 0xffdf, 0xffdf, 0x1082, 
  0x1082, 0xfd8f, 0x1082, 0xfd8f, 0xfd8f, 0x1082, 0xfd8f, 0xfd8f, 0xfd8f, 0xfd8f, 0xfd8f, 0x1082, 0x1082, 0xfd8f, 0x1082, 0xfd8f, 
  0xfd8f, 0x1082, 0xfd8f, 0xfd8f, 0xfd8f, 0xfd8f, 0xfd8f, 0x1082, 0x1082, 0xfd8f, 0xfd8f, 0xfd8f, 0x1082, 0x1082, 0x1082, 0x1082, 
  0x1082, 0x1082, 0x1082, 0x001f, 0x1082, 0xfd8f, 0xfd8f, 0xfd8f, 0x1082, 0x1082, 0x1082, 0x1082, 0x1082, 0x1082, 0x1082, 0x001f, 
  0x001f, 0x1082, 0xfd8f, 0xfd8f, 0xfd8f, 0xfd8f, 0x1082, 0x1082, 0x1082, 0x1082, 0x001f, 0x001f, 0x001f, 0x1082, 0xfd8f, 0xfd8f, 
  0xfd8f, 0xfd8f, 0x1082, 0x1082, 0x1082, 0x1082, 0x001f, 0x001f, 0x001f, 0x001f, 0x1082, 0x1082, 0xfd8f, 0xfd8f, 0xfd8f, 0xfd8f, 
  0xffdf, 0x001f, 0x001f, 0x001f, 0x001f, 0x001f, 0x1082, 0x1082, 0xfd8f, 0xfd8f, 0xfd8f, 0xfd8f, 0xffdf, 0x001f, 0x001f, 0x001f
};
// 'SPACE_FLAME', 128x16px
const uint16_t SPACE_FLAME [] PROGMEM = {
  0x001f, 0x001f, 0x001f, 0xf694, 0xf58c, 0xf58c, 0xf58c, 0xf58c, 0xf58c, 0xf58c, 0xf58c, 0xf79e, 0x001f, 0x001f, 0x001f, 0x001f, 
  0x001f, 0x001f, 0x001f, 0x001f, 0x001f, 0x001f, 0x001f, 0x001f, 0x001f, 0xf694, 0xf694, 0xf79e, 0xf58c, 0xf58c, 0xf58c, 0xf58c, 
  0xf58c, 0xf58c, 0xf58c, 0xf58c, 0xf79e, 0xf694, 0xf694, 0x001f, 0x001f, 0x001f, 0x001f, 0x001f, 0x001f, 0x001f, 0x001f, 0x001f, 
  0x001f, 0x001f, 0x001f, 0x001f, 0xf694, 0xf58c, 0xf58c, 0xf58c, 0xf58c, 0xf58c, 0xf58c, 0xf58c, 0xf79e, 0x001f, 0x001f, 0x001f, 
  0x001f, 0x001f, 0x001f, 0xf694, 0xf79e, 0xf58c, 0xf58c, 0xf58c, 0xf58c, 0xf79e, 0xf694, 0x001f, 0x001f, 0x001f, 0x001f, 0x001f, 
  0x001f, 0x001f, 0x001f, 0x001f, 0x001f, 0x001f, 0x001f, 0xf694, 0xf694, 0xf79e, 0xf58c, 0xf58c, 0xf58c, 0xf58c, 0xf58c, 0xf58c, 
  0xf58c, 0xf58c, 0xf58c, 0xf58c, 0xf58c, 0xf58c, 0xf79e, 0xf694, 0xf694, 0x001f, 0x001f, 0x001f, 0x001f, 0x001f, 0x001f, 0x001f, 
  0x001f, 0x001f, 0x001f, 0x001f, 0x001f, 0xf694, 0xf79e, 0xf58c, 0xf58c, 0xf58c, 0xf58c, 0xf79e, 0xf694, 0x001f, 0x001f, 0x001f, 
  0x001f, 0x001f, 0xf694, 0xf694, 0xf58c, 0xf58c, 0xf58c, 0xf58c, 0xf58c, 0xf58c, 0xf58c, 0xf58c, 0xf694, 0x001f, 0x001f, 0x001f, 
  0x001f, 0x001f, 0x001f, 0x001f, 0x001f, 0x001f, 0x001f, 0x001f, 0xf694, 0xf79e, 0xf79e, 0xf58c, 0xf58c, 0xf58c, 0xf58c, 0xf58c, 
  0xf58c, 0xf58c, 0xf58c, 0xf58c, 0xf58c, 0xf79e, 0xf79e, 0xf694, 0x001f, 0x001f, 0x001f, 0x001f, 0x001f, 0x001f, 0x001f, 0x001f, 
  0x001f, 0x001f, 0x001f, 0xf694, 0xf694, 0xf58c, 0xf58c, 0xf58c, 0xf58c, 0xf58c, 0xf58c, 0xf58c, 0xf58c, 0xf694, 0x001f, 0x001f, 
  0x001f, 0x001f, 0xf694, 0xf79e, 0xf58c, 0xf58c, 0xf58c, 0xf58c, 0xf58c, 0xf58c, 0xf58c, 0xf79e, 0x001f, 0x001f, 0x001f, 0x001f, 
  0x001f, 0x001f, 0x001f, 0x001f, 0x001f, 0x001f, 0xf694, 0xf79e, 0xf79e, 0xf58c, 0xf58c, 0xf58c, 0xf58c, 0xf58c, 0xf58c, 0xf58c, 
  0xf58c, 0xf58c, 0xf58c, 0xf58c, 0xf58c, 0xf58c, 0xf58c, 0xf79e, 0xf79e, 0xf694, 0x001f, 0x001f, 0x001f, 0x001f, 0x001f, 0x001f, 
  0x001f, 0x001f, 0x001f, 0x001f, 0xf694, 0xf79e, 0xf58c, 0xf58c, 0xf58c, 0xf58c, 0xf58c, 0xf58c, 0xf58c, 0xf79e, 0x001f, 0x001f, 
  0x001f, 0x001f, 0xf694, 0xf79e, 0xf58c, 0xf58c, 0xf58c, 0xf58c, 0xf58c, 0xf58c, 0xf58c, 0xf58c, 0xf694, 0x001f, 0x001f, 0x001f, 
  0x001f, 0x001f, 0x001f, 0x001f, 0x001f, 0x001f, 0x001f, 0xf694, 0xf79e, 0xf58c, 0xf58c, 0xf58c, 0xf58c, 0xf58c, 0xf58c, 0xf58c, 
  0xf58c, 0xf58c, 0xf58c, 0xf58c, 0xf58c, 0xf58c, 0xf58c, 0xf79e, 0xf694, 0x001f, 0x001f, 0x001f, 0x001f, 0x001f, 0x001f, 0x001f, 
  0x001f, 0x001f, 0x001f, 0xf694, 0xf79e, 0xf58c, 0xf58c, 0xf58c, 0xf58c, 0xf58c, 0xf58c, 0xf58c, 0xf58c, 0xf694, 0x001f, 0x001f, 
  0x001f, 0x001f, 0xf694, 0xf58c, 0xf58c, 0xf58c, 0xf58c, 0xf58c, 0xf58c, 0xf58c, 0xf58c, 0xf79e, 0x001f, 0x001f, 0x001f, 0x001f, 
  0x001f, 0x001f, 0x001f, 0x001f, 0x001f, 0xf694, 0xf79e, 0xf58c, 0xf58c, 0xf58c, 0xf58c, 0xf58c, 0xf58c, 0xf58c, 0xf58c, 0xf58c, 
  0xf58c, 0xf58c, 0xf58c, 0xf58c, 0xf58c, 0xf58c, 0xf58c, 0xf58c, 0xf58c, 0xf79e, 0xf694, 0x001f, 0x001f, 0x001f, 0x001f, 0x001f, 
  0x001f, 0x001f, 0x001f, 0x001f, 0xf694, 0xf58c, 0xf58c, 0xf58c, 0xf58c, 0xf58c, 0xf58c, 0xf58c, 0xf58c, 0xf79e, 0x001f, 0x001f, 
  0x001f, 0x001f, 0xf694, 0xf79e, 0xf58c, 0xf58c, 0xf58c, 0xf58c, 0xf58c, 0xf58c, 0xf58c, 0xf58c, 0xf694, 0x001f, 0x001f, 0x001f, 
  0x001f, 0x001f, 0x001f, 0x001f, 0x001f, 0x001f, 0xf694, 0xf79e, 0xf58c, 0xf58c, 0xf58c, 0xf58c, 0xf58c, 0xf58c, 0xf58c, 0xf58c, 
  0xf58c, 0xf58c, 0xf58c, 0xf58c, 0xf58c, 0xf58c, 0xf58c, 0xf58c, 0xf79e, 0xf694, 0x001f, 0x001f, 0x001f, 0x001f, 0x001f, 0x001f, 
  0x001f, 0x001f, 0x001f, 0xf694, 0xf79e, 0xf58c, 0xf58c, 0xf58c, 0xf58c, 0xf58c, 0xf58c, 0xf58c, 0xf58c, 0xf694, 0x001f, 0x001f, 
  0x001f, 0xf694, 0xf694, 0xf58c, 0xf58c, 0xf58c, 0xf58c, 0xf58c, 0xf58c, 0xf58c, 0xf58c, 0xf58c, 0xf694, 0x001f, 0x001f, 0x001f, 
  0x001f, 0x001f, 0x001f, 0x001f, 0xf694, 0xf79e, 0xf58c, 0xf58c, 0xf58c, 0xf58c, 0xf58c, 0xf58c, 0xf58c, 0xf58c, 0xf58c, 0xf58c, 
  0xf58c, 0xf58c, 0xf58c, 0xf58c, 0xf58c, 0xf58c, 0xf58c, 0xf58c, 0xf58c, 0xf58c, 0xf79e, 0xf694, 0x001f, 0x001f, 0x001f, 0x001f, 
  0x001f, 0x001f, 0x001f, 0xf694, 0xf694, 0xf58c, 0xf58c, 0xf58c, 0xf58c, 0xf58c, 0xf58c, 0xf58c, 0xf58c, 0xf58c, 0xf694, 0x001f, 
  0x001f, 0x001f, 0x001f, 0xf694, 0xf58c, 0xf58c, 0xf58c, 0xf58c, 0xf58c, 0xf58c, 0xf58c, 0xf79e, 0x001f, 0x001f, 0x001f, 0x001f, 
  0x001f, 0x001f, 0x001f, 0x001f, 0x001f, 0x001f, 0xf694, 0xf79e, 0xf58c, 0xf58c, 0xf58c, 0xf58c, 0xf58c, 0xf58c, 0xf58c, 0xf58c, 
  0xf58c, 0xf58c, 0xf58c, 0xf58c, 0xf58c, 0xf58c, 0xf58c, 0xf58c, 0xf79e, 0xf694, 0x001f, 0x001f, 0x001f, 0x001f, 0x001f, 0x001f, 
  0x001f, 0x001f, 0x001f, 0x001f, 0xf694, 0xf58c, 0xf58c, 0xf58c, 0xf58c, 0xf58c, 0xf58c, 0xf58c, 0xf79e, 0x001f, 0x001f, 0x001f, 
  0x001f, 0xf694, 0xf79e, 0xf58c, 0xf58c, 0xf58c, 0xf58c, 0xf58c, 0xf58c, 0xf58c, 0xf58c, 0xf58c, 0xf694, 0x001f, 0x001f, 0x001f, 
  0x001f, 0x001f, 0x001f, 0x001f, 0xf694, 0xf79e, 0xf58c, 0xf58c, 0xf58c, 0xf58c, 0xf58c, 0xf58c, 0xf58c, 0xf58c, 0xf58c, 0xf58c, 
  0xf58c, 0xf58c, 0xf58c, 0xf58c, 0xf58c, 0xf58c, 0xf58c, 0xf58c, 0xf58c, 0xf58c, 0xf79e, 0xf694, 0x001f, 0x001f, 0x001f, 0x001f, 
  0x001f, 0x001f, 0x001f, 0xf694, 0xf79e, 0xf58c, 0xf58c, 0xf58c, 0xf58c, 0xf58c, 0xf58c, 0xf58c, 0xf58c, 0xf58c, 0xf694, 0x001f, 
  0x001f, 0x001f, 0x001f, 0xf694, 0xf58c, 0xf58c, 0xf58c, 0xf58c, 0xf58c, 0xf58c, 0xf58c, 0xf79e, 0x001f, 0x001f, 0x001f, 0x001f, 
  0x001f, 0x001f, 0x001f, 0x001f, 0x001f, 0xf694, 0xf79e, 0xf58c, 0xf58c, 0xf58c, 0xf58c, 0xf58c, 0xf58c, 0xf58c, 0xf58c, 0xf58c, 
  0xf58c, 0xf58c, 0xf58c, 0xf58c, 0xf58c, 0xf58c, 0xf58c, 0xf58c, 0xf58c, 0xf79e, 0xf694, 0x001f, 0x001f, 0x001f, 0x001f, 0x001f, 
  0x001f, 0x001f, 0x001f, 0x001f, 0xf694, 0xf58c, 0xf58c, 0xf58c, 0xf58c, 0xf58c, 0xf58c, 0xf58c, 0xf79e, 0x001f, 0x001f, 0x001f, 
  0x001f, 0xf694, 0xf79e, 0xf58c, 0xf58c, 0xf58c, 0xf58c, 0xf58c, 0xf58c, 0xf58c, 0xf58c, 0xf58c, 0xf694, 0x001f, 0x001f, 0x001f, 
  0x001f, 0x001f, 0x001f, 0xf694, 0xf79e, 0xf58c, 0xf58c, 0xf58c, 0xf58c, 0xf58c, 0xf58c, 0xf58c, 0xf58c, 0xf58c, 0xf58c, 0xf58c, 
  0xf58c, 0xf58c, 0xf58c, 0xf58c, 0xf58c, 0xf58c, 0xf58c, 0xf58c, 0xf58c, 0xf58c, 0xf58c, 0xf79e, 0xf694, 0x001f, 0x001f, 0x001f, 
  0x001f, 0x001f, 0x001f, 0xf694, 0xf79e, 0xf58c, 0xf58c, 0xf58c, 0xf58c, 0xf58c, 0xf58c, 0xf58c, 0xf58c, 0xf58c, 0xf694, 0x001f, 
  0x001f, 0x001f, 0x001f, 0x001f, 0xf79e, 0xf79e, 0xf58c, 0xf79e, 0xf79e, 0xf58c, 0xf79e, 0xf694, 0x001f, 0x001f, 0x001f, 0x001f, 
  0x001f, 0x001f, 0x001f, 0x001f, 0x001f, 0xf694, 0xf79e, 0xf58c, 0xf58c, 0xf58c, 0xf58c, 0xf58c, 0xf58c, 0xf58c, 0xf58c, 0xf58c, 
  0xf58c, 0xf58c, 0xf58c, 0xf58c, 0xf58c, 0xf58c, 0xf58c, 0xf58c, 0xf58c, 0xf79e, 0xf694, 0x001f, 0x001f, 0x001f, 0x001f, 0x001f, 
  0x001f, 0x001f, 0x001f, 0x001f, 0x001f, 0xf79e, 0xf79e, 0xf58c, 0xf79e, 0xf79e, 0xf58c, 0xf79e, 0xf694, 0x001f, 0x001f, 0x001f, 
  0x001f, 0x001f, 0xf694, 0xf58c, 0xf58c, 0xf58c, 0xf58c, 0xf58c, 0xf58c, 0xf58c, 0xf58c, 0xf79e, 0x001f, 0x001f, 0x001f, 0x001f, 
  0x001f, 0x001f, 0x001f, 0xf694, 0xf79e, 0xf58c, 0xf58c, 0xf58c, 0xf58c, 0xf58c, 0xf58c, 0xf58c, 0xf58c, 0xf58c, 0xf58c, 0xf58c, 
  0xf58c, 0xf58c, 0xf58c, 0xf58c, 0xf58c, 0xf58c, 0xf58c, 0xf58c, 0xf58c, 0xf58c, 0xf58c, 0xf79e, 0xf694, 0x001f, 0x001f, 0x001f, 
  0x001f, 0x001f, 0x001f, 0x001f, 0xf694, 0xf58c, 0xf58c, 0xf58c, 0xf58c, 0xf58c, 0xf58c, 0xf58c, 0xf58c, 0xf79e, 0x001f, 0x001f, 
  0x001f, 0x001f, 0x001f, 0x001f, 0xf694, 0xf694, 0xf79e, 0xf694, 0xf694, 0xf79e, 0xf694, 0x001f, 0x001f, 0x001f, 0x001f, 0x001f, 
  0x001f, 0x001f, 0x001f, 0x001f, 0xf694, 0xf694, 0xf694, 0xf79e, 0xf58c, 0xf58c, 0xf58c, 0xf58c, 0xf58c, 0xf58c, 0xf58c, 0xf58c, 
  0xf58c, 0xf58c, 0xf58c, 0xf58c, 0xf58c, 0xf58c, 0xf58c, 0xf58c, 0xf79e, 0xf694, 0xf694, 0xf694, 0x001f, 0x001f, 0x001f, 0x001f, 
  0x001f, 0x001f, 0x001f, 0x001f, 0x001f, 0xf694, 0xf694, 0xf79e, 0xf694, 0xf694, 0xf79e, 0xf694, 0x001f, 0x001f, 0x001f, 0x001f, 
  0x001f, 0x001f, 0xf694, 0xf58c, 0xf58c, 0xf58c, 0xf58c, 0xf58c, 0xf58c, 0xf58c, 0xf58c, 0xf79e, 0x001f, 0x001f, 0x001f, 0x001f, 
  0x001f, 0x001f, 0xf694, 0xf694, 0xf694, 0xf79e, 0xf58c, 0xf58c, 0xf58c, 0xf58c, 0xf58c, 0xf58c, 0xf58c, 0xf58c, 0xf58c, 0xf58c, 
  0xf58c, 0xf58c, 0xf58c, 0xf58c, 0xf58c, 0xf58c, 0xf58c, 0xf58c, 0xf58c, 0xf58c, 0xf79e, 0xf694, 0xf694, 0xf694, 0x001f, 0x001f, 
  0x001f, 0x001f, 0x001f, 0x001f, 0xf694, 0xf58c, 0xf58c, 0xf58c, 0xf58c, 0xf58c, 0xf58c, 0xf58c, 0xf58c, 0xf79e, 0x001f, 0x001f, 
  0x001f, 0x001f, 0x001f, 0x001f, 0x001f, 0x001f, 0xf694, 0x001f, 0x001f, 0xf694, 0x001f, 0x001f, 0x001f, 0x001f, 0x001f, 0x001f, 
  0x001f, 0x001f, 0x001f, 0x001f, 0xf694, 0x001f, 0xf694, 0xf79e, 0xf58c, 0xf58c, 0xf58c, 0xf58c, 0xf58c, 0xf58c, 0xf58c, 0xf58c, 
  0xf58c, 0xf58c, 0xf58c, 0xf58c, 0xf58c, 0xf58c, 0xf58c, 0xf58c, 0xf79e, 0xf694, 0x001f, 0xf694, 0x001f, 0x001f, 0x001f, 0x001f, 
  0x001f, 0x001f, 0x001f, 0x001f, 0x001f, 0x001f, 0x001f, 0xf694, 0x001f, 0x001f, 0xf694, 0x001f, 0x001f, 0x001f, 0x001f, 0x001f, 
  0x001f, 0x001f, 0x001f, 0xf79e, 0xf79e, 0xf58c, 0xf79e, 0xf79e, 0xf58c, 0xf79e, 0xf79e, 0xf694, 0x001f, 0x001f, 0x001f, 0x001f, 
  0x001f, 0x001f, 0xf694, 0x001f, 0xf694, 0xf79e, 0xf58c, 0xf58c, 0xf58c, 0xf58c, 0xf58c, 0xf58c, 0xf58c, 0xf58c, 0xf58c, 0xf58c, 
  0xf58c, 0xf58c, 0xf58c, 0xf58c, 0xf58c, 0xf58c, 0xf58c, 0xf58c, 0xf58c, 0xf58c, 0xf79e, 0xf694, 0x001f, 0xf694, 0x001f, 0x001f, 
  0x001f, 0x001f, 0x001f, 0x001f, 0x001f, 0xf79e, 0xf79e, 0xf58c, 0xf79e, 0xf79e, 0xf58c, 0xf79e, 0xf79e, 0xf694, 0x001f, 0x001f, 
  0x001f, 0x001f, 0x001f, 0x001f, 0x001f, 0x001f, 0x001f, 0x001f, 0x001f, 0x001f, 0x001f, 0x001f, 0x001f, 0x001f, 0x001f, 0x001f, 
  0x001f, 0x001f, 0x001f, 0x001f, 0x001f, 0x001f, 0xf694, 0xf79e, 0xf58c, 0xf58c, 0xf58c, 0xf58c, 0xf58c, 0xf58c, 0xf58c, 0xf58c, 
  0xf58c, 0xf58c, 0xf58c, 0xf58c, 0xf58c, 0xf58c, 0xf58c, 0xf58c, 0xf79e, 0xf694, 0x001f, 0x001f, 0x001f, 0x001f, 0x001f, 0x001f, 
  0x001f, 0x001f, 0x001f, 0x001f, 0x001f, 0x001f, 0x001f, 0x001f, 0x001f, 0x001f, 0x001f, 0x001f, 0x001f, 0x001f, 0x001f, 0x001f, 
  0x001f, 0x001f, 0x001f, 0xf694, 0xf694, 0xf79e, 0xf694, 0xf694, 0xf79e, 0xf694, 0xf694, 0x001f, 0x001f, 0x001f, 0x001f, 0x001f, 
  0x001f, 0x001f, 0x001f, 0x001f, 0xf694, 0xf79e, 0xf58c, 0xf58c, 0xf58c, 0xf58c, 0xf58c, 0xf58c, 0xf58c, 0xf58c, 0xf58c, 0xf58c, 
  0xf58c, 0xf58c, 0xf58c, 0xf58c, 0xf58c, 0xf58c, 0xf58c, 0xf58c, 0xf58c, 0xf58c, 0xf79e, 0xf694, 0x001f, 0x001f, 0x001f, 0x001f, 
  0x001f, 0x001f, 0x001f, 0x001f, 0x001f, 0xf694, 0xf694, 0xf79e, 0xf694, 0xf694, 0xf79e, 0xf694, 0xf694, 0x001f, 0x001f, 0x001f, 
  0x001f, 0x001f, 0x001f, 0x001f, 0x001f, 0x001f, 0x001f, 0x001f, 0x001f, 0x001f, 0x001f, 0x001f, 0x001f, 0x001f, 0x001f, 0x001f, 
  0x001f, 0x001f, 0x001f, 0x001f, 0x001f, 0x001f, 0xf694, 0xf694, 0xf79e, 0xf58c, 0xf58c, 0xf58c, 0xf58c, 0xf58c, 0xf58c, 0xf58c, 
  0xf58c, 0xf58c, 0xf58c, 0xf58c, 0xf58c, 0xf58c, 0xf58c, 0xf79e, 0xf694, 0xf694, 0x001f, 0x001f, 0x001f, 0x001f, 0x001f, 0x001f, 
  0x001f, 0x001f, 0x001f, 0x001f, 0x001f, 0x001f, 0x001f, 0x001f, 0x001f, 0x001f, 0x001f, 0x001f, 0x001f, 0x001f, 0x001f, 0x001f, 
  0x001f, 0x001f, 0x001f, 0x001f, 0x001f, 0xf694, 0x001f, 0x001f, 0xf694, 0x001f, 0x001f, 0x001f, 0x001f, 0x001f, 0x001f, 0x001f, 
  0x001f, 0x001f, 0x001f, 0x001f, 0xf694, 0xf694, 0xf79e, 0xf58c, 0xf58c, 0xf58c, 0xf58c, 0xf58c, 0xf58c, 0xf58c, 0xf58c, 0xf58c, 
  0xf58c, 0xf58c, 0xf58c, 0xf58c, 0xf58c, 0xf58c, 0xf58c, 0xf58c, 0xf58c, 0xf79e, 0xf694, 0xf694, 0x001f, 0x001f, 0x001f, 0x001f, 
  0x001f, 0x001f, 0x001f, 0x001f, 0x001f, 0x001f, 0x001f, 0xf694, 0x001f, 0x001f, 0xf694, 0x001f, 0x001f, 0x001f, 0x001f, 0x001f, 
  0x001f, 0x001f, 0x001f, 0x001f, 0x001f, 0x001f, 0x001f, 0x001f, 0x001f, 0x001f, 0x001f, 0x001f, 0x001f, 0x001f, 0x001f, 0x001f, 
  0x001f, 0x001f, 0x001f, 0x001f, 0x001f, 0x001f, 0x001f, 0xf694, 0xf79e, 0xf79e, 0xf79e, 0xf58c, 0xf58c, 0xf58c, 0xf58c, 0xf58c, 
  0xf58c, 0xf58c, 0xf58c, 0xf58c, 0xf58c, 0xf79e, 0xf79e, 0xf79e, 0xf694, 0x001f, 0x001f, 0x001f, 0x001f, 0x001f, 0x001f, 0x001f, 
  0x001f, 0x001f, 0x001f, 0x001f, 0x001f, 0x001f, 0x001f, 0x001f, 0x001f, 0x001f, 0x001f, 0x001f, 0x001f, 0x001f, 0x001f, 0x001f, 
  0x001f, 0x001f, 0x001f, 0x001f, 0x001f, 0x001f, 0x001f, 0x001f, 0x001f, 0x001f, 0x001f, 0x001f, 0x001f, 0x001f, 0x001f, 0x001f, 
  0x001f, 0x001f, 0x001f, 0x001f, 0x001f, 0xf694, 0xf79e, 0xf79e, 0xf79e, 0xf58c, 0xf58c, 0xf58c, 0xf58c, 0xf58c, 0xf58c, 0xf58c, 
  0xf58c, 0xf58c, 0xf58c, 0xf58c, 0xf58c, 0xf58c, 0xf58c, 0xf79e, 0xf79e, 0xf79e, 0xf694, 0x001f, 0x001f, 0x001f, 0x001f, 0x001f, 
  0x001f, 0x001f, 0x001f, 0x001f, 0x001f, 0x001f, 0x001f, 0x001f, 0x001f, 0x001f, 0x001f, 0x001f, 0x001f, 0x001f, 0x001f, 0x001f, 
  0x001f, 0x001f, 0x001f, 0x001f, 0x001f, 0x001f, 0x001f, 0x001f, 0x001f, 0x001f, 0x001f, 0x001f, 0x001f, 0x001f, 0x001f, 0x001f, 
  0x001f, 0x001f, 0x001f, 0x001f, 0x001f, 0x001f, 0x001f, 0xf694, 0xf79e, 0xf694, 0xf694, 0xf79e, 0xf58c, 0xf58c, 0xf58c, 0xf58c, 
  0xf58c, 0xf58c, 0xf58c, 0xf58c, 0xf79e, 0xf694, 0xf694, 0xf79e, 0xf694, 0x001f, 0x001f, 0x001f, 0x001f, 0x001f, 0x001f, 0x001f, 
  0x001f, 0x001f, 0x001f, 0x001f, 0x001f, 0x001f, 0x001f, 0x001f, 0x001f, 0x001f, 0x001f, 0x001f, 0x001f, 0x001f, 0x001f, 0x001f, 
  0x001f, 0x001f, 0x001f, 0x001f, 0x001f, 0x001f, 0x001f, 0x001f, 0x001f, 0x001f, 0x001f, 0x001f, 0x001f, 0x001f, 0x001f, 0x001f, 
  0x001f, 0x001f, 0x001f, 0x001f, 0x001f, 0xf694, 0xf79e, 0xf694, 0xf694, 0xf79e, 0xf58c, 0xf58c, 0xf58c, 0xf58c, 0xf58c, 0xf58c, 
  0xf58c, 0xf58c, 0xf58c, 0xf58c, 0xf58c, 0xf58c, 0xf79e, 0xf694, 0xf694, 0xf79e, 0xf694, 0x001f, 0x001f, 0x001f, 0x001f, 0x001f, 
  0x001f, 0x001f, 0x001f, 0x001f, 0x001f, 0x001f, 0x001f, 0x001f, 0x001f, 0x001f, 0x001f, 0x001f, 0x001f, 0x001f, 0x001f, 0x001f, 
  0x001f, 0x001f, 0x001f, 0x001f, 0x001f, 0x001f, 0x001f, 0x001f, 0x001f, 0x001f, 0x001f, 0x001f, 0x001f, 0x001f, 0x001f, 0x001f, 
  0x001f, 0x001f, 0x001f, 0x001f, 0x001f, 0x001f, 0x001f, 0x001f, 0xf694, 0x001f, 0x001f, 0xf79e, 0xf58c, 0xf58c, 0xf79e, 0xf79e, 
  0xf79e, 0xf58c, 0xf79e, 0xf58c, 0xf79e, 0xf79e, 0xf58c, 0xf694, 0x001f, 0x001f, 0x001f, 0x001f, 0x001f, 0x001f, 0x001f, 0x001f, 
  0x001f, 0x001f, 0x001f, 0x001f, 0x001f, 0x001f, 0x001f, 0x001f, 0x001f, 0x001f, 0x001f, 0x001f, 0x001f, 0x001f, 0x001f, 0x001f, 
  0x001f, 0x001f, 0x001f, 0x001f, 0x001f, 0x001f, 0x001f, 0x001f, 0x001f, 0x001f, 0x001f, 0x001f, 0x001f, 0x001f, 0x001f, 0x001f, 
  0x001f, 0x001f, 0x001f, 0x001f, 0x001f, 0x001f, 0xf694, 0x001f, 0x001f, 0xf79e, 0xf58c, 0xf58c, 0xf79e, 0xf79e, 0xf58c, 0xf58c, 
  0xf58c, 0xf58c, 0xf79e, 0xf79e, 0xf58c, 0xf58c, 0xf79e, 0x001f, 0x001f, 0xf694, 0x001f, 0x001f, 0x001f, 0x001f, 0x001f, 0x001f, 
  0x001f, 0x001f, 0x001f, 0x001f, 0x001f, 0x001f, 0x001f, 0x001f, 0x001f, 0x001f, 0x001f, 0x001f, 0x001f, 0x001f, 0x001f, 0x001f, 
  0x001f, 0x001f, 0x001f, 0x001f, 0x001f, 0x001f, 0x001f, 0x001f, 0x001f, 0x001f, 0x001f, 0x001f, 0x001f, 0x001f, 0x001f, 0x001f, 
  0x001f, 0x001f, 0x001f, 0x001f, 0x001f, 0x001f, 0x001f, 0x001f, 0x001f, 0x001f, 0x001f, 0xf694, 0xf79e, 0xf79e, 0xf694, 0xf694, 
  0xf694, 0xf79e, 0xf694, 0xf79e, 0xf694, 0xf694, 0xf79e, 0x001f, 0x001f, 0x001f, 0x001f, 0x001f, 0x001f, 0x001f, 0x001f, 0x001f, 
  0x001f, 0x001f, 0x001f, 0x001f, 0x001f, 0x001f, 0x001f, 0x001f, 0x001f, 0x001f, 0x001f, 0x001f, 0x001f, 0x001f, 0x001f, 0x001f, 
  0x001f, 0x001f, 0x001f, 0x001f, 0x001f, 0x001f, 0x001f, 0x001f, 0x001f, 0x001f, 0x001f, 0x001f, 0x001f, 0x001f, 0x001f, 0x001f, 
  0x001f, 0x001f, 0x001f, 0x001f, 0x001f, 0x001f, 0x001f, 0x001f, 0x001f, 0xf694, 0xf79e, 0xf79e, 0xf694, 0xf694, 0xf79e, 0xf79e, 
  0xf79e, 0xf79e, 0xf694, 0xf694, 0xf79e, 0xf79e, 0xf694, 0x001f, 0x001f, 0x001f, 0x001f, 0x001f, 0x001f, 0x001f, 0x001f, 0x001f, 
  0x001f, 0x001f, 0x001f, 0x001f, 0x001f, 0x001f, 0x001f, 0x001f, 0x001f, 0x001f, 0x001f, 0x001f, 0x001f, 0x001f, 0x001f, 0x001f, 
  0x001f, 0x001f, 0x001f, 0x001f, 0x001f, 0x001f, 0x001f, 0x001f, 0x001f, 0x001f, 0x001f, 0x001f, 0x001f, 0x001f, 0x001f, 0x001f, 
  0x001f, 0x001f, 0x001f, 0x001f, 0x001f, 0x001f, 0x001f, 0x001f, 0x001f, 0x001f, 0x001f, 0x001f, 0xf694, 0xf694, 0xf694, 0xf694, 
  0xf694, 0xf694, 0x0000, 0xf694, 0x0000, 0x0000, 0xf694, 0x001f, 0x001f, 0x001f, 0x001f, 0x001f, 0x001f, 0x001f, 0x001f, 0x001f, 
  0x001f, 0x001f, 0x001f, 0x001f, 0x001f, 0x001f, 0x001f, 0x001f, 0x001f, 0x001f, 0x001f, 0x001f, 0x001f, 0x001f, 0x001f, 0x001f, 
  0x001f, 0x001f, 0x001f, 0x001f, 0x001f, 0x001f, 0x001f, 0x001f, 0x001f, 0x001f, 0x001f, 0x001f, 0x001f, 0x001f, 0x001f, 0x001f, 
  0x001f, 0x001f, 0x001f, 0x001f, 0x001f, 0x001f, 0x001f, 0x001f, 0x001f, 0x001f, 0xf694, 0xf694, 0x0000, 0x0000, 0xf694, 0xf694, 
  0xf694, 0xf694, 0x0000, 0x0000, 0xf694, 0xf694, 0x001f, 0x001f, 0x001f, 0x001f, 0x001f, 0x001f, 0x001f, 0x001f, 0x001f, 0x001f, 
  0x001f, 0x001f, 0x001f, 0x001f, 0x001f, 0x001f, 0x001f, 0x001f, 0x001f, 0x001f, 0x001f, 0x001f, 0x001f, 0x001f, 0x001f, 0x001f
};
// 'SPACE_M', 54x29px
const uint16_t SPACE_M [] PROGMEM = {
  0x001f, 0x001f, 0x001f, 0x001f, 0x001f, 0x001f, 0xffdf, 0xffdf, 0xffdf, 0xffdf, 0xffdf, 0xffdf, 0x001f, 0x001f, 0x001f, 0x001f, 
  0x001f, 0x001f, 0x001f, 0x001f, 0x001f, 0x001f, 0x001f, 0x001f, 0x001f, 0xffdf, 0xffdf, 0xffdf, 0xffdf, 0xffdf, 0xffdf, 0x001f, 
  0x001f, 0x001f, 0x001f, 0x001f, 0x001f, 0x001f, 0x001f, 0x001f, 0x001f, 0x001f, 0x001f, 0xffdf, 0xffdf, 0xffdf, 0xffdf, 0xffdf, 
  0xffdf, 0x001f, 0x001f, 0x001f, 0x001f, 0x001f, 0x001f, 0x001f, 0x001f, 0x001f, 0xffdf, 0xffdf, 0x001f, 0x001f, 0x001f, 0x001f, 
  0x001f, 0x001f, 0xffdf, 0xffdf, 0x001f, 0x001f, 0x001f, 0x001f, 0x001f, 0x001f, 0x001f, 0x001f, 0x001f, 0xffdf, 0xffdf, 0x001f, 
  0x001f, 0x001f, 0x001f, 0x001f, 0x001f, 0xffdf, 0xffdf, 0x001f, 0x001f, 0x001f, 0x001f, 0x001f, 0x001f, 0x001f, 0x001f, 0xffdf, 
  0xffdf, 0x001f, 0x001f, 0x001f, 0x001f, 0x001f, 0x001f, 0xffdf, 0xffdf, 0x001f, 0x001f, 0x001f, 0x001f, 0x001f, 0x001f, 0xffdf, 
  0x001f, 0x001f, 0xffdf, 0x001f, 0x1082, 0x1082, 0x1082, 0x1082, 0x001f, 0x001f, 0xffdf, 0x001f, 0x001f, 0x001f, 0x001f, 0x001f, 
  0x001f, 0x001f, 0xffdf, 0x001f, 0x001f, 0xffdf, 0x001f, 0x1082, 0x1082, 0x1082, 0x1082, 0x001f, 0x001f, 0xffdf, 0x001f, 0x001f, 
  0x001f, 0x001f, 0x001f, 0x001f, 0xffdf, 0x001f, 0x001f, 0xffdf, 0x001f, 0xffdf, 0xffdf, 0xffdf, 0xffdf, 0x001f, 0x001f, 0xffdf, 
  0x001f, 0x001f, 0x001f, 0x001f, 0xffdf, 0x001f, 0x001f, 0xffdf, 0x1082, 0x1082, 0xf904, 0xf904, 0xf904, 0xf904, 0x1082, 0x001f, 
  0x001f, 0xffdf, 0x001f, 0x001f, 0x001f, 0x001f, 0x001f, 0xffdf, 0x001f, 0x001f, 0xffdf, 0x1082, 0x1082, 0xf904, 0xf904, 0xf904, 
  0xf904, 0x1082, 0x001f, 0x001f, 0xffdf, 0x001f, 0x001f, 0x001f, 0x001f, 0xffdf, 0x001f, 0x001f, 0xffdf, 0xffdf, 0xffdf, 0xf904, 
  0xf904, 0xf904, 0xf904, 0xffdf, 0x001f, 0x001f, 0xffdf, 0x001f, 0x001f, 0x001f, 0xffdf, 0x001f, 0x001f, 0x1082, 0xf904, 0xf904, 
  0xf904, 0xfd80, 0xfd80, 0xfd80, 0xf904, 0x1082, 0x001f, 0xffdf, 0x001f, 0x001f, 0x001f, 0x001f, 0x001f, 0xffdf, 0x001f, 0x001f, 
  0x1082, 0xf904, 0xf904, 0xf904, 0xfd80, 0xfd80, 0xfd80, 0xf904, 0x1082, 0x001f, 0xffdf, 0x001f, 0x001f, 0x001f, 0x001f, 0xffdf, 
  0x001f, 0x001f, 0xffdf, 0xf904, 0xf904, 0xf904, 0xfd80, 0xfd80, 0xfd80, 0xf904, 0xffdf, 0x001f, 0xffdf, 0x001f, 0x001f, 0xffdf, 
  0x001f, 0x001f, 0x1082, 0xf904, 0xf904, 0xa0c3, 0x1082, 0x1082, 0x1082, 0x1082, 0x1082, 0x1082, 0x1082, 0x001f, 0xffdf, 0x001f, 
  0x001f, 0x001f, 0xffdf, 0x001f, 0x001f, 0x1082, 0xf904, 0xf904, 0xa0c3, 0x1082, 0x1082, 0x1082, 0x1082, 0x1082, 0x1082, 0x1082, 
  0x001f, 0xffdf, 0x001f, 0x001f, 0xffdf, 0x001f, 0x001f, 0xffdf, 0xf904, 0xf904, 0xa0c3, 0xffdf, 0xffdf, 0xffdf, 0xffdf, 0xffdf, 
  0xffdf, 0xffdf, 0x001f, 0xffdf, 0x001f, 0xffdf, 0x001f, 0x1082, 0xf904, 0xa0c3, 0xa0c3, 0x1082, 0x1082, 0x1082, 0x1082, 0x1082, 
  0x1082, 0x1082, 0x1082, 0x1082, 0xffdf, 0x001f, 0x001f, 0x001f, 0xffdf, 0x001f, 0x1082, 0xf904, 0xa0c3, 0xa0c3, 0x1082, 0x1082, 
  0x1082, 0x1082, 0x1082, 0x1082, 0x1082, 0x1082, 0x1082, 0xffdf, 0x001f, 0x001f, 0xffdf, 0x001f, 0xffdf, 0xf904, 0xa0c3, 0xa0c3, 
  0xffdf, 0xffdf, 0xffdf, 0xffdf, 0xffdf, 0xffdf, 0xffdf, 0xffdf, 0xffdf, 0xffdf, 0x001f, 0xffdf, 0x001f, 0x1082, 0xa0c3, 0x1082, 
  0x1082, 0xfd8f, 0xffdf, 0xffdf, 0xfd8f, 0xffdf, 0xffdf, 0x1082, 0x1082, 0x001f, 0xffdf, 0x001f, 0x001f, 0x001f, 0xffdf, 0x001f, 
  0x1082, 0xa0c3, 0x1082, 0x1082, 0xfd8f, 0xffdf, 0xffdf, 0xfd8f, 0xffdf, 0xffdf, 0x1082, 0x1082, 0x001f, 0xffdf, 0x001f, 0x001f, 
  0xffdf, 0x001f, 0xffdf, 0xa0c3, 0xffdf, 0xffdf, 0xfd8f, 0xffdf, 0xffdf, 0xfd8f, 0xffdf, 0xffdf, 0xffdf, 0xffdf, 0x001f, 0xffdf, 
  0x001f, 0xffdf, 0x001f, 0x1082, 0x1082, 0x1082, 0xfd8f, 0xffdf, 0xffdf, 0x1082, 0xfd8f, 0x1082, 0xffdf, 0x1082, 0x001f, 0x001f, 
  0xffdf, 0x001f, 0x001f, 0x001f, 0xffdf, 0x001f, 0x1082, 0x1082, 0x1082, 0xfd8f, 0xffdf, 0xffdf, 0x1082, 0xfd8f, 0x1082, 0xffdf, 
  0x1082, 0x001f, 0x001f, 0xffdf, 0x001f, 0x001f, 0xffdf, 0x001f, 0xffdf, 0xffdf, 0xffdf, 0xfd8f, 0xffdf, 0xffdf, 0xffdf, 0xfd8f, 
  0xffdf, 0xffdf, 0xffdf, 0x001f, 0x001f, 0xffdf, 0x001f, 0xffdf, 0x1082, 0xfd8f, 0x1082, 0x1082, 0xfd8f, 0xffdf, 0xffdf, 0x1082, 
  0xfd8f, 0x1082, 0xffdf, 0x1082, 0x001f, 0x001f, 0xffdf, 0x001f, 0x001f, 0x001f, 0xffdf, 0x1082, 0xfd8f, 0x1082, 0x1082, 0xfd8f, 
  0xffdf, 0xffdf, 0x1082, 0xfd8f, 0x1082, 0xffdf, 0x1082, 0x001f, 0x001f, 0xffdf, 0x001f, 0x001f, 0xffdf, 0xffdf, 0xfd8f, 0xffdf, 
  0xffdf, 0xfd8f, 0xffdf, 0xffdf, 0xffdf, 0xfd8f, 0xffdf, 0xffdf, 0xffdf, 0x001f, 0x001f, 0xffdf, 0x001f, 0xffdf, 0x1082, 0xfd8f, 
  0x1082, 0x1082, 0x1082, 0xfd8f, 0xfd8f, 0xfd8f, 0xffdf, 0xffdf, 0xffdf, 0xffdf, 0x1082, 0x001f, 0xffdf, 0x001f, 0x001f, 0x001f, 
  0xffdf, 0x1082, 0xfd8f, 0x1082, 0x1082, 0x1082, 0xfd8f, 0xfd8f, 0xfd8f, 0xffdf, 0xffdf, 0xffdf, 0xffdf, 0x1082, 0x001f, 0xffdf, 
  0x001f, 0x001f, 0xffdf, 0xffdf, 0xfd8f, 0xffdf, 0xffdf, 0xffdf, 0xfd8f, 0xfd8f, 0xfd8f, 0xffdf, 0xffdf, 0xffdf, 0xffdf, 0xffdf, 
  0x001f, 0xffdf, 0x001f, 0x001f, 0xffdf, 0x1082, 0xfd8f, 0x1082, 0xfd8f, 0xfd8f, 0x1082, 0xfd8f, 0xfd8f, 0xfd8f, 0xfd8f, 0xfd8f, 
  0x1082, 0xffdf, 0x001f, 0x001f, 0x001f, 0x001f, 0x001f, 0xffdf, 0x1082, 0xfd8f, 0x1082, 0xfd8f, 0xfd8f, 0x1082, 0xfd8f, 0xfd8f, 
  0xfd8f, 0xfd8f, 0xfd8f, 0x1082, 0xffdf, 0x001f, 0x001f, 0x001f, 0x001f, 0xffdf, 0xffdf, 0xfd8f, 0xffdf, 0xfd8f, 0xfd8f, 0xffdf, 
  0xfd8f, 0xfd8f, 0xfd8f, 0xfd8f, 0xfd8f, 0xffdf, 0xffdf, 0x001f, 0x001f, 0x001f, 0xffdf, 0x1082, 0xfd8f, 0xfd8f, 0xfd8f, 0x1082, 
  0x1082, 0x1082, 0x1082, 0x1082, 0x1082, 0x1082, 0x001f, 0xffdf, 0x001f, 0x001f, 0x001f, 0x001f, 0x001f, 0xffdf, 0x1082, 0xfd8f, 
  0xfd8f, 0xfd8f, 0x1082, 0x1082, 0x1082, 0x1082, 0x1082, 0x1082, 0x1082, 0x001f, 0xffdf, 0x001f, 0x001f, 0x001f, 0x001f, 0xffdf, 
  0xffdf, 0xfd8f, 0xfd8f, 0xfd8f, 0xffdf, 0xffdf, 0xffdf, 0xffdf, 0xffdf, 0xffdf, 0xffdf, 0x001f, 0xffdf, 0x001f, 0x001f, 0x001f, 
  0x001f, 0xffdf, 0x1082, 0xfd8f, 0xfd8f, 0xfd8f, 0xfd8f, 0x1082, 0x1082, 0x1082, 0x1082, 0x001f, 0xffdf, 0x001f, 0x001f, 0x001f, 
  0x001f, 0x001f, 0x001f, 0x001f, 0xffdf, 0x1082, 0xfd8f, 0xfd8f, 0xfd8f, 0xfd8f, 0x1082, 0x1082, 0x1082, 0x1082, 0x001f, 0xffdf, 
  0x001f, 0x001f, 0x001f, 0x001f, 0x001f, 0x001f, 0xffdf, 0xffdf, 0xfd8f, 0xfd8f, 0xfd8f, 0xfd8f, 0xffdf, 0xffdf, 0xffdf, 0xffdf, 
  0x001f, 0xffdf, 0x001f, 0x001f, 0x001f, 0x001f, 0x001f, 0x1082, 0x1082, 0x1082, 0x1082, 0xfd8f, 0xfd8f, 0xfd8f, 0xfd8f, 0xffdf, 
  0x001f, 0xffdf, 0x001f, 0x001f, 0x001f, 0x001f, 0x001f, 0x001f, 0x001f, 0x001f, 0x1082, 0x1082, 0x1082, 0xfd8f, 0xfd8f, 0xfd8f, 
  0xfd8f, 0xfd8f, 0xffdf, 0x001f, 0xffdf, 0x001f, 0x001f, 0x001f, 0x001f, 0x001f, 0x001f, 0x001f, 0xffdf, 0xffdf, 0xffdf, 0xfd8f, 
  0xfd8f, 0xfd8f, 0xfd8f, 0xfd8f, 0xffdf, 0x001f, 0xffdf, 0x001f, 0x001f, 0x001f, 0x001f, 0x001f, 0x1082, 0xffdf, 0xffdf, 0x1082, 
  0x1082, 0x1082, 0x1082, 0x1082, 0x1082, 0x1082, 0x1082, 0x001f, 0x001f, 0x001f, 0x001f, 0x001f, 0x001f, 0x001f, 0x1082, 0x1082, 
  0xffdf, 0xffdf, 0x1082, 0x1082, 0x1082, 0x1082, 0x1082, 0x1082, 0x1082, 0x1082, 0x1082, 0x1082, 0x001f, 0x001f, 0x001f, 0x001f, 
  0xffdf, 0xffdf, 0xffdf, 0xffdf, 0xffdf, 0xffdf, 0xffdf, 0xffdf, 0xffdf, 0xffdf, 0xffdf, 0xffdf, 0xffdf, 0xffdf, 0x001f, 0x001f, 
  0x001f, 0x1082, 0xffdf, 0xffdf, 0xad55, 0xffdf, 0x1082, 0xffdf, 0xffdf, 0xffdf, 0x1082, 0xffdf, 0x1082, 0x1082, 0x1082, 0x001f, 
  0x001f, 0x001f, 0x001f, 0x1082, 0xffdf, 0xffdf, 0xffdf, 0xffdf, 0xad55, 0x1082, 0x1082, 0xffdf, 0xffdf, 0xffdf, 0xffdf, 0x1082, 
  0x1082, 0xffdf, 0x1082, 0x001f, 0x001f, 0xffdf, 0xffdf, 0xffdf, 0xffdf, 0xffdf, 0xad55, 0xffdf, 0xffdf, 0xffdf, 0xffdf, 0xffdf, 
  0xffdf, 0xffdf, 0xffdf, 0xffdf, 0xffdf, 0x001f, 0x001f, 0x1082, 0xffdf, 0xad55, 0xffdf, 0x1082, 0xffdf, 0xffdf, 0xffdf, 0xffdf, 
  0xfd80, 0x1082, 0xffdf, 0x1082, 0xffdf, 0x1082, 0x001f, 0x001f, 0x1082, 0xffdf, 0x1082, 0x1082, 0x1082, 0xffdf, 0x1082, 0xfd80, 
  0xfd80, 0x1082, 0xffdf, 0xffdf, 0x1082, 0xfd80, 0x1082, 0xffdf, 0x1082, 0x001f, 0xffdf, 0xffdf, 0xffdf, 0xffdf, 0xffdf, 0xffdf, 
  0xffdf, 0xfd80, 0xfd80, 0xffdf, 0xffdf, 0xffdf, 0xffdf, 0xfd80, 0xffdf, 0xffdf, 0xffdf, 0x001f, 0x001f, 0x1082, 0xffdf, 0xad55, 
  0xffdf, 0x1082, 0xffdf, 0xffdf, 0xffdf, 0xfd80, 0xfd80, 0x1082, 0xffdf, 0x1082, 0xffdf, 0x1082, 0x001f, 0x001f, 0x1082, 0x1082, 
  0xffdf, 0xffdf, 0xffdf, 0x1082, 0x1082, 0xca80, 0xca80, 0x1082, 0xffdf, 0xffdf, 0x1082, 0xca80, 0x1082, 0xffdf, 0x1082, 0x1082, 
  0xffdf, 0xffdf, 0xffdf, 0xffdf, 0xffdf, 0xffdf, 0xffdf, 0xca80, 0xca80, 0xffdf, 0xffdf, 0xffdf, 0xffdf, 0xca80, 0xffdf, 0xffdf, 
  0xffdf, 0xffdf, 0x001f, 0x1082, 0x1082, 0x1082, 0xffdf, 0xffdf, 0x1082, 0xfd80, 0xfd80, 0xfd80, 0x1082, 0xfd80, 0x1082, 0x1082, 
  0xfd80, 0x1082, 0x001f, 0x001f, 0x1082, 0xffdf, 0xffdf, 0xffdf, 0xffdf, 0xfd80, 0x1082, 0x1082, 0x1082, 0xffdf, 0xffdf, 0xffdf, 
  0xffdf, 0x1082, 0xffdf, 0x1082, 0xfd80, 0x1082, 0xffdf, 0xffdf, 0xffdf, 0xffdf, 0xffdf, 0xfd80, 0xffdf, 0xffdf, 0xffdf, 0xffdf, 
  0xffdf, 0xffdf, 0xffdf, 0xffdf, 0xffdf, 0xffdf, 0xfd80, 0xffdf, 0x001f, 0x001f, 0x1082, 0x1082, 0x1082, 0x1082, 0x1082, 0x1082, 
  0x1082, 0x1082, 0xca80, 0xca80, 0x1082, 0x1082, 0x1082, 0x001f, 0x001f, 0x001f, 0x1082, 0xffdf, 0xffdf, 0xffdf, 0xfd80, 0xfd80, 
  0x1082, 0xad55, 0xffdf, 0xffdf, 0xffdf, 0xffdf, 0xad55, 0xffdf, 0x1082, 0xfd80, 0xffdf, 0x1082, 0xffdf, 0xffdf, 0xffdf, 0xffdf, 
  0xfd80, 0xfd80, 0xffdf, 0xad55, 0xffdf, 0xffdf, 0xffdf, 0xffdf, 0xad55, 0xffdf, 0xffdf, 0xfd80, 0xffdf, 0xffdf, 0x001f, 0x001f, 
  0x1082, 0xffdf, 0xad55, 0xad55, 0xffdf, 0xffdf, 0xffdf, 0xad55, 0xad55, 0xffdf, 0xffdf, 0x1082, 0x001f, 0x001f, 0x001f, 0x001f, 
  0x001f, 0x1082, 0xfd80, 0xfd80, 0xfd80, 0x1082, 0xad55, 0xad55, 0xad55, 0xffdf, 0xffdf, 0xad55, 0xffdf, 0xffdf, 0x1082, 0xfd80, 
  0xffdf, 0x1082, 0x001f, 0xffdf, 0xfd80, 0xfd80, 0xfd80, 0xffdf, 0xad55, 0xad55, 0xad55, 0xffdf, 0xffdf, 0xad55, 0xffdf, 0xffdf, 
  0xffdf, 0xfd80, 0xffdf, 0xffdf, 0x001f, 0x001f, 0x1082, 0xffdf, 0xad55, 0xffdf, 0xffdf, 0xffdf, 0xffdf, 0xffdf, 0xad55, 0xffdf, 
  0x1082, 0x001f, 0x001f, 0x001f, 0x001f, 0x001f, 0x001f, 0x001f, 0x1082, 0x1082, 0x1082, 0xad55, 0xffdf, 0xad55, 0xad55, 0xffdf, 
  0xffdf, 0xad55, 0xffdf, 0xffdf, 0x1082, 0xffdf, 0xffdf, 0x1082, 0x001f, 0x001f, 0xffdf, 0xffdf, 0xffdf, 0xad55, 0xffdf, 0xad55, 
  0xad55, 0xffdf, 0xffdf, 0xad55, 0xffdf, 0xffdf, 0xffdf, 0xffdf, 0xffdf, 0xffdf, 0x001f, 0x001f, 0x1082, 0x1082, 0xad55, 0xffdf, 
  0xffdf, 0xffdf, 0xffdf, 0xad55, 0x1082, 0xffdf, 0x1082, 0x001f, 0x001f, 0x001f, 0x001f, 0x001f, 0x001f, 0x001f, 0x1082, 0xffdf, 
  0x1082, 0xffdf, 0xffdf, 0xffdf, 0x1082, 0x1082, 0x1082, 0x1082, 0x1082, 0xffdf, 0x1082, 0xffdf, 0xffdf, 0x1082, 0x001f, 0x001f, 
  0xffdf, 0xffdf, 0xffdf, 0xffdf, 0xffdf, 0xffdf, 0xffdf, 0xffdf, 0xffdf, 0xffdf, 0xffdf, 0xffdf, 0xffdf, 0xffdf, 0xffdf, 0xffdf, 
  0x001f, 0x001f, 0x001f, 0x1082, 0xad55, 0xffdf, 0xffdf, 0xffdf, 0xad55, 0x1082, 0xffdf, 0x1082, 0x001f, 0x001f, 0x001f, 0x001f, 
  0x001f, 0x001f, 0x001f, 0x001f, 0x1082, 0xffdf, 0xffdf, 0x1082, 0x1082, 0x1082, 0x001f, 0x001f, 0x001f, 0x001f, 0x001f, 0x1082, 
  0xfd80, 0xfd80, 0x1082, 0x1082, 0x001f, 0x001f, 0xffdf, 0xffdf, 0xffdf, 0xffdf, 0xffdf, 0xffdf, 0x001f, 0x001f, 0x001f, 0x001f, 
  0x001f, 0xffdf, 0xfd80, 0xfd80, 0xffdf, 0xffdf, 0x001f, 0x001f, 0x001f, 0x1082, 0x1082, 0x1082, 0x1082, 0x1082, 0x1082, 0x1082, 
  0x1082, 0x1082, 0x001f, 0x001f, 0x001f, 0x001f, 0x001f, 0x001f, 0x001f, 0x001f, 0x1082, 0xffdf, 0xfd80, 0x1082, 0x001f, 0x001f, 
  0x001f, 0x001f, 0x001f, 0x001f, 0x001f, 0x001f, 0x1082, 0x1082, 0x1082, 0x001f, 0x001f, 0x001f, 0xffdf, 0xffdf, 0xfd80, 0xffdf, 
  0x001f, 0x001f, 0x001f, 0x001f, 0x001f, 0x001f, 0x001f, 0x001f, 0xffdf, 0xffdf, 0xffdf, 0x001f, 0x001f, 0x001f, 0x1082, 0xfd80, 
  0xffdf, 0xffdf, 0xffdf, 0xfd80, 0x1082, 0xffdf, 0xfd80, 0xfd80, 0x1082, 0x001f, 0x001f, 0x001f, 0x001f, 0x001f, 0x001f, 0x001f, 
  0x1082, 0xfd80, 0x1082, 0x001f, 0x001f, 0x001f, 0x001f, 0x001f, 0x001f, 0x001f, 0x001f, 0x001f, 0x001f, 0x001f, 0x001f, 0x001f, 
  0x001f, 0x001f, 0xffdf, 0xfd80, 0xffdf, 0x001f, 0x001f, 0x001f, 0x001f, 0x001f, 0x001f, 0x001f, 0x001f, 0x001f, 0x001f, 0x001f, 
  0x001f, 0x001f, 0x001f, 0x001f, 0x1082, 0xfd80, 0xffdf, 0xffdf, 0xffdf, 0xffdf, 0xfd80, 0x1082, 0xffdf, 0xffdf, 0xfd80, 0x1082, 
  0x001f, 0x001f, 0x001f, 0x001f, 0x001f, 0x001f, 0x1082, 0x1082, 0x001f, 0x001f, 0x001f, 0x001f, 0x001f, 0x001f, 0x001f, 0x001f, 
  0x001f, 0x001f, 0x001f, 0x001f, 0x001f, 0x001f, 0x001f, 0x001f, 0xffdf, 0xffdf, 0x001f, 0x001f, 0x001f, 0x001f, 0x001f, 0x001f, 
  0x001f, 0x001f, 0x001f, 0x001f, 0x001f, 0x001f, 0x001f, 0x001f, 0x001f, 0x001f, 0x1082, 0x1082, 0x1082, 0x1082, 0x1082, 0x1082, 
  0x1082, 0x1082, 0x1082, 0x1082, 0x1082, 0x1082, 0x001f, 0x001f, 0x001f, 0x001f, 0x001f, 0x001f, 0x001f, 0x001f, 0x001f, 0x001f, 
  0x001f, 0x001f, 0x001f, 0x001f, 0x001f, 0x001f, 0x001f, 0x001f, 0x001f, 0x001f, 0x001f, 0x001f, 0x001f, 0x001f, 0x001f, 0x001f, 
  0x001f, 0x001f, 0x001f, 0x001f, 0x001f, 0x001f, 0x001f, 0x001f, 0x001f, 0x001f, 0x001f, 0x001f, 0x001f, 0x001f
};
// 'SPACE_L', 54x29px
const uint16_t SPACE_L [] PROGMEM = {
  0x001f, 0x001f, 0x001f, 0x001f, 0x001f, 0x001f, 0xffdf, 0xffdf, 0xffdf, 0xffdf, 0xffdf, 0xffdf, 0x001f, 0x001f, 0x001f, 0x001f, 
  0x001f, 0x001f, 0x001f, 0x001f, 0x001f, 0x001f, 0x001f, 0x001f, 0x001f, 0xffdf, 0xffdf, 0xffdf, 0xffdf, 0xffdf, 0xffdf, 0x001f, 
  0x001f, 0x001f, 0x001f, 0x001f, 0x001f, 0x001f, 0x001f, 0x001f, 0x001f, 0x001f, 0x001f, 0xffdf, 0xffdf, 0xffdf, 0xffdf, 0xffdf, 
  0xffdf, 0x001f, 0x001f, 0x001f, 0x001f, 0x001f, 0x001f, 0x001f, 0x001f, 0x001f, 0xffdf, 0xffdf, 0x001f, 0x001f, 0x001f, 0x001f, 
  0x001f, 0x001f, 0xffdf, 0xffdf, 0x001f, 0x001f, 0x001f, 0x001f, 0x001f, 0x001f, 0x001f, 0x001f, 0x001f, 0xffdf, 0xffdf, 0x001f, 
  0x001f, 0x001f, 0x001f, 0x001f, 0x001f, 0xffdf, 0xffdf, 0x001f, 0x001f, 0x001f, 0x001f, 0x001f, 0x001f, 0x001f, 0x001f, 0xffdf, 
  0xffdf, 0x001f, 0x001f, 0x001f, 0x001f, 0x001f, 0x001f, 0xffdf, 0xffdf, 0x001f, 0x001f, 0x001f, 0x001f, 0x001f, 0x001f, 0xffdf, 
  0x001f, 0x001f, 0xffdf, 0x001f, 0x1082, 0x1082, 0x1082, 0x1082, 0x001f, 0x001f, 0xffdf, 0x001f, 0x001f, 0x001f, 0x001f, 0x001f, 
  0x001f, 0x001f, 0xffdf, 0x001f, 0x001f, 0xffdf, 0x001f, 0x1082, 0x1082, 0x1082, 0x1082, 0x001f, 0x001f, 0xffdf, 0x001f, 0x001f, 
  0x001f, 0x001f, 0x001f, 0x001f, 0xffdf, 0x001f, 0x001f, 0xffdf, 0x001f, 0xffdf, 0xffdf, 0xffdf, 0xffdf, 0x001f, 0x001f, 0xffdf, 
  0x001f, 0x001f, 0x001f, 0x001f, 0xffdf, 0x001f, 0x001f, 0xffdf, 0x1082, 0x1082, 0x6e88, 0x6e88, 0x6e88, 0x6e88, 0x1082, 0x001f, 
  0x001f, 0xffdf, 0x001f, 0x001f, 0x001f, 0x001f, 0x001f, 0xffdf, 0x001f, 0x001f, 0xffdf, 0x1082, 0x1082, 0x6e88, 0x6e88, 0x6e88, 
  0x6e88, 0x1082, 0x001f, 0x001f, 0xffdf, 0x001f, 0x001f, 0x001f, 0x001f, 0xffdf, 0x001f, 0x001f, 0xffdf, 0xffdf, 0xffdf, 0x6e88, 
  0x6e88, 0x6e88, 0x6e88, 0xffdf, 0x001f, 0x001f, 0xffdf, 0x001f, 0x001f, 0x001f, 0xffdf, 0x001f, 0x001f, 0x1082, 0x6e88, 0x6e88, 
  0x6e88, 0xfd80, 0xfd80, 0xfd80, 0x6e88, 0x1082, 0x001f, 0xffdf, 0x001f, 0x001f, 0x001f, 0x001f, 0x001f, 0xffdf, 0x001f, 0x001f, 
  0x1082, 0x6e88, 0x6e88, 0x6e88, 0xfd80, 0xfd80, 0xfd80, 0x6e88, 0x1082, 0x001f, 0xffdf, 0x001f, 0x001f, 0x001f, 0x001f, 0xffdf, 
  0x001f, 0x001f, 0xffdf, 0x6e88, 0x6e88, 0x6e88, 0xfd80, 0xfd80, 0xfd80, 0x6e88, 0xffdf, 0x001f, 0xffdf, 0x001f, 0x001f, 0xffdf, 
  0x001f, 0x001f, 0x1082, 0x6e88, 0x6e88, 0x2b82, 0x1082, 0x1082, 0x1082, 0x1082, 0x1082, 0x1082, 0x1082, 0x001f, 0xffdf, 0x001f, 
  0x001f, 0x001f, 0xffdf, 0x001f, 0x001f, 0x1082, 0x6e88, 0x6e88, 0x2b82, 0x1082, 0x1082, 0x1082, 0x1082, 0x1082, 0x1082, 0x1082, 
  0x001f, 0xffdf, 0x001f, 0x001f, 0xffdf, 0x001f, 0x001f, 0xffdf, 0x6e88, 0x6e88, 0x2b82, 0xffdf, 0xffdf, 0xffdf, 0xffdf, 0xffdf, 
  0xffdf, 0xffdf, 0x001f, 0xffdf, 0x001f, 0xffdf, 0x001f, 0x1082, 0x6e88, 0x2b82, 0x2b82, 0x1082, 0x1082, 0x1082, 0x1082, 0x1082, 
  0x1082, 0x1082, 0x1082, 0x1082, 0xffdf, 0x001f, 0x001f, 0x001f, 0xffdf, 0x001f, 0x1082, 0x6e88, 0x2b82, 0x2b82, 0x1082, 0x1082, 
  0x1082, 0x1082, 0x1082, 0x1082, 0x1082, 0x1082, 0x1082, 0xffdf, 0x001f, 0x001f, 0xffdf, 0x001f, 0xffdf, 0x6e88, 0x2b82, 0x2b82, 
  0xffdf, 0xffdf, 0xffdf, 0xffdf, 0xffdf, 0xffdf, 0xffdf, 0xffdf, 0xffdf, 0xffdf, 0x001f, 0xffdf, 0x001f, 0x1082, 0x2b82, 0x1082, 
  0x1082, 0xfd8f, 0xffdf, 0xffdf, 0xfd8f, 0xffdf, 0xffdf, 0x1082, 0x1082, 0x001f, 0xffdf, 0x001f, 0x001f, 0x001f, 0xffdf, 0x001f, 
  0x1082, 0x2b82, 0x1082, 0x1082, 0xfd8f, 0xffdf, 0xffdf, 0xfd8f, 0xffdf, 0xffdf, 0x1082, 0x1082, 0x001f, 0xffdf, 0x001f, 0x001f, 
  0xffdf, 0x001f, 0xffdf, 0x2b82, 0xffdf, 0xffdf, 0xfd8f, 0xffdf, 0xffdf, 0xfd8f, 0xffdf, 0xffdf, 0xffdf, 0xffdf, 0x001f, 0xffdf, 
  0x001f, 0xffdf, 0x001f, 0x1082, 0x1082, 0x1082, 0xfd8f, 0xffdf, 0xffdf, 0x1082, 0xfd8f, 0x1082, 0xffdf, 0x1082, 0x001f, 0x001f, 
  0xffdf, 0x001f, 0x001f, 0x001f, 0xffdf, 0x001f, 0x1082, 0x1082, 0x1082, 0xfd8f, 0xffdf, 0xffdf, 0x1082, 0xfd8f, 0x1082, 0xffdf, 
  0x1082, 0x001f, 0x001f, 0xffdf, 0x001f, 0x001f, 0xffdf, 0x001f, 0xffdf, 0xffdf, 0xffdf, 0xfd8f, 0xffdf, 0xffdf, 0xffdf, 0xfd8f, 
  0xffdf, 0xffdf, 0xffdf, 0x001f, 0x001f, 0xffdf, 0x001f, 0xffdf, 0x1082, 0xfd8f, 0x1082, 0x1082, 0xfd8f, 0xffdf, 0xffdf, 0x1082, 
  0xfd8f, 0x1082, 0xffdf, 0x1082, 0x001f, 0x001f, 0xffdf, 0x001f, 0x001f, 0x001f, 0xffdf, 0x1082, 0xfd8f, 0x1082, 0x1082, 0xfd8f, 
  0xffdf, 0xffdf, 0x1082, 0xfd8f, 0x1082, 0xffdf, 0x1082, 0x001f, 0x001f, 0xffdf, 0x001f, 0x001f, 0xffdf, 0xffdf, 0xfd8f, 0xffdf, 
  0xffdf, 0xfd8f, 0xffdf, 0xffdf, 0xffdf, 0xfd8f, 0xffdf, 0xffdf, 0xffdf, 0x001f, 0x001f, 0xffdf, 0x001f, 0xffdf, 0x1082, 0xfd8f, 
  0x1082, 0x1082, 0x1082, 0xfd8f, 0xfd8f, 0xfd8f, 0xffdf, 0xffdf, 0xffdf, 0xffdf, 0x1082, 0x001f, 0xffdf, 0x001f, 0x001f, 0x001f, 
  0xffdf, 0x1082, 0xfd8f, 0x1082, 0x1082, 0x1082, 0xfd8f, 0xfd8f, 0xfd8f, 0xffdf, 0xffdf, 0xffdf, 0xffdf, 0x1082, 0x001f, 0xffdf, 
  0x001f, 0x001f, 0xffdf, 0xffdf, 0xfd8f, 0xffdf, 0xffdf, 0xffdf, 0xfd8f, 0xfd8f, 0xfd8f, 0xffdf, 0xffdf, 0xffdf, 0xffdf, 0xffdf, 
  0x001f, 0xffdf, 0x001f, 0x001f, 0xffdf, 0x1082, 0xfd8f, 0x1082, 0xfd8f, 0xfd8f, 0x1082, 0xfd8f, 0xfd8f, 0xfd8f, 0xfd8f, 0xfd8f, 
  0x1082, 0xffdf, 0x001f, 0x001f, 0x001f, 0x001f, 0x001f, 0xffdf, 0x1082, 0xfd8f, 0x1082, 0xfd8f, 0xfd8f, 0x1082, 0xfd8f, 0xfd8f, 
  0xfd8f, 0xfd8f, 0xfd8f, 0x1082, 0xffdf, 0x001f, 0x001f, 0x001f, 0x001f, 0xffdf, 0xffdf, 0xfd8f, 0xffdf, 0xfd8f, 0xfd8f, 0xffdf, 
  0xfd8f, 0xfd8f, 0xfd8f, 0xfd8f, 0xfd8f, 0xffdf, 0xffdf, 0x001f, 0x001f, 0x001f, 0xffdf, 0x1082, 0xfd8f, 0xfd8f, 0xfd8f, 0x1082, 
  0x1082, 0x1082, 0x1082, 0x1082, 0x1082, 0x1082, 0x001f, 0xffdf, 0x001f, 0x001f, 0x001f, 0x001f, 0x001f, 0xffdf, 0x1082, 0xfd8f, 
  0xfd8f, 0xfd8f, 0x1082, 0x1082, 0x1082, 0x1082, 0x1082, 0x1082, 0x1082, 0x001f, 0xffdf, 0x001f, 0x001f, 0x001f, 0x001f, 0xffdf, 
  0xffdf, 0xfd8f, 0xfd8f, 0xfd8f, 0xffdf, 0xffdf, 0xffdf, 0xffdf, 0xffdf, 0xffdf, 0xffdf, 0x001f, 0xffdf, 0x001f, 0x001f, 0x001f, 
  0x001f, 0xffdf, 0x1082, 0xfd8f, 0xfd8f, 0xfd8f, 0xfd8f, 0x1082, 0x1082, 0x1082, 0x1082, 0x001f, 0xffdf, 0x001f, 0x001f, 0x001f, 
  0x001f, 0x001f, 0x001f, 0x001f, 0xffdf, 0x1082, 0xfd8f, 0xfd8f, 0xfd8f, 0xfd8f, 0x1082, 0x1082, 0x1082, 0x1082, 0x001f, 0xffdf, 
  0x001f, 0x001f, 0x001f, 0x001f, 0x001f, 0x001f, 0xffdf, 0xffdf, 0xfd8f, 0xfd8f, 0xfd8f, 0xfd8f, 0xffdf, 0xffdf, 0xffdf, 0xffdf, 
  0x001f, 0xffdf, 0x001f, 0x001f, 0x001f, 0x001f, 0x001f, 0x1082, 0x1082, 0x1082, 0x1082, 0xfd8f, 0xfd8f, 0xfd8f, 0xfd8f, 0xffdf, 
  0x001f, 0xffdf, 0x001f, 0x001f, 0x001f, 0x001f, 0x001f, 0x001f, 0x001f, 0x001f, 0x1082, 0x1082, 0x1082, 0xfd8f, 0xfd8f, 0xfd8f, 
  0xfd8f, 0xfd8f, 0xffdf, 0x001f, 0xffdf, 0x001f, 0x001f, 0x001f, 0x001f, 0x001f, 0x001f, 0x001f, 0xffdf, 0xffdf, 0xffdf, 0xfd8f, 
  0xfd8f, 0xfd8f, 0xfd8f, 0xfd8f, 0xffdf, 0x001f, 0xffdf, 0x001f, 0x001f, 0x001f, 0x001f, 0x001f, 0x1082, 0xffdf, 0xffdf, 0x1082, 
  0x1082, 0x1082, 0x1082, 0x1082, 0x1082, 0x1082, 0x1082, 0x001f, 0x001f, 0x001f, 0x001f, 0x001f, 0x001f, 0x001f, 0x1082, 0x1082, 
  0xffdf, 0xffdf, 0x1082, 0x1082, 0x1082, 0x1082, 0x1082, 0x1082, 0x1082, 0x1082, 0x1082, 0x1082, 0x001f, 0x001f, 0x001f, 0x001f, 
  0xffdf, 0xffdf, 0xffdf, 0xffdf, 0xffdf, 0xffdf, 0xffdf, 0xffdf, 0xffdf, 0xffdf, 0xffdf, 0xffdf, 0xffdf, 0xffdf, 0x001f, 0x001f, 
  0x001f, 0x1082, 0xffdf, 0xffdf, 0xad55, 0xffdf, 0x1082, 0xffdf, 0xffdf, 0xffdf, 0x1082, 0xffdf, 0x1082, 0x1082, 0x1082, 0x001f, 
  0x001f, 0x001f, 0x001f, 0x1082, 0xffdf, 0xffdf, 0xffdf, 0xffdf, 0xad55, 0x1082, 0x1082, 0xffdf, 0xffdf, 0xffdf, 0xffdf, 0x1082, 
  0x1082, 0xffdf, 0x1082, 0x001f, 0x001f, 0xffdf, 0xffdf, 0xffdf, 0xffdf, 0xffdf, 0xad55, 0xffdf, 0xffdf, 0xffdf, 0xffdf, 0xffdf, 
  0xffdf, 0xffdf, 0xffdf, 0xffdf, 0xffdf, 0x001f, 0x001f, 0x1082, 0xffdf, 0xad55, 0xffdf, 0x1082, 0xffdf, 0xffdf, 0xffdf, 0xffdf, 
  0xfd80, 0x1082, 0xffdf, 0x1082, 0xffdf, 0x1082, 0x001f, 0x001f, 0x1082, 0xffdf, 0x1082, 0x1082, 0x1082, 0xffdf, 0x1082, 0xfd80, 
  0xfd80, 0x1082, 0xffdf, 0xffdf, 0x1082, 0xfd80, 0x1082, 0xffdf, 0x1082, 0x001f, 0xffdf, 0xffdf, 0xffdf, 0xffdf, 0xffdf, 0xffdf, 
  0xffdf, 0xfd80, 0xfd80, 0xffdf, 0xffdf, 0xffdf, 0xffdf, 0xfd80, 0xffdf, 0xffdf, 0xffdf, 0x001f, 0x001f, 0x1082, 0xffdf, 0xad55, 
  0xffdf, 0x1082, 0xffdf, 0xffdf, 0xffdf, 0xfd80, 0xfd80, 0x1082, 0xffdf, 0x1082, 0xffdf, 0x1082, 0x001f, 0x001f, 0x1082, 0x1082, 
  0xffdf, 0xffdf, 0xffdf, 0x1082, 0x1082, 0xca80, 0xca80, 0x1082, 0xffdf, 0xffdf, 0x1082, 0xca80, 0x1082, 0xffdf, 0x1082, 0x1082, 
  0xffdf, 0xffdf, 0xffdf, 0xffdf, 0xffdf, 0xffdf, 0xffdf, 0xca80, 0xca80, 0xffdf, 0xffdf, 0xffdf, 0xffdf, 0xca80, 0xffdf, 0xffdf, 
  0xffdf, 0xffdf, 0x001f, 0x1082, 0x1082, 0x1082, 0xffdf, 0xffdf, 0x1082, 0xfd80, 0xfd80, 0xfd80, 0x1082, 0xfd80, 0x1082, 0x1082, 
  0xfd80, 0x1082, 0x001f, 0x001f, 0x1082, 0xffdf, 0xffdf, 0xffdf, 0xffdf, 0xfd80, 0x1082, 0x1082, 0x1082, 0xffdf, 0xffdf, 0xffdf, 
  0xffdf, 0x1082, 0xffdf, 0x1082, 0xfd80, 0x1082, 0xffdf, 0xffdf, 0xffdf, 0xffdf, 0xffdf, 0xfd80, 0xffdf, 0xffdf, 0xffdf, 0xffdf, 
  0xffdf, 0xffdf, 0xffdf, 0xffdf, 0xffdf, 0xffdf, 0xfd80, 0xffdf, 0x001f, 0x001f, 0x1082, 0x1082, 0x1082, 0x1082, 0x1082, 0x1082, 
  0x1082, 0x1082, 0xca80, 0xca80, 0x1082, 0x1082, 0x1082, 0x001f, 0x001f, 0x001f, 0x1082, 0xffdf, 0xffdf, 0xffdf, 0xfd80, 0xfd80, 
  0x1082, 0xad55, 0xffdf, 0xffdf, 0xffdf, 0xffdf, 0xad55, 0xffdf, 0x1082, 0xfd80, 0xffdf, 0x1082, 0xffdf, 0xffdf, 0xffdf, 0xffdf, 
  0xfd80, 0xfd80, 0xffdf, 0xad55, 0xffdf, 0xffdf, 0xffdf, 0xffdf, 0xad55, 0xffdf, 0xffdf, 0xfd80, 0xffdf, 0xffdf, 0x001f, 0x001f, 
  0x1082, 0xffdf, 0xad55, 0xad55, 0xffdf, 0xffdf, 0xffdf, 0xad55, 0xad55, 0xffdf, 0xffdf, 0x1082, 0x001f, 0x001f, 0x001f, 0x001f, 
  0x001f, 0x1082, 0xfd80, 0xfd80, 0xfd80, 0x1082, 0xad55, 0xad55, 0xad55, 0xffdf, 0xffdf, 0xad55, 0xffdf, 0xffdf, 0x1082, 0xfd80, 
  0xffdf, 0x1082, 0x001f, 0xffdf, 0xfd80, 0xfd80, 0xfd80, 0xffdf, 0xad55, 0xad55, 0xad55, 0xffdf, 0xffdf, 0xad55, 0xffdf, 0xffdf, 
  0xffdf, 0xfd80, 0xffdf, 0xffdf, 0x001f, 0x001f, 0x1082, 0xffdf, 0xad55, 0xffdf, 0xffdf, 0xffdf, 0xffdf, 0xffdf, 0xad55, 0xffdf, 
  0x1082, 0x001f, 0x001f, 0x001f, 0x001f, 0x001f, 0x001f, 0x001f, 0x1082, 0x1082, 0x1082, 0xad55, 0xffdf, 0xad55, 0xad55, 0xffdf, 
  0xffdf, 0xad55, 0xffdf, 0xffdf, 0x1082, 0xffdf, 0xffdf, 0x1082, 0x001f, 0x001f, 0xffdf, 0xffdf, 0xffdf, 0xad55, 0xffdf, 0xad55, 
  0xad55, 0xffdf, 0xffdf, 0xad55, 0xffdf, 0xffdf, 0xffdf, 0xffdf, 0xffdf, 0xffdf, 0x001f, 0x001f, 0x1082, 0x1082, 0xad55, 0xffdf, 
  0xffdf, 0xffdf, 0xffdf, 0xad55, 0x1082, 0xffdf, 0x1082, 0x001f, 0x001f, 0x001f, 0x001f, 0x001f, 0x001f, 0x001f, 0x1082, 0xffdf, 
  0x1082, 0xffdf, 0xffdf, 0xffdf, 0x1082, 0x1082, 0x1082, 0x1082, 0x1082, 0xffdf, 0x1082, 0xffdf, 0xffdf, 0x1082, 0x001f, 0x001f, 
  0xffdf, 0xffdf, 0xffdf, 0xffdf, 0xffdf, 0xffdf, 0xffdf, 0xffdf, 0xffdf, 0xffdf, 0xffdf, 0xffdf, 0xffdf, 0xffdf, 0xffdf, 0xffdf, 
  0x001f, 0x001f, 0x001f, 0x1082, 0xad55, 0xffdf, 0xffdf, 0xffdf, 0xad55, 0x1082, 0xffdf, 0x1082, 0x001f, 0x001f, 0x001f, 0x001f, 
  0x001f, 0x001f, 0x001f, 0x001f, 0x1082, 0xffdf, 0xffdf, 0x1082, 0x1082, 0x1082, 0x001f, 0x001f, 0x001f, 0x001f, 0x001f, 0x1082, 
  0xfd80, 0xfd80, 0x1082, 0x1082, 0x001f, 0x001f, 0xffdf, 0xffdf, 0xffdf, 0xffdf, 0xffdf, 0xffdf, 0x001f, 0x001f, 0x001f, 0x001f, 
  0x001f, 0xffdf, 0xfd80, 0xfd80, 0xffdf, 0xffdf, 0x001f, 0x001f, 0x001f, 0x1082, 0x1082, 0x1082, 0x1082, 0x1082, 0x1082, 0x1082, 
  0x1082, 0x1082, 0x001f, 0x001f, 0x001f, 0x001f, 0x001f, 0x001f, 0x001f, 0x001f, 0x1082, 0xffdf, 0xfd80, 0x1082, 0x001f, 0x001f, 
  0x001f, 0x001f, 0x001f, 0x001f, 0x001f, 0x001f, 0x1082, 0x1082, 0x1082, 0x001f, 0x001f, 0x001f, 0xffdf, 0xffdf, 0xfd80, 0xffdf, 
  0x001f, 0x001f, 0x001f, 0x001f, 0x001f, 0x001f, 0x001f, 0x001f, 0xffdf, 0xffdf, 0xffdf, 0x001f, 0x001f, 0x001f, 0x1082, 0xfd80, 
  0xffdf, 0xffdf, 0xffdf, 0xfd80, 0x1082, 0xffdf, 0xfd80, 0xfd80, 0x1082, 0x001f, 0x001f, 0x001f, 0x001f, 0x001f, 0x001f, 0x001f, 
  0x1082, 0xfd80, 0x1082, 0x001f, 0x001f, 0x001f, 0x001f, 0x001f, 0x001f, 0x001f, 0x001f, 0x001f, 0x001f, 0x001f, 0x001f, 0x001f, 
  0x001f, 0x001f, 0xffdf, 0xfd80, 0xffdf, 0x001f, 0x001f, 0x001f, 0x001f, 0x001f, 0x001f, 0x001f, 0x001f, 0x001f, 0x001f, 0x001f, 
  0x001f, 0x001f, 0x001f, 0x001f, 0x1082, 0xfd80, 0xffdf, 0xffdf, 0xffdf, 0xffdf, 0xfd80, 0x1082, 0xffdf, 0xffdf, 0xfd80, 0x1082, 
  0x001f, 0x001f, 0x001f, 0x001f, 0x001f, 0x001f, 0x1082, 0x1082, 0x001f, 0x001f, 0x001f, 0x001f, 0x001f, 0x001f, 0x001f, 0x001f, 
  0x001f, 0x001f, 0x001f, 0x001f, 0x001f, 0x001f, 0x001f, 0x001f, 0xffdf, 0xffdf, 0x001f, 0x001f, 0x001f, 0x001f, 0x001f, 0x001f, 
  0x001f, 0x001f, 0x001f, 0x001f, 0x001f, 0x001f, 0x001f, 0x001f, 0x001f, 0x001f, 0x1082, 0x1082, 0x1082, 0x1082, 0x1082, 0x1082, 
  0x1082, 0x1082, 0x1082, 0x1082, 0x1082, 0x1082, 0x001f, 0x001f, 0x001f, 0x001f, 0x001f, 0x001f, 0x001f, 0x001f, 0x001f, 0x001f, 
  0x001f, 0x001f, 0x001f, 0x001f, 0x001f, 0x001f, 0x001f, 0x001f, 0x001f, 0x001f, 0x001f, 0x001f, 0x001f, 0x001f, 0x001f, 0x001f, 
  0x001f, 0x001f, 0x001f, 0x001f, 0x001f, 0x001f, 0x001f, 0x001f, 0x001f, 0x001f, 0x001f, 0x001f, 0x001f, 0x001f
};
// 'SPACE_WIN', 48x24px
const uint16_t SPACE_WIN [] PROGMEM = {
  0x001f, 0x001f, 0x001f, 0x001f, 0x001f, 0x001f, 0x001f, 0x001f, 0xffdf, 0xffdf, 0xffdf, 0xffdf, 0xffdf, 0xffdf, 0xffdf, 0xffdf, 
  0x001f, 0x001f, 0x001f, 0x001f, 0x001f, 0x001f, 0x001f, 0x001f, 0x001f, 0x001f, 0x001f, 0x001f, 0x001f, 0x001f, 0x001f, 0x001f, 
  0x001f, 0xffdf, 0xffdf, 0xffdf, 0xffdf, 0xffdf, 0xffdf, 0x001f, 0x001f, 0x001f, 0x001f, 0x001f, 0x001f, 0x001f, 0x001f, 0x001f, 
  0x001f, 0x001f, 0x001f, 0x001f, 0x001f, 0xffdf, 0xffdf, 0xffdf, 0x1082, 0x1082, 0xf904, 0xf904, 0xf904, 0xf904, 0x1082, 0x1082, 
  0xffdf, 0xffdf, 0xffdf, 0x001f, 0x001f, 0x001f, 0x001f, 0x001f, 0x001f, 0x001f, 0x001f, 0x001f, 0x001f, 0x001f, 0xffdf, 0xffdf, 
  0xffdf, 0x6e88, 0x6e88, 0x6e88, 0x6e88, 0x6e88, 0x6e88, 0xffdf, 0xffdf, 0xffdf, 0x001f, 0x001f, 0x001f, 0x001f, 0x001f, 0x001f, 
  0x001f, 0x001f, 0x001f, 0xffdf, 0xffdf, 0x001f, 0x1082, 0x1082, 0xf904, 0xf904, 0xfd80, 0xfd80, 0xfd80, 0xfd80, 0xf904, 0xf904, 
  0x1082, 0x1082, 0x001f, 0xffdf, 0xffdf, 0x001f, 0x001f, 0x001f, 0x001f, 0x001f, 0x001f, 0x001f, 0xffdf, 0xffdf, 0x1082, 0x6e88, 
  0x6e88, 0x6e88, 0xfd80, 0xfd80, 0xfd80, 0xfd80, 0x6e88, 0x6e88, 0x6e88, 0x1082, 0xffdf, 0xffdf, 0x001f, 0x001f, 0x001f, 0x001f, 
  0x001f, 0x001f, 0xffdf, 0x001f, 0x001f, 0x1082, 0xf904, 0xf904, 0xf904, 0xfd80, 0xf904, 0xfd80, 0xfd80, 0xf904, 0xfd80, 0xf904, 
  0xf904, 0xf904, 0x1082, 0x001f, 0x001f, 0xffdf, 0x001f, 0x001f, 0x001f, 0x001f, 0x001f, 0xffdf, 0x001f, 0x1082, 0x6e88, 0x6e88, 
  0x6e88, 0xfd80, 0xfd80, 0x6e88, 0xfd80, 0xfd80, 0xfd80, 0x6e88, 0x6e88, 0x6e88, 0x1082, 0x001f, 0xffdf, 0x001f, 0x001f, 0x001f, 
  0x001f, 0xffdf, 0x001f, 0x001f, 0x1082, 0xf904, 0xf904, 0xffdf, 0xffdf, 0xfd80, 0xf904, 0xf904, 0xf904, 0xf904, 0xfd80, 0xf904, 
  0xf904, 0xf904, 0xf904, 0x1082, 0x001f, 0x001f, 0xffdf, 0x001f, 0x001f, 0x001f, 0xffdf, 0x001f, 0x1082, 0x2b82, 0x6e88, 0x6e88, 
  0xffdf, 0xffdf, 0xfd80, 0x6e88, 0xfd80, 0xfd80, 0xfd80, 0x6e88, 0x6e88, 0x6e88, 0x2b82, 0x1082, 0x001f, 0xffdf, 0x001f, 0x001f, 
  0x001f, 0xffdf, 0x001f, 0x1082, 0xa0c3, 0xffdf, 0xffdf, 0xf904, 0xf904, 0xfd80, 0xf904, 0xfd80, 0xfd80, 0xf904, 0xfd80, 0xf904, 
  0xf904, 0xf904, 0xf904, 0xa0c3, 0x1082, 0x001f, 0xffdf, 0x001f, 0x001f, 0x001f, 0xffdf, 0x1082, 0x2b82, 0x6e88, 0xffdf, 0xffdf, 
  0x6e88, 0xfd80, 0xfd80, 0x6e88, 0x6e88, 0xfd80, 0xfd80, 0x6e88, 0x6e88, 0x6e88, 0x6e88, 0x2b82, 0x1082, 0xffdf, 0x001f, 0x001f, 
  0xffdf, 0x001f, 0x1082, 0xa0c3, 0xffdf, 0xffdf, 0xf904, 0xf904, 0xf904, 0x1082, 0x1082, 0x1082, 0x1082, 0x1082, 0x1082, 0xf904, 
  0xf904, 0xf904, 0xf904, 0xf904, 0xa0c3, 0x1082, 0x001f, 0xffdf, 0x001f, 0xffdf, 0x001f, 0x1082, 0x2b82, 0xffdf, 0xffdf, 0x6e88, 
  0x1082, 0x1082, 0x1082, 0x1082, 0x1082, 0x1082, 0x1082, 0x1082, 0x6e88, 0x6e88, 0x2b82, 0x2b82, 0x1082, 0x001f, 0xffdf, 0x001f, 
  0xffdf, 0x001f, 0x1082, 0xa0c3, 0xffdf, 0xf904, 0xf904, 0x1082, 0x1082, 0x1082, 0x1082, 0x1082, 0x1082, 0x1082, 0x1082, 0x1082, 
  0x1082, 0xf904, 0xf904, 0xa0c3, 0xa0c3, 0x1082, 0x001f, 0xffdf, 0x001f, 0xffdf, 0x1082, 0x2b82, 0x2b82, 0xffdf, 0x1082, 0x1082, 
  0x1082, 0x1082, 0x1082, 0x1082, 0x1082, 0x1082, 0x1082, 0x1082, 0x1082, 0x1082, 0x2b82, 0x2b82, 0x2b82, 0x1082, 0xffdf, 0x001f, 
  0xffdf, 0x1082, 0xa0c3, 0xffdf, 0xa0c3, 0x1082, 0x1082, 0x1082, 0x1082, 0x1082, 0x1082, 0x1082, 0x1082, 0x1082, 0x1082, 0x1082, 
  0x1082, 0x1082, 0x1082, 0xa0c3, 0xa0c3, 0xa0c3, 0x1082, 0xffdf, 0x001f, 0xffdf, 0x1082, 0x2b82, 0xffdf, 0x1082, 0x1082, 0x1082, 
  0x1082, 0x1082, 0xfd8f, 0xfd8f, 0xfd8f, 0xfd8f, 0x1082, 0x1082, 0x1082, 0x1082, 0x1082, 0x2b82, 0x2b82, 0x1082, 0xffdf, 0x001f, 
  0x001f, 0x1082, 0xa0c3, 0xffdf, 0x1082, 0x1082, 0x1082, 0x1082, 0x1082, 0xfd8f, 0xfd8f, 0xfd8f, 0xfd8f, 0xfd8f, 0xfd8f, 0x1082, 
  0x1082, 0x1082, 0x1082, 0x1082, 0xa0c3, 0xa0c3, 0x1082, 0x001f, 0xffdf, 0x001f, 0x1082, 0x2b82, 0xffdf, 0x1082, 0x1082, 0x1082, 
  0xfd8f, 0xfd8f, 0x1082, 0xfd8f, 0xfd8f, 0x1082, 0xfd8f, 0xfd8f, 0x1082, 0x1082, 0x1082, 0x1082, 0x2b82, 0x1082, 0x001f, 0xffdf, 
  0x001f, 0x1082, 0xa0c3, 0x1082, 0x1082, 0xfd8f, 0x1082, 0xfd8f, 0xfd8f, 0x1082, 0xfd8f, 0xfd8f, 0xfd8f, 0xfd8f, 0x1082, 0xfd8f, 
  0xfd8f, 0x1082, 0xfd8f, 0x1082, 0x1082, 0xa0c3, 0x1082, 0x001f, 0xffdf, 0x001f, 0x1082, 0x1082, 0x1082, 0xfd8f, 0x1082, 0xfd8f, 
  0xffff, 0xffff, 0xfd8f, 0xfd8f, 0xfd8f, 0xfd8f, 0xffff, 0xffff, 0xfd8f, 0x1082, 0xfd8f, 0x1082, 0x1082, 0x1082, 0x001f, 0xffdf, 
  0x001f, 0x1082, 0x1082, 0x1082, 0x1082, 0xfd8f, 0xfd8f, 0xfd8f, 0xffdf, 0xffdf, 0xfd8f, 0xfd8f, 0xfd8f, 0xfd8f, 0xffdf, 0xffdf, 
  0xfd8f, 0xfd8f, 0xfd8f, 0x1082, 0x1082, 0x1082, 0x1082, 0x001f, 0xffdf, 0x001f, 0x001f, 0x1082, 0x1082, 0xfd8f, 0xfd8f, 0xffff, 
  0xffff, 0x161d, 0xffff, 0xfd8f, 0xfd8f, 0xffff, 0x161d, 0xffff, 0xffff, 0xfd8f, 0xfd8f, 0x1082, 0x1082, 0x001f, 0x001f, 0xffdf, 
  0x001f, 0x001f, 0x1082, 0xca80, 0x1082, 0xfd8f, 0xfd8f, 0xffdf, 0xffdf, 0x161d, 0xffdf, 0xfd8f, 0xfd8f, 0xffdf, 0x161d, 0xffdf, 
  0xffdf, 0xfd8f, 0xfd8f, 0x1082, 0xca80, 0x1082, 0x001f, 0x001f, 0xffdf, 0x001f, 0x1082, 0xca80, 0x1082, 0xfd8f, 0xfd8f, 0xffff, 
  0x161d, 0x1082, 0x161d, 0xfd8f, 0xfd8f, 0x161d, 0x1082, 0x161d, 0xffff, 0xfd8f, 0xfd8f, 0x1082, 0xca80, 0x1082, 0x001f, 0xffdf, 
  0x001f, 0x1082, 0x1082, 0xca80, 0x1082, 0xfd8f, 0xfd8f, 0xffdf, 0x161d, 0x1082, 0x161d, 0xfd8f, 0xfd8f, 0x161d, 0x1082, 0x161d, 
  0xffdf, 0xfd8f, 0xfd8f, 0x1082, 0xca80, 0x1082, 0x1082, 0x001f, 0xffdf, 0x1082, 0xfd8f, 0x1082, 0xca80, 0x1082, 0xfd8f, 0xffff, 
  0x161d, 0xffff, 0x1082, 0x1082, 0x1082, 0x1082, 0xffff, 0x161d, 0xffff, 0xfd8f, 0x1082, 0xca80, 0x1082, 0xfd8f, 0x1082, 0xffdf, 
  0x1082, 0xfd8f, 0x1082, 0x1082, 0xfd8f, 0xfd8f, 0xfd8f, 0xffdf, 0x161d, 0xffdf, 0x161d, 0xfd8f, 0xfd8f, 0x161d, 0xffdf, 0x161d, 
  0xffdf, 0xfd8f, 0xfd8f, 0xfd8f, 0x1082, 0x1082, 0xfd8f, 0x1082, 0xffdf, 0x1082, 0xfd8f, 0x1082, 0xca80, 0x1082, 0xfd8f, 0xffff, 
  0x161d, 0x1082, 0xfd8f, 0xfd8f, 0xfd8f, 0xfd8f, 0x1082, 0x161d, 0xffff, 0xfd8f, 0x1082, 0xca80, 0x1082, 0xfd8f, 0x1082, 0xffdf, 
  0x1082, 0xfd8f, 0xfd8f, 0x1082, 0xfd8f, 0xfd8f, 0xfd8f, 0xffdf, 0x161d, 0x1082, 0x1082, 0x1082, 0x1082, 0x1082, 0x1082, 0x161d, 
  0xffdf, 0xfd8f, 0xfd8f, 0xfd8f, 0x1082, 0xfd8f, 0xfd8f, 0x1082, 0x001f, 0xffdf, 0xfd8f, 0xfd8f, 0x1082, 0x1082, 0x1082, 0xfd8f, 
  0x1082, 0xfd8f, 0xfd8f, 0xfd8f, 0xfd8f, 0xfd8f, 0xfd8f, 0x1082, 0xfd8f, 0x1082, 0x1082, 0x1082, 0xfd8f, 0xfd8f, 0xffdf, 0x001f, 
  0xffdf, 0xfd8f, 0xfd8f, 0xfd8f, 0xfd8f, 0xfd8f, 0x1082, 0xfd8f, 0xffdf, 0x1082, 0xfd8f, 0xfd8f, 0xfd8f, 0xfd8f, 0x1082, 0xffdf, 
  0xfd8f, 0x1082, 0xfd8f, 0xfd8f, 0xfd8f, 0xfd8f, 0xfd8f, 0xffdf, 0x001f, 0xffdf, 0x1082, 0xfd8f, 0xfd8f, 0x1082, 0x1082, 0x1082, 
  0x1082, 0xfd8f, 0xfd8f, 0xfd8f, 0xfd8f, 0xfd8f, 0xfd8f, 0x1082, 0x1082, 0x1082, 0x1082, 0xfd8f, 0xfd8f, 0x1082, 0xffdf, 0x001f, 
  0xffdf, 0x1082, 0xfd8f, 0x1082, 0xfd8f, 0x1082, 0x1082, 0x1082, 0x1082, 0xfd8f, 0xfd8f, 0xfd8f, 0xfd8f, 0xfd8f, 0xfd8f, 0x1082, 
  0x1082, 0x1082, 0x1082, 0xfd8f, 0x1082, 0xfd8f, 0x1082, 0xffdf, 0x001f, 0xffdf, 0x001f, 0x1082, 0x1082, 0x1082, 0x1082, 0x1082, 
  0x1082, 0x1082, 0xfd8f, 0xfd8f, 0xfd8f, 0xfd8f, 0x1082, 0x1082, 0x1082, 0x1082, 0x1082, 0x1082, 0x1082, 0x001f, 0xffdf, 0x001f, 
  0xffdf, 0x001f, 0x1082, 0x1082, 0xfd8f, 0x1082, 0x1082, 0x1082, 0x1082, 0xfd8f, 0xfd8f, 0xfd8f, 0xfd8f, 0xfd8f, 0xfd8f, 0x1082, 
  0x1082, 0x1082, 0x1082, 0xfd8f, 0x1082, 0x1082, 0x001f, 0xffdf, 0x001f, 0x001f, 0xffdf, 0x001f, 0x001f, 0x1082, 0xfd8f, 0x1082, 
  0x1082, 0x1082, 0x1082, 0x1082, 0x1082, 0x1082, 0x1082, 0x1082, 0x1082, 0xfd8f, 0x1082, 0x001f, 0x001f, 0xffdf, 0x001f, 0x001f, 
  0x001f, 0xffdf, 0x001f, 0x1082, 0xfd8f, 0xfd8f, 0x1082, 0x1082, 0x1082, 0x1082, 0xfd8f, 0xfd8f, 0xfd8f, 0xfd8f, 0x1082, 0x1082, 
  0x1082, 0x1082, 0xfd8f, 0xfd8f, 0x1082, 0x001f, 0xffdf, 0x001f, 0x001f, 0x001f, 0xffdf, 0x001f, 0x001f, 0x001f, 0x1082, 0xfd8f, 
  0x1082, 0x1082, 0x1082, 0xfd8f, 0xfd8f, 0x1082, 0x1082, 0x1082, 0xfd8f, 0x1082, 0x001f, 0x001f, 0x001f, 0xffdf, 0x001f, 0x001f, 
  0x001f, 0xffdf, 0x001f, 0x001f, 0x1082, 0xfd8f, 0xfd8f, 0x1082, 0x1082, 0x1082, 0x1082, 0x1082, 0x1082, 0x1082, 0x1082, 0x1082, 
  0x1082, 0xfd8f, 0xfd8f, 0x1082, 0x001f, 0x001f, 0xffdf, 0x001f, 0x001f, 0x001f, 0x001f, 0xffdf, 0x001f, 0x001f, 0x001f, 0x1082, 
  0xfd8f, 0xfd8f, 0xfd8f, 0xfd8f, 0xfd8f, 0xfd8f, 0xfd8f, 0xfd8f, 0x1082, 0x001f, 0x001f, 0x001f, 0xffdf, 0x001f, 0x001f, 0x001f, 
  0x001f, 0x001f, 0xffdf, 0x001f, 0x001f, 0x1082, 0xfd8f, 0xfd8f, 0xfd8f, 0x1082, 0x1082, 0xfd8f, 0xfd8f, 0x1082, 0x1082, 0xfd8f, 
  0xfd8f, 0xfd8f, 0x1082, 0x001f, 0x001f, 0xffdf, 0x001f, 0x001f, 0x001f, 0x001f, 0x001f, 0x001f, 0xffdf, 0xffdf, 0x1082, 0x1082, 
  0x1082, 0xfd8f, 0xfd8f, 0xfd8f, 0xfd8f, 0xfd8f, 0xfd8f, 0x1082, 0x1082, 0x1082, 0xffdf, 0xffdf, 0x001f, 0x001f, 0x001f, 0x001f, 
  0x001f, 0x001f, 0x001f, 0xffdf, 0xffdf, 0xad55, 0x1082, 0x1082, 0xfd8f, 0xfd8f, 0xfd8f, 0xfd8f, 0xfd8f, 0xfd8f, 0xfd8f, 0xfd8f, 
  0x1082, 0x1082, 0x001f, 0xffdf, 0xffdf, 0x001f, 0x001f, 0x001f, 0x001f, 0x001f, 0x001f, 0x001f, 0x001f, 0x1082, 0xffdf, 0xffdf, 
  0xffdf, 0x1082, 0xfd8f, 0xfd8f, 0xfd8f, 0xfd8f, 0x1082, 0xffdf, 0xffdf, 0xffdf, 0x1082, 0x001f, 0x001f, 0x001f, 0x001f, 0x001f, 
  0x001f, 0x001f, 0x001f, 0x1082, 0xad55, 0xffdf, 0xffdf, 0xffdf, 0x1082, 0x1082, 0xfd8f, 0xfd8f, 0xfd8f, 0xfd8f, 0x1082, 0x1082, 
  0xffdf, 0xffdf, 0xffdf, 0xad55, 0x1082, 0x001f, 0x001f, 0x001f, 0x001f, 0x001f, 0x001f, 0x001f, 0x1082, 0xad55, 0xad55, 0xffdf, 
  0xffdf, 0xad55, 0x1082, 0xffdf, 0xffdf, 0x1082, 0xad55, 0xffdf, 0xffdf, 0xad55, 0xad55, 0x1082, 0x001f, 0x001f, 0x001f, 0x001f
};


/*

// 'SPACE_STAR', 32x16px
const uint16_t SPACE_STAR [] PROGMEM = {
  0x001f, 0x001f, 0x001f, 0x001f, 0x001f, 0x001f, 0x001f, 0x1082, 0x1082, 0x001f, 0x001f, 0x001f, 0x001f, 0x001f, 0x001f, 0x001f, 
  0x001f, 0x001f, 0x001f, 0x001f, 0x001f, 0x001f, 0x001f, 0x1082, 0x1082, 0x001f, 0x001f, 0x001f, 0x001f, 0x001f, 0x001f, 0x001f, 
  0x001f, 0x001f, 0x001f, 0x001f, 0x001f, 0x001f, 0x1082, 0xfd80, 0xfd80, 0x1082, 0x001f, 0x001f, 0x001f, 0x001f, 0x001f, 0x001f, 
  0x001f, 0x001f, 0x001f, 0x001f, 0x001f, 0x001f, 0x1082, 0xff43, 0xff43, 0x1082, 0x001f, 0x001f, 0x001f, 0x001f, 0x001f, 0x001f, 
  0x001f, 0x001f, 0x001f, 0x001f, 0x001f, 0x001f, 0x1082, 0xfd80, 0xfd80, 0x1082, 0x001f, 0x001f, 0x001f, 0x001f, 0x001f, 0x001f, 
  0x001f, 0x001f, 0x001f, 0x001f, 0x001f, 0x001f, 0x1082, 0xff43, 0xff43, 0x1082, 0x001f, 0x001f, 0x001f, 0x001f, 0x001f, 0x001f, 
  0x001f, 0x001f, 0x001f, 0x001f, 0x001f, 0x1082, 0xfd80, 0xff43, 0xff43, 0xfd80, 0x1082, 0x001f, 0x001f, 0x001f, 0x001f, 0x001f, 
  0x001f, 0x001f, 0x001f, 0x001f, 0x001f, 0x1082, 0xff43, 0xff43, 0xff43, 0xff43, 0x1082, 0x001f, 0x001f, 0x001f, 0x001f, 0x001f, 
  0x001f, 0x001f, 0x001f, 0x001f, 0x001f, 0x1082, 0xfd80, 0xff43, 0xff43, 0xfd80, 0x1082, 0x001f, 0x001f, 0x001f, 0x001f, 0x001f, 
  0x001f, 0x001f, 0x001f, 0x001f, 0x001f, 0x1082, 0xff43, 0xff43, 0xff43, 0xff43, 0x1082, 0x001f, 0x001f, 0x001f, 0x001f, 0x001f, 
  0x1082, 0x1082, 0x1082, 0x1082, 0x1082, 0xfd80, 0xff43, 0xff43, 0xff43, 0xff43, 0xfd80, 0x1082, 0x1082, 0x1082, 0x1082, 0x1082, 
  0x1082, 0x1082, 0x1082, 0x1082, 0x1082, 0xff43, 0xff43, 0xff43, 0xff43, 0xff43, 0xff43, 0x1082, 0x1082, 0x1082, 0x1082, 0x1082, 
  0x1082, 0xff43, 0xff43, 0xff43, 0xff43, 0xff43, 0xff43, 0xff43, 0xff43, 0xff43, 0xff43, 0xff43, 0xff43, 0xff43, 0xff43, 0x1082, 
  0x1082, 0xff43, 0xff43, 0xff43, 0xff43, 0xff43, 0xff43, 0xff43, 0xff43, 0xff43, 0xff43, 0xff43, 0xff43, 0xff43, 0xff43, 0x1082, 
  0x001f, 0x1082, 0xfd80, 0xff43, 0xff43, 0xff43, 0x1082, 0xff43, 0xff43, 0x1082, 0xff43, 0xff43, 0xff43, 0xfd80, 0x1082, 0x001f, 
  0x001f, 0x1082, 0xff43, 0xff43, 0xff43, 0xff43, 0x0000, 0xff43, 0xff43, 0x0000, 0xff43, 0xff43, 0xff43, 0xff43, 0x1082, 0x001f, 
  0x001f, 0x001f, 0x1082, 0xfd80, 0xff43, 0xff43, 0x1082, 0xff43, 0xff43, 0x1082, 0xff43, 0xff43, 0xfd80, 0x1082, 0x001f, 0x001f, 
  0x001f, 0x001f, 0x1082, 0xff43, 0xff43, 0xff43, 0x1082, 0xff43, 0xff43, 0x1082, 0xff43, 0xff43, 0xff43, 0x1082, 0x001f, 0x001f, 
  0x001f, 0x001f, 0x001f, 0x1082, 0xfd80, 0xff43, 0x1082, 0xff43, 0xff43, 0x1082, 0xff43, 0xfd80, 0x1082, 0x001f, 0x001f, 0x001f, 
  0x001f, 0x001f, 0x001f, 0x1082, 0xff43, 0xff43, 0x1082, 0xff43, 0xff43, 0x1082, 0xff43, 0xff43, 0x1082, 0x001f, 0x001f, 0x001f, 
  0x001f, 0x001f, 0x001f, 0x1082, 0xfd80, 0xff43, 0xff43, 0xff43, 0xff43, 0xff43, 0xff43, 0xfd80, 0x1082, 0x001f, 0x001f, 0x001f, 
  0x001f, 0x001f, 0x001f, 0x1082, 0xff43, 0xff43, 0xff43, 0xff43, 0xff43, 0xff43, 0xff43, 0xff43, 0x1082, 0x001f, 0x001f, 0x001f, 
  0x001f, 0x001f, 0x1082, 0xfd80, 0xff43, 0xff43, 0xff43, 0xfd80, 0xfd80, 0xff43, 0xff43, 0xff43, 0xfd80, 0x1082, 0x001f, 0x001f, 
  0x001f, 0x001f, 0x1082, 0xff43, 0xff43, 0xff43, 0xff43, 0xff43, 0xff43, 0xff43, 0xff43, 0xff43, 0xff43, 0x1082, 0x001f, 0x001f, 
  0x001f, 0x001f, 0x1082, 0xfd80, 0xff43, 0xfd80, 0xfd80, 0x1082, 0x1082, 0xfd80, 0xfd80, 0xff43, 0xfd80, 0x1082, 0x001f, 0x001f, 
  0x001f, 0x001f, 0x1082, 0xff43, 0xff43, 0xff43, 0xff43, 0x1082, 0x1082, 0xff43, 0xff43, 0xff43, 0xff43, 0x1082, 0x001f, 0x001f, 
  0x001f, 0x1082, 0xfd80, 0xfd80, 0xfd80, 0x1082, 0x1082, 0x001f, 0x001f, 0x1082, 0x1082, 0xfd80, 0xfd80, 0xfd80, 0x1082, 0x001f, 
  0x001f, 0x1082, 0xff43, 0xff43, 0xff43, 0x1082, 0x1082, 0x001f, 0x001f, 0x1082, 0x1082, 0xff43, 0xff43, 0xff43, 0x1082, 0x001f, 
  0x001f, 0x1082, 0xfd80, 0x1082, 0x1082, 0x001f, 0x001f, 0x001f, 0x001f, 0x001f, 0x001f, 0x1082, 0x1082, 0xfd80, 0x1082, 0x001f, 
  0x001f, 0x1082, 0xff43, 0x1082, 0x1082, 0x001f, 0x001f, 0x001f, 0x001f, 0x001f, 0x001f, 0x1082, 0x1082, 0xff43, 0x1082, 0x001f, 
  0x001f, 0x1082, 0x1082, 0x001f, 0x001f, 0x001f, 0x001f, 0x001f, 0x001f, 0x001f, 0x001f, 0x001f, 0x001f, 0x1082, 0x1082, 0x001f, 
  0x001f, 0x1082, 0x1082, 0x001f, 0x001f, 0x001f, 0x001f, 0x001f, 0x001f, 0x001f, 0x001f, 0x001f, 0x001f, 0x1082, 0x1082, 0x001f
};

*/


// 'SPACE_STAR2', 16x8px
const uint16_t SPACE_STAR [] PROGMEM = {
  0x001f, 0x001f, 0x001f, 0xf5e0, 0xffe0, 0x001f, 0x001f, 0x001f, 0x001f, 0x001f, 0x001f, 0xf5e0, 0xffff, 0x001f, 0x001f, 0x001f, 
  0x001f, 0x001f, 0x9180, 0xffe0, 0xffe0, 0x9180, 0x001f, 0x001f, 0x001f, 0x001f, 0xf5e0, 0xffff, 0xffff, 0xf5e0, 0x001f, 0x001f, 
  0xf5e0, 0xf5e0, 0xffe0, 0xffff, 0xffe0, 0xffe0, 0xf5e0, 0xf5e0, 0xffe0, 0xffe0, 0xffff, 0xffff, 0xffff, 0xffff, 0xffe0, 0xffe0, 
  0x9180, 0xf5e0, 0xffff, 0xffff, 0xffff, 0xffe0, 0xf5e0, 0x9180, 0xf5e0, 0xffe0, 0xffff, 0xffff, 0xffff, 0xffff, 0xffe0, 0xf5e0, 
  0x001f, 0x9180, 0xffe0, 0xffe0, 0xffe0, 0xffe0, 0x9180, 0x001f, 0x001f, 0xf5e0, 0xffff, 0xffff, 0xffff, 0xffff, 0xf5e0, 0x001f, 
  0x001f, 0xc340, 0xffe0, 0xffe0, 0xf5e0, 0xffe0, 0xc340, 0x001f, 0x001f, 0xf5e0, 0xffff, 0xffff, 0xffe0, 0xffff, 0xf5e0, 0x001f, 
  0x001f, 0xf5e0, 0xffe0, 0x9180, 0xc340, 0xffe0, 0xf5e0, 0x001f, 0x001f, 0xffe0, 0xffff, 0xf5e0, 0xc340, 0xffff, 0xffe0, 0x001f, 
  0x001f, 0xf5e0, 0x9180, 0x001f, 0x001f, 0x9180, 0xf5e0, 0x001f, 0x001f, 0xffe0, 0xf5e0, 0x001f, 0x001f, 0xf5e0, 0xffe0, 0x001f
};



// 'SPACE_ROCKET', 64x48px
const uint16_t SPACE_ROCKET [] PROGMEM = {
  0x001f, 0x001f, 0x001f, 0x001f, 0x001f, 0x001f, 0x001f, 0x001f, 0x001f, 0x001f, 0x001f, 0x001f, 0x001f, 0x001f, 0x001f, 0x001f, 
  0x001f, 0x001f, 0x001f, 0x001f, 0x001f, 0x001f, 0x001f, 0x001f, 0x001f, 0x001f, 0x001f, 0x001f, 0x001f, 0x001f, 0x0000, 0x0000, 
  0x0000, 0x0000, 0x001f, 0x001f, 0x001f, 0x001f, 0x001f, 0x001f, 0x001f, 0x001f, 0x001f, 0x001f, 0x001f, 0x001f, 0x001f, 0x001f, 
  0x001f, 0x001f, 0x001f, 0x001f, 0x001f, 0x001f, 0x001f, 0x001f, 0x001f, 0x001f, 0x001f, 0x001f, 0x001f, 0x001f, 0x001f, 0x001f, 
  0x001f, 0x001f, 0x001f, 0x001f, 0x001f, 0x001f, 0x001f, 0x001f, 0x001f, 0x001f, 0x001f, 0x001f, 0x001f, 0x001f, 0x001f, 0x001f, 
  0x001f, 0x001f, 0x001f, 0x001f, 0x001f, 0x001f, 0x001f, 0x001f, 0x001f, 0x001f, 0x001f, 0x001f, 0x0000, 0x0000, 0xc184, 0xd69a, 
  0xd69a, 0xc184, 0x0000, 0x0000, 0x001f, 0x001f, 0x001f, 0x001f, 0x001f, 0x001f, 0x001f, 0x001f, 0x001f, 0x001f, 0x001f, 0x001f, 
  0x001f, 0x001f, 0x001f, 0x001f, 0x001f, 0x001f, 0x001f, 0x001f, 0x001f, 0x001f, 0x001f, 0x001f, 0x001f, 0x001f, 0x001f, 0x001f, 
  0x001f, 0x001f, 0x001f, 0x001f, 0x001f, 0x001f, 0x001f, 0x001f, 0x001f, 0x001f, 0x001f, 0x001f, 0x001f, 0x001f, 0x001f, 0x001f, 
  0x001f, 0x001f, 0x001f, 0x001f, 0x001f, 0x001f, 0x001f, 0x001f, 0x001f, 0x001f, 0x0000, 0x0000, 0xa100, 0xc184, 0xc184, 0xc184, 
  0xc184, 0xc184, 0xc184, 0xa100, 0x0000, 0x0000, 0x001f, 0x001f, 0x001f, 0x001f, 0x001f, 0x001f, 0x001f, 0x001f, 0x001f, 0x001f, 
  0x001f, 0x001f, 0x001f, 0x001f, 0x001f, 0x001f, 0x001f, 0x001f, 0x001f, 0x001f, 0x001f, 0x001f, 0x001f, 0x001f, 0x001f, 0x001f, 
  0x001f, 0x001f, 0x001f, 0x001f, 0x001f, 0x001f, 0x001f, 0x001f, 0x001f, 0x001f, 0x001f, 0x001f, 0x001f, 0x001f, 0x001f, 0x001f, 
  0x001f, 0x001f, 0x001f, 0x001f, 0x001f, 0x001f, 0x001f, 0x001f, 0x001f, 0x0000, 0xa100, 0xa100, 0xa100, 0xc184, 0xc184, 0xc184, 
  0xc184, 0xc184, 0xc184, 0xa100, 0xa100, 0xa100, 0x0000, 0x001f, 0x001f, 0x001f, 0x001f, 0x001f, 0x001f, 0x001f, 0x001f, 0x001f, 
  0x001f, 0x001f, 0x001f, 0x001f, 0x001f, 0x001f, 0x001f, 0x001f, 0x001f, 0x001f, 0x001f, 0x001f, 0x001f, 0x001f, 0x001f, 0x001f, 
  0x001f, 0x001f, 0x001f, 0x001f, 0x001f, 0x001f, 0x001f, 0x001f, 0x001f, 0x001f, 0x001f, 0x001f, 0x001f, 0x001f, 0x001f, 0x001f, 
  0x001f, 0x001f, 0x001f, 0x001f, 0x001f, 0x001f, 0x001f, 0x001f, 0x0000, 0xa100, 0xa100, 0xa100, 0xa100, 0xa100, 0xc184, 0xc184, 
  0xc184, 0xc184, 0xa100, 0xa100, 0xa100, 0xa100, 0xa100, 0x0000, 0x001f, 0x001f, 0x001f, 0x001f, 0x001f, 0x001f, 0x001f, 0x001f, 
  0x001f, 0x001f, 0x001f, 0x001f, 0x001f, 0x001f, 0x001f, 0x001f, 0x001f, 0x001f, 0x001f, 0x001f, 0x001f, 0x001f, 0x001f, 0x001f, 
  0x001f, 0x001f, 0x001f, 0x001f, 0x001f, 0x001f, 0x001f, 0x001f, 0x001f, 0x001f, 0x001f, 0x001f, 0x001f, 0x001f, 0x001f, 0x001f, 
  0x001f, 0x001f, 0x001f, 0x001f, 0x001f, 0x001f, 0x001f, 0x0000, 0x8184, 0xa100, 0xa100, 0xa100, 0xa100, 0xa100, 0xa100, 0xa100, 
  0xa100, 0xa100, 0xa100, 0xa100, 0xa100, 0xa100, 0xa100, 0x8184, 0x0000, 0x001f, 0x001f, 0x001f, 0x001f, 0x001f, 0x001f, 0x001f, 
  0x001f, 0x001f, 0x001f, 0x001f, 0x001f, 0x001f, 0x001f, 0x001f, 0x001f, 0x001f, 0x001f, 0x001f, 0x001f, 0x001f, 0x001f, 0x001f, 
  0x001f, 0x001f, 0x001f, 0x001f, 0x001f, 0x001f, 0x001f, 0x001f, 0x001f, 0x001f, 0x001f, 0x001f, 0x001f, 0x001f, 0x001f, 0x001f, 
  0x001f, 0x001f, 0x001f, 0x001f, 0x001f, 0x001f, 0x001f, 0x0000, 0x8184, 0x8184, 0xa100, 0xa100, 0xa100, 0xa100, 0xa100, 0xa100, 
  0xa100, 0xa100, 0xa100, 0xa100, 0xa100, 0xa100, 0x8184, 0x8184, 0x0000, 0x001f, 0x001f, 0x001f, 0x001f, 0x001f, 0x001f, 0x001f, 
  0x001f, 0x001f, 0x001f, 0x001f, 0x001f, 0x001f, 0x001f, 0x001f, 0x001f, 0x001f, 0x001f, 0x001f, 0x001f, 0x001f, 0x001f, 0x001f, 
  0x001f, 0x001f, 0x001f, 0x001f, 0x001f, 0x001f, 0x001f, 0x001f, 0x001f, 0x001f, 0x001f, 0x001f, 0x001f, 0x001f, 0x001f, 0x001f, 
  0x001f, 0x001f, 0x001f, 0x001f, 0x001f, 0x001f, 0x0000, 0x8184, 0x8184, 0x8184, 0x8184, 0xa100, 0xa100, 0xa100, 0xa100, 0xa100, 
  0xa100, 0xa100, 0xa100, 0xa100, 0xa100, 0x8184, 0x8184, 0x8184, 0x8184, 0x0000, 0x001f, 0x001f, 0x001f, 0x001f, 0x001f, 0x001f, 
  0x001f, 0x001f, 0x001f, 0x001f, 0x001f, 0x001f, 0x001f, 0x001f, 0x001f, 0x001f, 0x001f, 0x001f, 0x001f, 0x001f, 0x001f, 0x001f, 
  0x001f, 0x001f, 0x001f, 0x001f, 0x001f, 0x001f, 0x001f, 0x001f, 0x001f, 0x001f, 0x001f, 0x001f, 0x001f, 0x001f, 0x001f, 0x001f, 
  0x001f, 0x001f, 0x001f, 0x001f, 0x001f, 0x0000, 0x0000, 0x3186, 0x3186, 0x3186, 0x3186, 0x3186, 0x3186, 0xa100, 0xa100, 0xa100, 
  0xa100, 0xa100, 0xa100, 0x3186, 0x3186, 0x3186, 0x3186, 0x3186, 0x3186, 0x0000, 0x0000, 0x001f, 0x001f, 0x001f, 0x001f, 0x001f, 
  0x001f, 0x001f, 0x001f, 0x001f, 0x001f, 0x001f, 0x001f, 0x001f, 0x001f, 0x001f, 0x001f, 0x001f, 0x001f, 0x001f, 0x001f, 0x001f, 
  0x001f, 0x001f, 0x001f, 0x001f, 0x001f, 0x001f, 0x001f, 0x001f, 0x001f, 0x001f, 0x001f, 0x001f, 0x001f, 0x001f, 0x001f, 0x001f, 
  0x001f, 0x001f, 0x001f, 0x001f, 0x0000, 0xd69a, 0xd69a, 0xd69a, 0xd69a, 0xd69a, 0xd69a, 0xd69a, 0xd69a, 0xd69a, 0x3186, 0x3186, 
  0x3186, 0x3186, 0xd69a, 0xd69a, 0xd69a, 0xd69a, 0xd69a, 0xd69a, 0xd69a, 0xd69a, 0xd69a, 0x0000, 0x001f, 0x001f, 0x001f, 0x001f, 
  0x001f, 0x001f, 0x001f, 0x001f, 0x001f, 0x001f, 0x001f, 0x001f, 0x001f, 0x001f, 0x001f, 0x001f, 0x001f, 0x001f, 0x001f, 0x001f, 
  0x001f, 0x001f, 0x001f, 0x001f, 0x001f, 0x001f, 0x001f, 0x001f, 0x001f, 0x001f, 0x001f, 0x001f, 0x001f, 0x001f, 0x001f, 0x001f, 
  0x001f, 0x001f, 0x001f, 0x0000, 0xb596, 0xb596, 0xb596, 0xb596, 0xd69a, 0xd69a, 0xd69a, 0xd69a, 0xd69a, 0xd69a, 0xd69a, 0xd69a, 
  0xd69a, 0xd69a, 0xd69a, 0xd69a, 0xd69a, 0xd69a, 0xd69a, 0xd69a, 0xb596, 0xb596, 0xb596, 0xb596, 0x0000, 0x001f, 0x001f, 0x001f, 
  0x001f, 0x001f, 0x001f, 0x001f, 0x001f, 0x001f, 0x001f, 0x001f, 0x001f, 0x001f, 0x001f, 0x001f, 0x001f, 0x001f, 0x001f, 0x001f, 
  0x001f, 0x001f, 0x001f, 0x001f, 0x001f, 0x001f, 0x001f, 0x001f, 0x001f, 0x001f, 0x001f, 0x001f, 0x001f, 0x001f, 0x001f, 0x001f, 
  0x001f, 0x001f, 0x0000, 0xb596, 0xb596, 0x0000, 0xb596, 0xd69a, 0xd69a, 0xd69a, 0x0000, 0xd69a, 0xd69a, 0xd69a, 0xd69a, 0xd69a, 
  0xd69a, 0xd69a, 0xd69a, 0xd69a, 0xd69a, 0x0000, 0xd69a, 0xd69a, 0xd69a, 0xb596, 0x0000, 0xb596, 0xb596, 0x0000, 0x001f, 0x001f, 
  0x001f, 0x001f, 0x001f, 0x001f, 0x001f, 0x001f, 0x001f, 0x001f, 0x001f, 0x001f, 0x001f, 0x001f, 0x001f, 0x001f, 0x001f, 0x001f, 
  0x001f, 0x001f, 0x001f, 0x001f, 0x001f, 0x001f, 0x001f, 0x001f, 0x001f, 0x001f, 0x001f, 0x001f, 0x001f, 0x001f, 0x001f, 0x001f, 
  0x001f, 0x001f, 0x0000, 0xb596, 0xb596, 0xb596, 0xb596, 0xd69a, 0xd69a, 0xd69a, 0xd69a, 0xd69a, 0xd69a, 0xd69a, 0xd69a, 0xd69a, 
  0xd69a, 0xd69a, 0xd69a, 0xd69a, 0xd69a, 0xd69a, 0xd69a, 0xd69a, 0xd69a, 0xb596, 0xb596, 0xb596, 0xb596, 0x0000, 0x001f, 0x001f, 
  0x001f, 0x001f, 0x001f, 0x001f, 0x001f, 0x001f, 0x001f, 0x001f, 0x001f, 0x001f, 0x001f, 0x001f, 0x001f, 0x001f, 0x001f, 0x001f, 
  0x001f, 0x001f, 0x001f, 0x001f, 0x001f, 0x001f, 0x001f, 0x001f, 0x001f, 0x001f, 0x001f, 0x001f, 0x001f, 0x001f, 0x001f, 0x001f, 
  0x001f, 0x0000, 0xb596, 0xb596, 0xb596, 0xb596, 0xb596, 0xd69a, 0xd69a, 0xd69a, 0xd69a, 0xd69a, 0x0000, 0x0000, 0x0000, 0x0000, 
  0x0000, 0x0000, 0x0000, 0x0000, 0xd69a, 0xd69a, 0xd69a, 0xd69a, 0xd69a, 0xb596, 0xb596, 0xb596, 0xb596, 0xb596, 0x0000, 0x001f, 
  0x001f, 0x001f, 0x001f, 0x001f, 0x001f, 0x001f, 0x001f, 0x001f, 0x001f, 0x001f, 0x001f, 0x001f, 0x001f, 0x001f, 0x001f, 0x001f, 
  0x001f, 0x001f, 0x001f, 0x001f, 0x001f, 0x001f, 0x001f, 0x001f, 0x001f, 0x001f, 0x001f, 0x001f, 0x001f, 0x001f, 0x001f, 0x001f, 
  0x001f, 0x0000, 0xb596, 0xb596, 0xb596, 0xb596, 0xd69a, 0xd69a, 0xd69a, 0xd69a, 0xd69a, 0x0000, 0x0000, 0xd69a, 0xd69a, 0xd69a, 
  0xd69a, 0xd69a, 0xd69a, 0x0000, 0x0000, 0xd69a, 0xd69a, 0xd69a, 0xd69a, 0xd69a, 0xb596, 0xb596, 0xb596, 0xb596, 0x0000, 0x001f, 
  0x001f, 0x001f, 0x001f, 0x001f, 0x001f, 0x001f, 0x001f, 0x001f, 0x001f, 0x001f, 0x001f, 0x001f, 0x001f, 0x001f, 0x001f, 0x001f, 
  0x001f, 0x001f, 0x001f, 0x001f, 0x001f, 0x001f, 0x001f, 0x001f, 0x001f, 0x001f, 0x001f, 0x001f, 0x001f, 0x001f, 0x001f, 0x001f, 
  0x0000, 0xb596, 0xb596, 0xb596, 0xb596, 0xb596, 0xd69a, 0xd69a, 0xd69a, 0xd69a, 0x0000, 0xd69a, 0xd69a, 0x318c, 0x318c, 0x318c, 
  0x318c, 0x318c, 0x318c, 0xd69a, 0xd69a, 0x0000, 0xd69a, 0xd69a, 0xd69a, 0xd69a, 0xb596, 0xb596, 0xb596, 0xb596, 0xb596, 0x0000, 
  0x001f, 0x001f, 0x001f, 0x001f, 0x001f, 0x001f, 0x001f, 0x001f, 0x001f, 0x001f, 0x001f, 0x001f, 0x001f, 0x001f, 0x001f, 0x001f, 
  0x001f, 0x001f, 0x001f, 0x001f, 0x001f, 0x001f, 0x001f, 0x001f, 0x001f, 0x001f, 0x001f, 0x001f, 0x001f, 0x001f, 0x001f, 0x001f, 
  0x0000, 0xb596, 0xb596, 0xb596, 0xb596, 0xb596, 0xd69a, 0xd69a, 0xd69a, 0x0000, 0xd69a, 0x318c, 0x318c, 0x318c, 0x318c, 0xd69a, 
  0xd69a, 0x318c, 0x318c, 0x318c, 0x318c, 0xd69a, 0x0000, 0xd69a, 0xd69a, 0xd69a, 0xb596, 0xb596, 0xb596, 0xb596, 0xb596, 0x0000, 
  0x001f, 0x001f, 0x001f, 0x001f, 0x001f, 0x001f, 0x001f, 0x001f, 0x001f, 0x001f, 0x001f, 0x001f, 0x001f, 0x001f, 0x001f, 0x001f, 
  0x001f, 0x001f, 0x001f, 0x001f, 0x001f, 0x001f, 0x001f, 0x001f, 0x001f, 0x001f, 0x001f, 0x001f, 0x001f, 0x001f, 0x001f, 0x0000, 
  0x0000, 0x9492, 0xb596, 0xb596, 0xb596, 0xd69a, 0xd69a, 0xd69a, 0x0000, 0xd69a, 0x318c, 0x318c, 0x318c, 0x318c, 0x318c, 0x318c, 
  0x318c, 0x318c, 0x318c, 0x318c, 0x318c, 0x318c, 0xd69a, 0x0000, 0xd69a, 0xd69a, 0xd69a, 0xb596, 0xb596, 0xb596, 0x9492, 0x0000, 
  0x0000, 0x001f, 0x001f, 0x001f, 0x001f, 0x001f, 0x001f, 0x001f, 0x001f, 0x001f, 0x001f, 0x001f, 0x001f, 0x001f, 0x001f, 0x001f, 
  0x001f, 0x001f, 0x001f, 0x001f, 0x001f, 0x001f, 0x001f, 0x001f, 0x001f, 0x001f, 0x001f, 0x001f, 0x001f, 0x001f, 0x001f, 0x0000, 
  0x9492, 0x9492, 0xb596, 0xb596, 0xb596, 0xd69a, 0xd69a, 0xd69a, 0x0000, 0xd69a, 0x318c, 0x318c, 0x318c, 0x318c, 0x3194, 0x3194, 
  0x3194, 0x3194, 0x318c, 0x318c, 0x318c, 0x318c, 0xd69a, 0x0000, 0xd69a, 0xd69a, 0xd69a, 0xb596, 0xb596, 0xb596, 0x9492, 0x9492, 
  0x0000, 0x001f, 0x001f, 0x001f, 0x001f, 0x001f, 0x001f, 0x001f, 0x001f, 0x001f, 0x001f, 0x001f, 0x001f, 0x001f, 0x001f, 0x001f, 
  0x001f, 0x001f, 0x001f, 0x001f, 0x001f, 0x001f, 0x001f, 0x001f, 0x001f, 0x001f, 0x001f, 0x001f, 0x001f, 0x001f, 0x001f, 0x0000, 
  0x9492, 0x9492, 0xb596, 0xb596, 0xb596, 0xd69a, 0xd69a, 0x0000, 0xd69a, 0x318c, 0x318c, 0x318c, 0x3194, 0x3194, 0x3194, 0x3194, 
  0x3194, 0x3194, 0x3194, 0x3194, 0x318c, 0x318c, 0x318c, 0xd69a, 0x0000, 0xd69a, 0xd69a, 0xb596, 0xb596, 0xb596, 0x9492, 0x9492, 
  0x0000, 0x001f, 0x001f, 0x001f, 0x001f, 0x001f, 0x001f, 0x001f, 0x001f, 0x001f, 0x001f, 0x001f, 0x001f, 0x001f, 0x001f, 0x001f, 
  0x001f, 0x001f, 0x001f, 0x001f, 0x001f, 0x001f, 0x001f, 0x001f, 0x001f, 0x001f, 0x001f, 0x001f, 0x001f, 0x001f, 0x001f, 0x0000, 
  0x9492, 0x9492, 0xb596, 0xb596, 0xb596, 0xd69a, 0xd69a, 0x0000, 0xd69a, 0x318c, 0x318c, 0x3194, 0x3194, 0x3194, 0x3194, 0x3194, 
  0x3194, 0x3194, 0x3194, 0x3194, 0x3194, 0x318c, 0x318c, 0xd69a, 0x0000, 0xd69a, 0xd69a, 0xb596, 0xb596, 0xb596, 0x9492, 0x9492, 
  0x0000, 0x001f, 0x001f, 0x001f, 0x001f, 0x001f, 0x001f, 0x001f, 0x001f, 0x001f, 0x001f, 0x001f, 0x001f, 0x001f, 0x001f, 0x001f, 
  0x001f, 0x001f, 0x001f, 0x001f, 0x001f, 0x001f, 0x001f, 0x001f, 0x001f, 0x001f, 0x001f, 0x001f, 0x001f, 0x001f, 0x001f, 0x0000, 
  0x9492, 0x9492, 0xb596, 0xb596, 0xb596, 0xd69a, 0xd69a, 0x0000, 0xd69a, 0x318c, 0x318c, 0x3194, 0x3194, 0x3194, 0x3194, 0x3194, 
  0x3194, 0x3194, 0x3194, 0x3194, 0x3194, 0x318c, 0x318c, 0xd69a, 0x0000, 0xd69a, 0xd69a, 0xb596, 0xb596, 0xb596, 0x9492, 0x9492, 
  0x0000, 0x001f, 0x001f, 0x001f, 0x001f, 0x001f, 0x001f, 0x001f, 0x001f, 0x001f, 0x001f, 0x001f, 0x001f, 0x001f, 0x001f, 0x001f, 
  0x001f, 0x001f, 0x001f, 0x001f, 0x001f, 0x001f, 0x001f, 0x001f, 0x001f, 0x001f, 0x001f, 0x001f, 0x001f, 0x001f, 0x001f, 0x0000, 
  0x0000, 0x0000, 0x0000, 0x0000, 0xb596, 0xd69a, 0xd69a, 0xd69a, 0x0000, 0xd69a, 0x3194, 0x3194, 0x3194, 0x3194, 0x3194, 0x3194, 
  0x3194, 0x3194, 0x3194, 0x3194, 0x3194, 0x3194, 0xd69a, 0x0000, 0xd69a, 0xd69a, 0xd69a, 0xb596, 0x0000, 0x0000, 0x0000, 0x0000, 
  0x0000, 0x001f, 0x001f, 0x001f, 0x001f, 0x001f, 0x001f, 0x001f, 0x001f, 0x001f, 0x001f, 0x001f, 0x001f, 0x001f, 0x001f, 0x001f, 
  0x001f, 0x001f, 0x001f, 0x001f, 0x001f, 0x001f, 0x001f, 0x001f, 0x001f, 0x001f, 0x001f, 0x001f, 0x001f, 0x001f, 0x0000, 0xd69a, 
  0xd69a, 0xd69a, 0xd69a, 0xd69a, 0x0000, 0xb596, 0xd69a, 0xd69a, 0x0000, 0xd69a, 0x3194, 0x3194, 0x3194, 0x3194, 0x3194, 0x3194, 
  0x3194, 0x3194, 0x3194, 0x3194, 0x3194, 0x3194, 0xd69a, 0x0000, 0xd69a, 0xd69a, 0xb596, 0x0000, 0xd69a, 0xd69a, 0xd69a, 0xd69a, 
  0xd69a, 0x0000, 0x001f, 0x001f, 0x001f, 0x001f, 0x001f, 0x001f, 0x001f, 0x001f, 0x001f, 0x001f, 0x001f, 0x001f, 0x001f, 0x001f, 
  0x001f, 0x001f, 0x001f, 0x001f, 0x001f, 0x001f, 0x001f, 0x001f, 0x001f, 0x001f, 0x001f, 0x001f, 0x001f, 0x001f, 0x0000, 0x9492, 
  0x738e, 0x9492, 0x0000, 0xd69a, 0x0000, 0xb596, 0xd69a, 0xd69a, 0xd69a, 0x0000, 0xd69a, 0x3194, 0x3194, 0x3194, 0x3194, 0x3194, 
  0x3194, 0x3194, 0x3194, 0x3194, 0x3194, 0xd69a, 0x0000, 0xd69a, 0xd69a, 0xd69a, 0xb596, 0x0000, 0xd69a, 0x0000, 0x9492, 0x738e, 
  0x9492, 0x0000, 0x001f, 0x001f, 0x001f, 0x001f, 0x001f, 0x001f, 0x001f, 0x001f, 0x001f, 0x001f, 0x001f, 0x001f, 0x001f, 0x001f, 
  0x001f, 0x001f, 0x001f, 0x001f, 0x001f, 0x001f, 0x001f, 0x001f, 0x001f, 0x001f, 0x001f, 0x001f, 0x001f, 0x001f, 0x0000, 0x9492, 
  0x738e, 0x9492, 0x9492, 0xd69a, 0x0000, 0xb596, 0xb596, 0xd69a, 0xd69a, 0xd69a, 0x0000, 0xd69a, 0xd69a, 0x3194, 0x3194, 0x3194, 
  0x3194, 0x3194, 0x3194, 0xd69a, 0xd69a, 0x0000, 0xd69a, 0xd69a, 0xd69a, 0xb596, 0xb596, 0x0000, 0xd69a, 0x9492, 0x9492, 0x738e, 
  0x9492, 0x0000, 0x001f, 0x001f, 0x001f, 0x001f, 0x001f, 0x001f, 0x001f, 0x001f, 0x001f, 0x001f, 0x001f, 0x001f, 0x001f, 0x001f, 
  0x001f, 0x001f, 0x001f, 0x001f, 0x001f, 0x001f, 0x001f, 0x001f, 0x001f, 0x001f, 0x001f, 0x001f, 0x001f, 0x001f, 0x0000, 0x9492, 
  0x738e, 0x9492, 0x9492, 0xd69a, 0x0000, 0x9492, 0xb596, 0xd69a, 0xd69a, 0xd69a, 0xd69a, 0x0000, 0x0000, 0xd69a, 0xd69a, 0xd69a, 
  0xd69a, 0xd69a, 0xd69a, 0x0000, 0x0000, 0xd69a, 0xd69a, 0xd69a, 0xd69a, 0xb596, 0x9492, 0x0000, 0xd69a, 0x9492, 0x9492, 0x738e, 
  0x9492, 0x0000, 0x001f, 0x001f, 0x001f, 0x001f, 0x001f, 0x001f, 0x001f, 0x001f, 0x001f, 0x001f, 0x001f, 0x001f, 0x001f, 0x001f, 
  0x001f, 0x001f, 0x001f, 0x001f, 0x001f, 0x001f, 0x001f, 0x001f, 0x001f, 0x001f, 0x001f, 0x001f, 0x001f, 0x001f, 0x0000, 0x9492, 
  0x738e, 0x9492, 0x9492, 0xd69a, 0x0000, 0x9492, 0xb596, 0xb596, 0xd69a, 0xd69a, 0xd69a, 0xd69a, 0xd69a, 0x0000, 0x0000, 0x0000, 
  0x0000, 0x0000, 0x0000, 0xd69a, 0xd69a, 0xd69a, 0xd69a, 0xd69a, 0xb596, 0xb596, 0x9492, 0x0000, 0xd69a, 0x9492, 0x9492, 0x738e, 
  0x9492, 0x0000, 0x001f, 0x001f, 0x001f, 0x001f, 0x001f, 0x001f, 0x001f, 0x001f, 0x001f, 0x001f, 0x001f, 0x001f, 0x001f, 0x001f, 
  0x001f, 0x001f, 0x001f, 0x001f, 0x001f, 0x001f, 0x001f, 0x001f, 0x001f, 0x001f, 0x001f, 0x001f, 0x001f, 0x001f, 0x0000, 0x9492, 
  0x738e, 0x738e, 0x9492, 0xd69a, 0x0000, 0x9492, 0xb596, 0xb596, 0xd69a, 0xd69a, 0xd69a, 0xd69a, 0xd69a, 0xd69a, 0xd69a, 0xd69a, 
  0xd69a, 0xd69a, 0xd69a, 0xd69a, 0xd69a, 0xd69a, 0xd69a, 0xd69a, 0xb596, 0xb596, 0x9492, 0x0000, 0xd69a, 0x9492, 0x738e, 0x738e, 
  0x9492, 0x0000, 0x001f, 0x001f, 0x001f, 0x001f, 0x001f, 0x001f, 0x001f, 0x001f, 0x001f, 0x001f, 0x001f, 0x001f, 0x001f, 0x001f, 
  0x001f, 0x001f, 0x001f, 0x001f, 0x001f, 0x0000, 0x0000, 0x0000, 0x0000, 0x0000, 0x001f, 0x001f, 0x001f, 0x001f, 0x0000, 0xd69a, 
  0x528a, 0x738e, 0x9492, 0xd69a, 0x0000, 0x9492, 0xb596, 0xb596, 0xb596, 0xb596, 0xd69a, 0xd69a, 0xd69a, 0xd69a, 0x0000, 0xd69a, 
  0xd69a, 0x0000, 0xd69a, 0xd69a, 0xd69a, 0xd69a, 0xb596, 0xb596, 0xb596, 0xb596, 0x9492, 0x0000, 0xd69a, 0x9492, 0x738e, 0x528a, 
  0xd69a, 0x0000, 0x001f, 0x001f, 0x001f, 0x001f, 0x0000, 0x0000, 0x0000, 0x0000, 0x0000, 0x001f, 0x001f, 0x001f, 0x001f, 0x001f, 
  0x001f, 0x001f, 0x001f, 0x001f, 0x0000, 0xd69a, 0xd69a, 0xc184, 0xa100, 0x8184, 0x0000, 0x001f, 0x001f, 0x001f, 0x0000, 0xd69a, 
  0x528a, 0x738e, 0x9492, 0xd69a, 0x0000, 0x9492, 0x9492, 0xb596, 0xb596, 0xb596, 0xb596, 0xb596, 0xb596, 0xd69a, 0xd69a, 0xd69a, 
  0xd69a, 0xd69a, 0xd69a, 0xb596, 0xb596, 0xb596, 0xb596, 0xb596, 0xb596, 0x9492, 0x9492, 0x0000, 0xd69a, 0x9492, 0x738e, 0x528a, 
  0xd69a, 0x0000, 0x001f, 0x001f, 0x001f, 0x0000, 0x8184, 0xa100, 0xc184, 0xd69a, 0xd69a, 0x0000, 0x001f, 0x001f, 0x001f, 0x001f, 
  0x001f, 0x001f, 0x001f, 0x001f, 0x0000, 0xc184, 0xc184, 0xa100, 0x8184, 0x8184, 0x0000, 0x001f, 0x001f, 0x0000, 0xd69a, 0x9492, 
  0x528a, 0x528a, 0x738e, 0xd69a, 0x0000, 0x9492, 0x9492, 0xb596, 0xb596, 0xb596, 0xb596, 0xb596, 0xb596, 0xb596, 0xb596, 0xb596, 
  0xb596, 0xb596, 0xb596, 0xb596, 0xb596, 0xb596, 0xb596, 0xb596, 0xb596, 0x9492, 0x9492, 0x0000, 0xd69a, 0x738e, 0x528a, 0x528a, 
  0x9492, 0xd69a, 0x0000, 0x001f, 0x001f, 0x0000, 0x8184, 0x8184, 0xa100, 0xc184, 0xc184, 0x0000, 0x001f, 0x001f, 0x001f, 0x001f, 
  0x001f, 0x001f, 0x001f, 0x0000, 0xd69a, 0xd69a, 0xd69a, 0xd69a, 0xd69a, 0xd69a, 0xd69a, 0x0000, 0x001f, 0x0000, 0xd69a, 0x738e, 
  0x528a, 0x528a, 0x738e, 0xd69a, 0x0000, 0x738e, 0x9492, 0x9492, 0xb596, 0xb596, 0xb596, 0xb596, 0xb596, 0xb596, 0xb596, 0xb596, 
  0xb596, 0xb596, 0xb596, 0xb596, 0xb596, 0xb596, 0xb596, 0xb596, 0x9492, 0x9492, 0x738e, 0x0000, 0xd69a, 0x738e, 0x528a, 0x528a, 
  0x738e, 0xd69a, 0x0000, 0x001f, 0x0000, 0xd69a, 0xd69a, 0xd69a, 0xd69a, 0xd69a, 0xd69a, 0xd69a, 0x0000, 0x001f, 0x001f, 0x001f, 
  0x001f, 0x001f, 0x001f, 0x0000, 0xd69a, 0xd69a, 0xd69a, 0xb596, 0x9492, 0x9492, 0xd69a, 0x0000, 0x0000, 0xd69a, 0x9492, 0x738e, 
  0x528a, 0x528a, 0x528a, 0xd69a, 0x0000, 0x738e, 0x9492, 0x9492, 0x9492, 0xb596, 0xb596, 0xb596, 0xb596, 0xb596, 0xb596, 0xb596, 
  0xb596, 0xb596, 0xb596, 0xb596, 0xb596, 0xb596, 0xb596, 0x9492, 0x9492, 0x9492, 0x738e, 0x0000, 0xd69a, 0x528a, 0x528a, 0x528a, 
  0x738e, 0x9492, 0xd69a, 0x0000, 0x0000, 0xd69a, 0x9492, 0x9492, 0xb596, 0xd69a, 0xd69a, 0xd69a, 0x0000, 0x001f, 0x001f, 0x001f, 
  0x001f, 0x001f, 0x001f, 0x0000, 0xd69a, 0x0000, 0xd69a, 0xb596, 0x9492, 0x9492, 0xd69a, 0x0000, 0xd69a, 0x9492, 0x9492, 0x738e, 
  0x528a, 0x528a, 0x528a, 0x738e, 0xd69a, 0x0000, 0x738e, 0x9492, 0x9492, 0x9492, 0x9492, 0x9492, 0xb596, 0xb596, 0xb596, 0xb596, 
  0xb596, 0xb596, 0xb596, 0xb596, 0x9492, 0x9492, 0x9492, 0x9492, 0x9492, 0x738e, 0x0000, 0xd69a, 0x738e, 0x528a, 0x528a, 0x528a, 
  0x738e, 0x9492, 0x9492, 0xd69a, 0x0000, 0xd69a, 0x9492, 0x9492, 0xb596, 0xd69a, 0x0000, 0xd69a, 0x0000, 0x001f, 0x001f, 0x001f, 
  0x001f, 0x001f, 0x001f, 0x0000, 0xd69a, 0xd69a, 0xd69a, 0xb596, 0x9492, 0x9492, 0xd69a, 0x0000, 0x738e, 0x9492, 0x9492, 0x738e, 
  0x738e, 0x528a, 0x528a, 0x738e, 0xd69a, 0x0000, 0x738e, 0x9492, 0x9492, 0x9492, 0x9492, 0x9492, 0x9492, 0x9492, 0x9492, 0x9492, 
  0x9492, 0x9492, 0x9492, 0x9492, 0x9492, 0x9492, 0x9492, 0x9492, 0x9492, 0x738e, 0x0000, 0xd69a, 0x738e, 0x528a, 0x528a, 0x738e, 
  0x738e, 0x9492, 0x9492, 0x738e, 0x0000, 0xd69a, 0x9492, 0x9492, 0xb596, 0xd69a, 0xd69a, 0xd69a, 0x0000, 0x001f, 0x001f, 0x001f, 
  0x001f, 0x001f, 0x001f, 0x0000, 0xd69a, 0xd69a, 0xd69a, 0xb596, 0x9492, 0x9492, 0xd69a, 0x0000, 0x738e, 0x9492, 0x9492, 0x738e, 
  0x738e, 0x528a, 0x528a, 0x738e, 0xd69a, 0x0000, 0x738e, 0x738e, 0x738e, 0x738e, 0x738e, 0x738e, 0x738e, 0x738e, 0x738e, 0x738e, 
  0x738e, 0x738e, 0x738e, 0x738e, 0x738e, 0x738e, 0x738e, 0x738e, 0x738e, 0x738e, 0x0000, 0xd69a, 0x738e, 0x528a, 0x528a, 0x738e, 
  0x738e, 0x9492, 0x9492, 0x738e, 0x0000, 0xd69a, 0x9492, 0x9492, 0xb596, 0xd69a, 0xd69a, 0xd69a, 0x0000, 0x001f, 0x001f, 0x001f, 
  0x001f, 0x001f, 0x001f, 0x0000, 0xd69a, 0xd69a, 0xd69a, 0xb596, 0x9492, 0x9492, 0xd69a, 0x0000, 0x738e, 0x9492, 0x9492, 0x738e, 
  0x738e, 0x528a, 0x528a, 0x0000, 0x738e, 0xd69a, 0x0000, 0x0000, 0x0000, 0x0000, 0x0000, 0x0000, 0x0000, 0x0000, 0x0000, 0x0000, 
  0x0000, 0x0000, 0x0000, 0x0000, 0x0000, 0x0000, 0x0000, 0x0000, 0x0000, 0x0000, 0xd69a, 0x738e, 0x0000, 0x528a, 0x528a, 0x738e, 
  0x738e, 0x9492, 0x9492, 0x738e, 0x0000, 0xd69a, 0x9492, 0x9492, 0xb596, 0xd69a, 0xd69a, 0xd69a, 0x0000, 0x001f, 0x001f, 0x001f, 
  0x001f, 0x001f, 0x001f, 0x0000, 0xd69a, 0x0000, 0xd69a, 0xb596, 0x9492, 0x9492, 0xd69a, 0x0000, 0x738e, 0x9492, 0x9492, 0x738e, 
  0x0000, 0x0000, 0x528a, 0x528a, 0x738e, 0xd69a, 0x0000, 0xd69a, 0x0000, 0x9492, 0x9492, 0xb596, 0xd69a, 0x0000, 0xd69a, 0xb596, 
  0xb596, 0xd69a, 0x0000, 0xd69a, 0xb596, 0x9492, 0x9492, 0x0000, 0xd69a, 0x0000, 0xd69a, 0x738e, 0x528a, 0x528a, 0x0000, 0x0000, 
  0x738e, 0x9492, 0x9492, 0x738e, 0x0000, 0xd69a, 0x9492, 0x9492, 0xb596, 0xd69a, 0x0000, 0xd69a, 0x0000, 0x001f, 0x001f, 0x001f, 
  0x001f, 0x001f, 0x001f, 0x0000, 0xd69a, 0xd69a, 0xd69a, 0xb596, 0x9492, 0x9492, 0xd69a, 0x0000, 0x738e, 0x9492, 0x738e, 0x0000, 
  0x001f, 0x001f, 0x0000, 0x0000, 0x0000, 0x0000, 0x0000, 0xd69a, 0x0000, 0x9492, 0x9492, 0xb596, 0xd69a, 0x0000, 0xd69a, 0xb596, 
  0xb596, 0xd69a, 0x0000, 0xd69a, 0xb596, 0x9492, 0x9492, 0x0000, 0xd69a, 0x0000, 0x0000, 0x0000, 0x0000, 0x0000, 0x001f, 0x001f, 
  0x0000, 0x738e, 0x9492, 0x738e, 0x0000, 0xd69a, 0x9492, 0x9492, 0xb596, 0xd69a, 0xd69a, 0xd69a, 0x0000, 0x001f, 0x001f, 0x001f, 
  0x001f, 0x001f, 0x001f, 0x0000, 0xd69a, 0xd69a, 0xd69a, 0xb596, 0x9492, 0x9492, 0xd69a, 0x0000, 0x738e, 0x738e, 0x0000, 0x001f, 
  0x001f, 0x001f, 0x001f, 0x0000, 0xd69a, 0x0000, 0x738e, 0xd69a, 0x0000, 0x9492, 0x9492, 0xb596, 0xd69a, 0x0000, 0xd69a, 0xb596, 
  0xb596, 0xd69a, 0x0000, 0xd69a, 0xb596, 0x9492, 0x9492, 0x0000, 0xd69a, 0x738e, 0x0000, 0xd69a, 0x0000, 0x001f, 0x001f, 0x001f, 
  0x001f, 0x0000, 0x738e, 0x738e, 0x0000, 0xd69a, 0x9492, 0x9492, 0xb596, 0xd69a, 0xd69a, 0xd69a, 0x0000, 0x001f, 0x001f, 0x001f, 
  0x001f, 0x001f, 0x001f, 0x0000, 0xd69a, 0xd69a, 0xd69a, 0xb596, 0x9492, 0x9492, 0xd69a, 0x0000, 0x738e, 0x0000, 0x001f, 0x001f, 
  0x001f, 0x001f, 0x001f, 0x0000, 0xd69a, 0x0000, 0x738e, 0xd69a, 0x0000, 0x9492, 0x9492, 0xb596, 0xd69a, 0x0000, 0xd69a, 0xb596, 
  0xb596, 0xd69a, 0x0000, 0xd69a, 0xb596, 0x9492, 0x9492, 0x0000, 0xd69a, 0x738e, 0x0000, 0xd69a, 0x0000, 0x001f, 0x001f, 0x001f, 
  0x001f, 0x001f, 0x0000, 0x738e, 0x0000, 0xd69a, 0x9492, 0x9492, 0xb596, 0xd69a, 0xd69a, 0xd69a, 0x0000, 0x001f, 0x001f, 0x001f, 
  0x001f, 0x001f, 0x0000, 0xc184, 0xc184, 0xc184, 0xc184, 0xc184, 0xc184, 0xc184, 0xc184, 0xc184, 0x0000, 0x001f, 0x001f, 0x001f, 
  0x001f, 0x001f, 0x001f, 0x001f, 0x0000, 0x0000, 0x0000, 0x0000, 0x0000, 0x0000, 0x0000, 0x0000, 0x0000, 0x0000, 0x0000, 0x0000, 
  0x0000, 0x0000, 0x0000, 0x0000, 0x0000, 0x0000, 0x0000, 0x0000, 0x0000, 0x0000, 0x0000, 0x0000, 0x001f, 0x001f, 0x001f, 0x001f, 
  0x001f, 0x001f, 0x001f, 0x0000, 0xc184, 0xc184, 0xc184, 0xc184, 0xc184, 0xc184, 0xc184, 0xc184, 0xc184, 0x0000, 0x001f, 0x001f, 
  0x001f, 0x001f, 0x0000, 0xc184, 0xa100, 0xa100, 0xa100, 0xa100, 0x8184, 0x8184, 0xc184, 0xc184, 0x0000, 0x001f, 0x001f, 0x001f, 
  0x001f, 0x001f, 0x001f, 0x001f, 0x001f, 0x001f, 0x001f, 0x001f, 0x001f, 0x001f, 0x0000, 0xc184, 0xa100, 0xa100, 0x8184, 0x8184, 
  0x8184, 0x8184, 0xa100, 0xa100, 0xc184, 0x0000, 0x001f, 0x001f, 0x001f, 0x001f, 0x001f, 0x001f, 0x001f, 0x001f, 0x001f, 0x001f, 
  0x001f, 0x001f, 0x001f, 0x0000, 0xc184, 0xc184, 0x8184, 0x8184, 0xa100, 0xa100, 0xa100, 0xa100, 0xc184, 0x0000, 0x001f, 0x001f, 
  0x001f, 0x001f, 0x0000, 0xc184, 0xa100, 0xa100, 0xa100, 0xa100, 0x8184, 0x8184, 0xc184, 0xc184, 0x0000, 0x001f, 0x001f, 0x001f, 
  0x001f, 0x001f, 0x001f, 0x001f, 0x001f, 0x001f, 0x001f, 0x001f, 0x001f, 0x001f, 0x0000, 0xc184, 0xa100, 0xa100, 0x8184, 0x8184, 
  0x8184, 0x8184, 0xa100, 0xa100, 0xc184, 0x0000, 0x001f, 0x001f, 0x001f, 0x001f, 0x001f, 0x001f, 0x001f, 0x001f, 0x001f, 0x001f, 
  0x001f, 0x001f, 0x001f, 0x0000, 0xc184, 0xc184, 0x8184, 0x8184, 0xa100, 0xa100, 0xa100, 0xa100, 0xc184, 0x0000, 0x001f, 0x001f, 
  0x001f, 0x001f, 0x0000, 0xc184, 0xa100, 0xa100, 0xa100, 0xa100, 0x8184, 0x8184, 0xc184, 0xc184, 0x0000, 0x001f, 0x001f, 0x001f, 
  0x001f, 0x001f, 0x001f, 0x001f, 0x001f, 0x001f, 0x001f, 0x001f, 0x001f, 0x001f, 0x0000, 0xc184, 0xa100, 0xa100, 0x8184, 0x8184, 
  0x8184, 0x8184, 0xa100, 0xa100, 0xc184, 0x0000, 0x001f, 0x001f, 0x001f, 0x001f, 0x001f, 0x001f, 0x001f, 0x001f, 0x001f, 0x001f, 
  0x001f, 0x001f, 0x001f, 0x0000, 0xc184, 0xc184, 0x8184, 0x8184, 0xa100, 0xa100, 0xa100, 0xa100, 0xc184, 0x0000, 0x001f, 0x001f, 
  0x001f, 0x001f, 0x001f, 0x0000, 0xb596, 0x0000, 0xb596, 0x9492, 0x738e, 0x0000, 0x9492, 0x0000, 0x001f, 0x001f, 0x001f, 0x001f, 
  0x001f, 0x001f, 0x001f, 0x001f, 0x001f, 0x001f, 0x001f, 0x001f, 0x001f, 0x001f, 0x001f, 0x0000, 0x9492, 0x0000, 0x528a, 0x528a, 
  0x528a, 0x528a, 0x0000, 0x9492, 0x0000, 0x001f, 0x001f, 0x001f, 0x001f, 0x001f, 0x001f, 0x001f, 0x001f, 0x001f, 0x001f, 0x001f, 
  0x001f, 0x001f, 0x001f, 0x001f, 0x0000, 0x9492, 0x0000, 0x738e, 0x9492, 0xb596, 0x0000, 0xb596, 0x0000, 0x001f, 0x001f, 0x001f, 
  0x001f, 0x001f, 0x001f, 0x001f, 0x0000, 0x0000, 0x0000, 0x0000, 0x0000, 0x0000, 0x0000, 0x001f, 0x001f, 0x001f, 0x001f, 0x001f, 
  0x001f, 0x001f, 0x001f, 0x001f, 0x001f, 0x001f, 0x001f, 0x001f, 0x001f, 0x001f, 0x001f, 0x001f, 0x0000, 0x0000, 0x0000, 0x0000, 
  0x0000, 0x0000, 0x0000, 0x0000, 0x001f, 0x001f, 0x001f, 0x001f, 0x001f, 0x001f, 0x001f, 0x001f, 0x001f, 0x001f, 0x001f, 0x001f, 
  0x001f, 0x001f, 0x001f, 0x001f, 0x001f, 0x0000, 0x0000, 0x0000, 0x0000, 0x0000, 0x0000, 0x0000, 0x001f, 0x001f, 0x001f, 0x001f
};
